P2Be2Cd1_a2c1c2_sg139_ascaled,-4.001579185,0
P2Ca2Ba1_a2c1c2_sg139_cscaled,-4.29039162,0
P2Zn2Cd1_a2c1c2_sg139_ascaled,-2.90739359,0
P2Cd3Cd3_a2c1c2_sg139_bscaled,-2.641355535,0
P2Mg2Hg1_a2c1c2_sg139_ascaled,-3.210014202,0
As2Yb1Be2_a2c1c2_sg164_ascaled,-4.299781102,0
As2Be1Yb2_a2c1c2_sg164_cscaled,-3.992241539,0
As2Yb1Mg2_a2c1c2_sg164_bscaled,-3.734936084,0
As2Sr1Yb2_a2c1c2_sg164_bscaled,-3.964033501,0
Sb2Mg1Be2_a2c1c2_sg164_ascaled,-3.40435436,0
Sb2Ca1Sr2_a2c1c2_sg164_ascaled,-3.692814176,0
Sb2Zn1Hg2_a2c1c2_sg164_ascaled,-1.904209295,0
Sb2Hg1Mn2_a2c1c2_sg164_cscaled,-3.175652247,0
Sb2Be3Be3_a2c1c2_sg164_cscaled,-3.533872909,0
Bi2Ca2Yb1_a2c1c2_sg139_ascaled,-3.411016613,0
Bi2Hg2Yb1_a2c1c2_sg139_ascaled,-2.216716159,0
Bi2Hg1Mn2_a2c1c2_sg164_bscaled,-3.534648402,0
Bi2Sr1Ca2_a2c1c2_sg164_cscaled,-3.639750439,0
Bi2Mn1Be2_a2c1c2_sg164_bscaled,-4.017554579,0
Bi2Zn1Cd2_a2c1c2_sg164_cscaled,-2.135681445,0
mp-13,0,0