Bi2Mg3Mg3_a2c1c2_sg139_cscaled,-2.666247809
P2Be2Cd1_a2c1c2_sg139_ascaled,-4.001579185
P2Ca2Ba1_a2c1c2_sg139_cscaled,-4.29039162
P2Zn2Cd1_a2c1c2_sg139_ascaled,-2.90739359
P2Cd3Cd3_a2c1c2_sg139_bscaled,-2.641355535
Sb2Be2Sr1_a2c1c2_sg139_ascaled,-3.73689484
P2Mg2Hg1_a2c1c2_sg139_ascaled,-3.210014202
As2Be2Ba1_a2c1c2_sg139_bscaled,-4.346811068
Bi2Ca2Hg1_a2c1c2_sg139_cscaled,-2.764678802
Bi2Sr2Ba1_a2c1c2_sg139_cscaled,-3.365889296
Sb2Zn2Cd1_a2c1c2_sg139_ascaled,-2.276597874
Sb2Ca3Ca3_a2c1c2_sg139_cscaled,-3.592275994
As2Sr2Zn1_a2c1c2_sg139_cscaled,-3.197136631
As2Ca2Ba1_a2c1c2_sg139_cscaled,-4.053901239
Bi2Mn2Cd1_a2c1c2_sg139_ascaled,-3.507494452
P2Hg2Mn1_a2c1c2_sg139_bscaled,-3.225912721
As2Mg3Mg3_a2c1c2_sg139_bscaled,-3.299162301
Sb2Mg2Ca1_a2c1c2_sg139_ascaled,-3.251023176
As2Be2Ca1_a2c1c2_sg139_bscaled,-4.303632389
Sb2Ba2Sr1_a2c1c2_sg139_ascaled,-3.654294444
Bi2Mn2Ba1_a2c1c2_sg139_cscaled,-4.032506016
Sb2Cd2Mg1_a2c1c2_sg139_bscaled,-2.365082719
As2Zn2Sr1_a2c1c2_sg139_ascaled,-3.294904216
Sb2Mn2Be1_a2c1c2_sg139_bscaled,-4.075532483
P2Zn2Mg1_a2c1c2_sg139_cscaled,-3.195634406
Sb2Mn2Sr1_a2c1c2_sg139_ascaled,-4.224397052
As2Zn2Ba1_a2c1c2_sg139_bscaled,-3.393882069
Sb2Mg3Mg3_a2c1c2_sg139_cscaled,-2.822790805
As2Be2Ba1_a2c1c2_sg139_ascaled,-4.34681107
As2Cd2Zn1_a2c1c2_sg139_bscaled,-2.469002895
Bi2Ca2Mg1_a2c1c2_sg139_bscaled,-3.296164789
Bi2Ba2Mg1_a2c1c2_sg139_ascaled,-3.376005061
Sb2Zn2Sr1_a2c1c2_sg139_cscaled,-2.923294321
As2Zn2Sr1_a2c1c2_sg139_cscaled,-3.297038575
P2Cd2Mn1_a2c1c2_sg139_bscaled,-3.554367321
Sb2Mg2Mn1_a2c1c2_sg139_cscaled,-3.331990281
P2Mg2Sr1_a2c1c2_sg139_ascaled,-3.963528337
Sb2Cd3Cd3_a2c1c2_sg139_ascaled,-2.146670261
P2Ca2Be1_a2c1c2_sg139_ascaled,-4.167621239
Sb2Ca2Sr1_a2c1c2_sg139_bscaled,-3.692898341
P2Mg2Ca1_a2c1c2_sg139_bscaled,-3.938926812
Bi2Ba2Mn1_a2c1c2_sg139_bscaled,-3.627459189
As2Cd2Be1_a2c1c2_sg139_ascaled,-2.867481163
As2Be2Sr1_a2c1c2_sg139_ascaled,-4.285360564
P2Sr2Cd1_a2c1c2_sg139_ascaled,-3.698628078
Sb2Cd2Hg1_a2c1c2_sg139_cscaled,-2.051854422
Bi2Zn2Mg1_a2c1c2_sg139_ascaled,-2.371546647
Bi2Sr2Cd1_a2c1c2_sg139_bscaled,-3.026429112
Bi2Mg2Zn1_a2c1c2_sg139_bscaled,-2.510790884
Sb2Cd2Be1_a2c1c2_sg139_bscaled,-2.550831514
Sb2Cd2Ca1_a2c1c2_sg139_cscaled,-2.718295357
As2Zn2Be1_a2c1c2_sg139_bscaled,-3.054446229
Bi2Sr3Sr3_a2c1c2_sg139_bscaled,-3.212548151
P2Zn2Hg1_a2c1c2_sg139_cscaled,-2.761905554
Sb2Hg2Ba1_a2c1c2_sg139_cscaled,-2.520651452
P2Be2Mn1_a2c1c2_sg139_ascaled,-4.911212659
Sb2Hg2Mn1_a2c1c2_sg139_ascaled,-2.730214559
P2Hg2Mn1_a2c1c2_sg139_ascaled,-3.278628438
Sb2Mn2Mg1_a2c1c2_sg139_bscaled,-3.925462627
Bi2Cd2Ba1_a2c1c2_sg139_ascaled,-2.751326204
Bi2Cd2Ca1_a2c1c2_sg139_cscaled,-2.619180581
As2Mn2Cd1_a2c1c2_sg139_cscaled,-4.114996098
Bi2Hg2Ca1_a2c1c2_sg139_bscaled,-2.315654912
Sb2Mg2Ba1_a2c1c2_sg139_cscaled,-3.389157471
Bi2Mg2Be1_a2c1c2_sg139_bscaled,-2.80327996
As2Cd2Mn1_a2c1c2_sg139_ascaled,-3.322171951
P2Hg2Mg1_a2c1c2_sg139_bscaled,-2.602117221
Sb2Mg2Be1_a2c1c2_sg139_ascaled,-3.099011732
Sb2Ba2Be1_a2c1c2_sg139_bscaled,-3.8112174
Bi2Mn2Sr1_a2c1c2_sg139_bscaled,-3.956646991
Bi2Mg2Ba1_a2c1c2_sg139_bscaled,-3.209054428
Sb2Cd2Ca1_a2c1c2_sg139_ascaled,-2.709695252
P2Cd2Ba1_a2c1c2_sg139_bscaled,-3.405105286
As2Ca2Sr1_a2c1c2_sg139_cscaled,-4.076750482
P2Zn2Hg1_a2c1c2_sg139_bscaled,-2.785060609
As2Sr2Mg1_a2c1c2_sg139_bscaled,-3.663146249
As2Mg2Zn1_a2c1c2_sg139_bscaled,-2.9570213
Sb2Sr2Cd1_a2c1c2_sg139_cscaled,-3.200432513
As2Sr2Be1_a2c1c2_sg139_ascaled,-4.105526128
As2Be2Ca1_a2c1c2_sg139_ascaled,-4.303632386
Sb2Cd2Mn1_a2c1c2_sg139_cscaled,-2.889601515
P2Sr3Sr3_a2c1c2_sg139_cscaled,-3.802975444
As2Mg2Be1_a2c1c2_sg139_ascaled,-3.030390169
As2Sr2Mg1_a2c1c2_sg139_cscaled,-3.314874614
Bi2Mg3Mg3_a2c1c2_sg139_ascaled,-2.677100155
Sb2Be3Be3_a2c1c2_sg139_cscaled,-3.494002744
As2Mn2Be1_a2c1c2_sg139_cscaled,-4.800308743
P2Mn2Zn1_a2c1c2_sg139_ascaled,-4.675913003
P2Ca3Ca3_a2c1c2_sg139_bscaled,-4.403855987
As2Ba2Be1_a2c1c2_sg139_cscaled,-4.116789386
Sb2Hg3Hg3_a2c1c2_sg139_ascaled,-1.767194254
As2Mn3Mn3_a2c1c2_sg139_bscaled,-5.023712192
As2Ba2Hg1_a2c1c2_sg139_bscaled,-3.521109263
Sb2Zn2Be1_a2c1c2_sg139_bscaled,-2.566129816
Bi2Mn2Hg1_a2c1c2_sg139_bscaled,-3.435190162
P2Be2Hg1_a2c1c2_sg139_ascaled,-3.869790703
Sb2Mg2Be1_a2c1c2_sg139_bscaled,-3.158274427
P2Ba2Hg1_a2c1c2_sg139_ascaled,-3.764907042
As2Mn2Sr1_a2c1c2_sg139_bscaled,-4.791867171
As2Cd3Cd3_a2c1c2_sg139_bscaled,-2.366997244
As2Sr2Mn1_a2c1c2_sg139_ascaled,-4.071595202
P2Hg3Hg3_a2c1c2_sg139_ascaled,-2.072050879
Sb2Hg2Sr1_a2c1c2_sg139_ascaled,-2.392153811
As2Mn2Cd1_a2c1c2_sg139_bscaled,-4.169611289
As2Cd2Be1_a2c1c2_sg139_bscaled,-2.867470983
Bi2Zn2Ca1_a2c1c2_sg139_bscaled,-2.713586088
Sb2Ca2Hg1_a2c1c2_sg139_bscaled,-3.033246667
Sb2Sr2Mg1_a2c1c2_sg139_bscaled,-3.0798442
Bi2Ba2Be1_a2c1c2_sg139_bscaled,-3.587453873
Bi2Hg2Ca1_a2c1c2_sg139_ascaled,-2.315631221
P2Mn2Sr1_a2c1c2_sg139_cscaled,-5.367802662
Sb2Mn2Ca1_a2c1c2_sg139_cscaled,-4.261169727
P2Mn3Mn3_a2c1c2_sg139_bscaled,-5.731683995
Bi2Be3Be3_a2c1c2_sg139_cscaled,-3.298295731
As2Hg2Mg1_a2c1c2_sg139_cscaled,-2.326794895
As2Ca2Hg1_a2c1c2_sg139_bscaled,-3.399614799
P2Ba2Zn1_a2c1c2_sg139_ascaled,-3.829873052
Bi2Cd3Cd3_a2c1c2_sg139_ascaled,-2.057780497
Bi2Be2Ca1_a2c1c2_sg139_bscaled,-3.574745495
As2Mg2Cd1_a2c1c2_sg139_bscaled,-3.020145372
Sb2Ba2Mn1_a2c1c2_sg139_ascaled,-3.907940198
P2Mg2Ba1_a2c1c2_sg139_bscaled,-4.068530021
Bi2Zn2Sr1_a2c1c2_sg139_ascaled,-2.731940342
Bi2Cd2Zn1_a2c1c2_sg139_cscaled,-2.144120575
Bi2Ba2Ca1_a2c1c2_sg139_bscaled,-3.612311726
Bi2Be2Cd1_a2c1c2_sg139_ascaled,-2.957057804
Bi2Sr2Ba1_a2c1c2_sg139_bscaled,-3.361969402
Bi2Ba2Sr1_a2c1c2_sg139_ascaled,-3.605415761
Sb2Ba2Be1_a2c1c2_sg139_ascaled,-3.811219335
Bi2Mn2Ca1_a2c1c2_sg139_bscaled,-3.995271778
P2Be2Mg1_a2c1c2_sg139_cscaled,-4.35676739
As2Mn2Sr1_a2c1c2_sg139_ascaled,-4.791874208
P2Mg2Hg1_a2c1c2_sg139_bscaled,-3.210014714
Bi2Be2Zn1_a2c1c2_sg139_ascaled,-2.975079011
P2Sr2Zn1_a2c1c2_sg139_ascaled,-3.741566687
Sb2Hg2Mg1_a2c1c2_sg139_cscaled,-1.983410632
As2Cd2Mn1_a2c1c2_sg139_bscaled,-3.258815408
As2Zn2Hg1_a2c1c2_sg139_ascaled,-2.475812575
Sb2Ca2Be1_a2c1c2_sg139_cscaled,-3.585804482
As2Ba2Cd1_a2c1c2_sg139_ascaled,-3.570477914
Sb2Be3Be3_a2c1c2_sg139_ascaled,-3.50961242
Sb2Be2Zn1_a2c1c2_sg139_ascaled,-3.197944109
Bi2Ca2Be1_a2c1c2_sg139_cscaled,-3.476445501
Bi2Mn2Be1_a2c1c2_sg139_cscaled,-3.807311412
P2Mn2Ba1_a2c1c2_sg139_ascaled,-5.392491698
P2Hg2Zn1_a2c1c2_sg139_ascaled,-2.426350403
Sb2Ca2Mn1_a2c1c2_sg139_ascaled,-3.874192033
As2Mn2Cd1_a2c1c2_sg139_ascaled,-4.167742269
As2Hg2Mn1_a2c1c2_sg139_cscaled,-2.834921781
Bi2Hg2Zn1_a2c1c2_sg139_cscaled,-1.863388477
As2Mg2Zn1_a2c1c2_sg139_ascaled,-2.956989072
P2Sr2Hg1_a2c1c2_sg139_bscaled,-3.632124855
P2Zn2Ca1_a2c1c2_sg139_bscaled,-3.641179611
As2Zn2Mg1_a2c1c2_sg139_ascaled,-2.890463944
As2Cd2Mg1_a2c1c2_sg139_ascaled,-2.681145339
P2Ca2Mn1_a2c1c2_sg139_cscaled,-4.748313342
P2Mn2Ba1_a2c1c2_sg139_bscaled,-5.391885747
Bi2Sr2Cd1_a2c1c2_sg139_cscaled,-3.003524676
As2Ca2Ba1_a2c1c2_sg139_ascaled,-4.056675314
Bi2Cd2Ba1_a2c1c2_sg139_cscaled,-2.766036662
As2Hg2Cd1_a2c1c2_sg139_ascaled,-2.068429016
Sb2Ca2Mn1_a2c1c2_sg139_cscaled,-3.899321889
As2Ca2Be1_a2c1c2_sg139_cscaled,-4.192843571
P2Ca3Ca3_a2c1c2_sg139_ascaled,-4.403876988
As2Hg2Ca1_a2c1c2_sg139_ascaled,-2.736897852
Sb2Mg2Hg1_a2c1c2_sg139_bscaled,-2.524891692
Sb2Cd2Ba1_a2c1c2_sg139_cscaled,-2.892441956
Sb2Sr2Ba1_a2c1c2_sg139_bscaled,-3.522331044
P2Cd2Ca1_a2c1c2_sg139_cscaled,-3.310501296
Sb2Cd2Zn1_a2c1c2_sg139_cscaled,-2.160536975
Sb2Hg2Zn1_a2c1c2_sg139_bscaled,-1.959112858
As2Cd2Mn1_a2c1c2_sg139_cscaled,-3.210196604
As2Ba2Ca1_a2c1c2_sg139_cscaled,-4.005232374
Sb2Be2Hg1_a2c1c2_sg139_cscaled,-2.978487242
Sb2Mg2Sr1_a2c1c2_sg139_cscaled,-3.257452079
As2Zn2Cd1_a2c1c2_sg139_bscaled,-2.613134014
Bi2Be2Ca1_a2c1c2_sg139_ascaled,-3.57475143
As2Hg3Hg3_a2c1c2_sg139_bscaled,-1.951532741
Bi2Be2Hg1_a2c1c2_sg139_cscaled,-2.876820215
Sb2Mn2Ba1_a2c1c2_sg139_bscaled,-4.251561208
Sb2Sr2Cd1_a2c1c2_sg139_ascaled,-3.193070557
As2Ca2Mn1_a2c1c2_sg139_ascaled,-4.346254237
P2Zn2Be1_a2c1c2_sg139_bscaled,-3.344761762
P2Hg2Ba1_a2c1c2_sg139_ascaled,-3.024968809
Sb2Zn2Ca1_a2c1c2_sg139_cscaled,-2.882292344
Sb2Hg2Be1_a2c1c2_sg139_bscaled,-2.330662894
Bi2Sr2Ca1_a2c1c2_sg139_ascaled,-3.534878774
P2Hg2Mg1_a2c1c2_sg139_ascaled,-2.602144809
As2Sr2Be1_a2c1c2_sg139_bscaled,-4.105531008
P2Mn2Be1_a2c1c2_sg139_ascaled,-5.21483157
Bi2Hg2Be1_a2c1c2_sg139_cscaled,-2.226080196
Sb2Be3Be3_a2c1c2_sg139_bscaled,-3.509613046
Sb2Mn3Mn3_a2c1c2_sg139_bscaled,-4.398527107
As2Mg2Cd1_a2c1c2_sg139_ascaled,-3.020496436
Bi2Mn2Zn1_a2c1c2_sg139_cscaled,-3.564992838
P2Ba2Ca1_a2c1c2_sg139_ascaled,-3.847043771
P2Be2Ba1_a2c1c2_sg139_cscaled,-4.745533217
Sb2Mg2Mn1_a2c1c2_sg139_bscaled,-3.333555788
Sb2Mg2Ba1_a2c1c2_sg139_bscaled,-3.380844296
Sb2Hg2Ca1_a2c1c2_sg139_ascaled,-2.384975015
Sb2Ba2Zn1_a2c1c2_sg139_cscaled,-3.384411225
As2Mg2Hg1_a2c1c2_sg139_ascaled,-2.893861894
Bi2Be2Hg1_a2c1c2_sg139_bscaled,-2.885282117
Sb2Mn2Sr1_a2c1c2_sg139_cscaled,-4.224897659
Bi2Be2Sr1_a2c1c2_sg139_bscaled,-3.532998355
P2Mg2Cd1_a2c1c2_sg139_bscaled,-3.346252226
P2Ca2Cd1_a2c1c2_sg139_cscaled,-3.705054914
P2Hg2Ca1_a2c1c2_sg139_ascaled,-2.997334932
Sb2Cd3Cd3_a2c1c2_sg139_cscaled,-2.160364676
P2Cd2Mn1_a2c1c2_sg139_ascaled,-3.570923464
Sb2Mn2Cd1_a2c1c2_sg139_bscaled,-3.742727124
As2Cd2Ca1_a2c1c2_sg139_ascaled,-3.068079064
Sb2Ba2Cd1_a2c1c2_sg139_cscaled,-2.753119548
Bi2Ca2Sr1_a2c1c2_sg139_bscaled,-3.447632112
P2Mg3Mg3_a2c1c2_sg139_bscaled,-3.629373252
Sb2Zn2Sr1_a2c1c2_sg139_bscaled,-2.939021576
Sb2Sr2Hg1_a2c1c2_sg139_bscaled,-2.851791534
P2Zn2Ba1_a2c1c2_sg139_ascaled,-3.697936674
As2Ba2Ca1_a2c1c2_sg139_ascaled,-4.037366988
Bi2Zn2Cd1_a2c1c2_sg139_cscaled,-2.203749883
Sb2Zn3Zn3_a2c1c2_sg139_bscaled,-2.354142012
As2Zn2Hg1_a2c1c2_sg139_cscaled,-2.480065294
Sb2Ba2Hg1_a2c1c2_sg139_cscaled,-2.857223412
As2Zn2Ca1_a2c1c2_sg139_ascaled,-3.331921817
As2Mn2Zn1_a2c1c2_sg139_cscaled,-4.192850942
Sb2Be2Sr1_a2c1c2_sg139_bscaled,-3.736849257
Bi2Ca3Ca3_a2c1c2_sg139_ascaled,-3.526615729
As2Ba2Sr1_a2c1c2_sg139_bscaled,-3.586891808
As2Be2Hg1_a2c1c2_sg139_ascaled,-3.468461546
Sb2Mn2Mg1_a2c1c2_sg139_cscaled,-3.928130646
As2Ca2Mn1_a2c1c2_sg139_cscaled,-4.348204053
Sb2Sr3Sr3_a2c1c2_sg139_ascaled,-3.566865156
P2Sr2Mg1_a2c1c2_sg139_ascaled,-3.838889765
Bi2Sr2Be1_a2c1c2_sg139_cscaled,-3.414034383
Bi2Zn2Be1_a2c1c2_sg139_cscaled,-2.475749681
As2Mg2Be1_a2c1c2_sg139_bscaled,-3.03041575
Bi2Mn2Cd1_a2c1c2_sg139_cscaled,-3.506567176
P2Ca3Ca3_a2c1c2_sg139_cscaled,-4.081966909
As2Cd2Sr1_a2c1c2_sg139_cscaled,-3.072113313
As2Ca3Ca3_a2c1c2_sg139_ascaled,-4.120302748
Sb2Ca3Ca3_a2c1c2_sg139_ascaled,-3.719359636
As2Mg2Ba1_a2c1c2_sg139_ascaled,-3.777639756
P2Hg2Zn1_a2c1c2_sg139_cscaled,-2.394960862
Bi2Zn3Zn3_a2c1c2_sg139_bscaled,-2.211790392
Bi2Sr2Be1_a2c1c2_sg139_ascaled,-3.439183589
Sb2Ca2Hg1_a2c1c2_sg139_ascaled,-3.033253163
Sb2Ca2Ba1_a2c1c2_sg139_cscaled,-3.751450072
P2Cd2Hg1_a2c1c2_sg139_bscaled,-2.526230812
Bi2Mg2Ca1_a2c1c2_sg139_ascaled,-3.085285367
P2Ca2Be1_a2c1c2_sg139_cscaled,-4.34815162
As2Ba2Zn1_a2c1c2_sg139_ascaled,-3.585537898
Sb2Mg2Zn1_a2c1c2_sg139_cscaled,-2.670068672
Sb2Cd2Mg1_a2c1c2_sg139_ascaled,-2.365153018
P2Cd2Hg1_a2c1c2_sg139_cscaled,-2.525738341
As2Ca2Mg1_a2c1c2_sg139_bscaled,-3.871168615
P2Hg3Hg3_a2c1c2_sg139_bscaled,-2.072051424
Sb2Mn2Cd1_a2c1c2_sg139_cscaled,-3.709393063
P2Sr2Mg1_a2c1c2_sg139_cscaled,-3.913696784
Sb2Cd2Zn1_a2c1c2_sg139_bscaled,-2.188433207
Bi2Be2Ba1_a2c1c2_sg139_bscaled,-3.573946153
As2Zn2Mn1_a2c1c2_sg139_ascaled,-3.482089357
Bi2Hg3Hg3_a2c1c2_sg139_bscaled,-1.69072985
Bi2Be2Zn1_a2c1c2_sg139_cscaled,-2.962719378
Bi2Ba2Be1_a2c1c2_sg139_cscaled,-3.588795354
P2Zn2Mn1_a2c1c2_sg139_ascaled,-3.824097654
P2Be2Ca1_a2c1c2_sg139_cscaled,-4.734843071
Bi2Ba2Mn1_a2c1c2_sg139_cscaled,-3.723112759
As2Cd2Zn1_a2c1c2_sg139_ascaled,-2.468977923
Bi2Mn2Sr1_a2c1c2_sg139_cscaled,-3.958932571
As2Hg2Mn1_a2c1c2_sg139_bscaled,-2.823932766
As2Mn2Ba1_a2c1c2_sg139_cscaled,-4.845048209
Sb2Mn2Be1_a2c1c2_sg139_cscaled,-4.020330747
As2Be2Ca1_a2c1c2_sg139_cscaled,-4.304017347
Bi2Be2Ba1_a2c1c2_sg139_ascaled,-3.57394587
Sb2Mg2Zn1_a2c1c2_sg139_bscaled,-2.668072538
P2Cd2Mg1_a2c1c2_sg139_cscaled,-2.909417283
As2Be2Mg1_a2c1c2_sg139_ascaled,-3.933255238
Bi2Cd2Mg1_a2c1c2_sg139_cscaled,-2.219064745
As2Mg2Mn1_a2c1c2_sg139_ascaled,-3.702790424
P2Mn2Sr1_a2c1c2_sg139_ascaled,-5.363246182
Sb2Hg2Be1_a2c1c2_sg139_ascaled,-2.327147936
P2Mn2Mg1_a2c1c2_sg139_cscaled,-5.174431856
Bi2Ba2Zn1_a2c1c2_sg139_ascaled,-3.215312699
P2Cd2Sr1_a2c1c2_sg139_bscaled,-3.302374974
Sb2Cd2Hg1_a2c1c2_sg139_ascaled,-2.01121911
P2Zn3Zn3_a2c1c2_sg139_bscaled,-3.001662297
As2Sr2Zn1_a2c1c2_sg139_ascaled,-3.626150187
As2Mg2Hg1_a2c1c2_sg139_bscaled,-2.893861809
P2Ba2Hg1_a2c1c2_sg139_bscaled,-3.764901901
Bi2Cd2Hg1_a2c1c2_sg139_bscaled,-1.962664537
As2Zn2Cd1_a2c1c2_sg139_cscaled,-2.613389477
As2Hg2Cd1_a2c1c2_sg139_cscaled,-1.920964427
Sb2Mn2Zn1_a2c1c2_sg139_ascaled,-3.758350492
Bi2Cd2Mn1_a2c1c2_sg139_cscaled,-2.724076951
Sb2Mg2Cd1_a2c1c2_sg139_ascaled,-2.628812695
Sb2Ba2Sr1_a2c1c2_sg139_bscaled,-3.652277698
Bi2Ba2Hg1_a2c1c2_sg139_bscaled,-3.080820339
Bi2Ca2Zn1_a2c1c2_sg139_ascaled,-2.76621171
Bi2Sr2Mn1_a2c1c2_sg139_bscaled,-3.524413271
Bi2Mg2Hg1_a2c1c2_sg139_cscaled,-2.399790359
Sb2Sr2Mg1_a2c1c2_sg139_ascaled,-3.349532988
Sb2Ca3Ca3_a2c1c2_sg139_bscaled,-3.718889481
Bi2Zn2Sr1_a2c1c2_sg139_bscaled,-2.764249178
Bi2Mg2Mn1_a2c1c2_sg139_ascaled,-3.066402054
Sb2Zn2Ba1_a2c1c2_sg139_bscaled,-3.00589668
Sb2Ba3Ba3_a2c1c2_sg139_bscaled,-3.521763486
Bi2Hg2Mg1_a2c1c2_sg139_ascaled,-2.06916029
As2Be2Zn1_a2c1c2_sg139_ascaled,-3.66973383
Bi2Mn2Be1_a2c1c2_sg139_ascaled,-3.796253908
P2Zn2Be1_a2c1c2_sg139_cscaled,-3.419937716
Sb2Sr3Sr3_a2c1c2_sg139_cscaled,-3.40207009
P2Zn2Ba1_a2c1c2_sg139_bscaled,-3.697937575
Bi2Be2Mg1_a2c1c2_sg139_cscaled,-3.193993494
Sb2Ba2Zn1_a2c1c2_sg139_ascaled,-3.385195922
P2Hg2Be1_a2c1c2_sg139_bscaled,-2.879635815
P2Cd2Ca1_a2c1c2_sg139_bscaled,-3.308451683
As2Ca2Zn1_a2c1c2_sg139_ascaled,-3.415613074
Bi2Hg2Cd1_a2c1c2_sg139_cscaled,-1.771072823
Sb2Ca2Be1_a2c1c2_sg139_bscaled,-3.710002591
Bi2Hg2Sr1_a2c1c2_sg139_ascaled,-2.331593086
Sb2Cd2Sr1_a2c1c2_sg139_bscaled,-2.743790934
As2Be2Hg1_a2c1c2_sg139_bscaled,-3.468463653
Sb2Sr2Ba1_a2c1c2_sg139_cscaled,-3.522641545
P2Mn2Ca1_a2c1c2_sg139_cscaled,-5.468680712
Bi2Mn3Mn3_a2c1c2_sg139_ascaled,-4.048377229
As2Be3Be3_a2c1c2_sg139_bscaled,-4.05143576
Sb2Be2Zn1_a2c1c2_sg139_bscaled,-3.196575402
As2Zn2Sr1_a2c1c2_sg139_bscaled,-3.294874998
Sb2Cd2Mn1_a2c1c2_sg139_ascaled,-2.957174931
As2Mg2Hg1_a2c1c2_sg139_cscaled,-2.892412698
As2Sr3Sr3_a2c1c2_sg139_ascaled,-3.904277467
Sb2Mg2Hg1_a2c1c2_sg139_ascaled,-2.52490524
Sb2Ca2Ba1_a2c1c2_sg139_bscaled,-3.754279102
Bi2Be2Mg1_a2c1c2_sg139_bscaled,-3.20708788
As2Zn2Ba1_a2c1c2_sg139_ascaled,-3.393882174
Sb2Sr2Mn1_a2c1c2_sg139_bscaled,-3.741968818
P2Ca2Sr1_a2c1c2_sg139_cscaled,-4.189054677
Sb2Ca2Zn1_a2c1c2_sg139_bscaled,-3.02483212
Sb2Cd2Be1_a2c1c2_sg139_cscaled,-2.508528959
P2Hg2Ba1_a2c1c2_sg139_cscaled,-3.029211933
P2Mg3Mg3_a2c1c2_sg139_cscaled,-3.560720393
Sb2Mg3Mg3_a2c1c2_sg139_ascaled,-2.839159239
Bi2Mg3Mg3_a2c1c2_sg139_bscaled,-2.6771286
P2Sr2Ba1_a2c1c2_sg139_bscaled,-3.963108157
As2Sr3Sr3_a2c1c2_sg139_bscaled,-3.90420133
Sb2Ba3Ba3_a2c1c2_sg139_cscaled,-3.523183645
Bi2Zn2Mg1_a2c1c2_sg139_cscaled,-2.360387126
As2Hg2Cd1_a2c1c2_sg139_bscaled,-2.100793453
Sb2Ba2Zn1_a2c1c2_sg139_bscaled,-3.331845256
P2Zn2Be1_a2c1c2_sg139_ascaled,-3.343568042
As2Hg2Yb1_a2c1c2_sg139_cscaled,-2.651524413
Sb2Yb2Mn1_a2c1c2_sg139_cscaled,-3.668143472
As2Sr2Yb1_a2c1c2_sg139_bscaled,-3.906101026
P2Mg2Yb1_a2c1c2_sg139_bscaled,-3.880440189
As2Ba2Yb1_a2c1c2_sg139_ascaled,-3.927455567
Bi2Be2Yb1_a2c1c2_sg139_ascaled,-3.487871737
Sb2Yb2Sr1_a2c1c2_sg139_bscaled,-3.452379441
As2Zn2Yb1_a2c1c2_sg139_bscaled,-3.250207292
As2Mg2Yb1_a2c1c2_sg139_cscaled,-3.557929119
Bi2Yb2Mn1_a2c1c2_sg139_ascaled,-3.541828222
P2Yb2Ba1_a2c1c2_sg139_ascaled,-4.106564066
P2Be2Yb1_a2c1c2_sg139_ascaled,-4.673800525
Sb2Yb2Sr1_a2c1c2_sg139_cscaled,-3.389162999
Sb2Mn2Yb1_a2c1c2_sg139_bscaled,-4.176736702
Sb2Yb2Ba1_a2c1c2_sg139_bscaled,-3.525297768
P2Cd2Yb1_a2c1c2_sg139_cscaled,-3.231644714
As2Yb2Sr1_a2c1c2_sg139_cscaled,-3.710309926
P2Yb2Cd1_a2c1c2_sg139_ascaled,-3.519632139
P2Yb2Mg1_a2c1c2_sg139_ascaled,-3.572684038
P2Yb3Yb3_a2c1c2_sg139_ascaled,-4.08564962
As2Sr2Yb1_a2c1c2_sg139_ascaled,-3.579600408
Bi2Ba2Yb1_a2c1c2_sg139_ascaled,-3.500805554
P2Mg2Yb1_a2c1c2_sg139_cscaled,-3.862022115
As2Yb2Zn1_a2c1c2_sg139_cscaled,-3.503674084
Sb2Cd2Yb1_a2c1c2_sg139_ascaled,-2.604106948
Bi2Yb2Be1_a2c1c2_sg139_ascaled,-3.30429667
Sb2Be2Yb1_a2c1c2_sg139_bscaled,-3.714761859
P2Yb2Cd1_a2c1c2_sg139_bscaled,-3.519631321
As2Yb2Ca1_a2c1c2_sg139_bscaled,-3.904367583
Bi2Yb2Ca1_a2c1c2_sg139_ascaled,-3.210931765
Bi2Yb2Sr1_a2c1c2_sg139_ascaled,-3.246221863
P2Yb2Hg1_a2c1c2_sg139_bscaled,-3.618148625
As2Yb2Ba1_a2c1c2_sg139_ascaled,-3.854212401
P2Yb2Hg1_a2c1c2_sg139_cscaled,-3.623454423
P2Be2Yb1_a2c1c2_sg139_cscaled,-4.674352244
Bi2Yb2Mg1_a2c1c2_sg139_bscaled,-3.103674813
As2Hg2Yb1_a2c1c2_sg139_ascaled,-2.65537762
P2Yb2Mn1_a2c1c2_sg139_bscaled,-4.610448266
Bi2Yb2Mg1_a2c1c2_sg139_cscaled,-2.896447989
As2Yb2Ca1_a2c1c2_sg139_ascaled,-3.90437195
As2Yb2Mn1_a2c1c2_sg139_cscaled,-4.183101061
As2Yb2Ba1_a2c1c2_sg139_cscaled,-3.851565124
P2Mg2Yb1_a2c1c2_sg139_ascaled,-3.880364979
Bi2Yb2Mn1_a2c1c2_sg139_bscaled,-3.535234968
Sb2Ba2Yb1_a2c1c2_sg139_bscaled,-3.636582277
P2Sr2Yb1_a2c1c2_sg139_bscaled,-3.694853345
As2Yb2Cd1_a2c1c2_sg139_bscaled,-3.195920533
Sb2Ca2Yb1_a2c1c2_sg139_cscaled,-3.466657643
Sb2Sr2Yb1_a2c1c2_sg139_ascaled,-3.578408726
Bi2Sr2Yb1_a2c1c2_sg139_bscaled,-3.424970899
Sb2Mn2Yb1_a2c1c2_sg139_cscaled,-4.178431977
Bi2Yb2Be1_a2c1c2_sg139_cscaled,-3.261035347
P2Be2Yb1_a2c1c2_sg139_bscaled,-4.673800523
As2Sr2Yb1_a2c1c2_sg139_cscaled,-3.581296703
Sb2Mg2Yb1_a2c1c2_sg139_cscaled,-3.13436944
Bi2Yb3Yb3_a2c1c2_sg139_cscaled,-3.114735363
Sb2Yb2Zn1_a2c1c2_sg139_cscaled,-2.787713377
Bi2Yb2Mg1_a2c1c2_sg139_ascaled,-3.103661353
Bi2Yb2Sr1_a2c1c2_sg139_cscaled,-3.248330667
As2Yb2Mg1_a2c1c2_sg139_ascaled,-3.313190577
Sb2Sr2Yb1_a2c1c2_sg139_cscaled,-3.25237223
Bi2Ca2Yb1_a2c1c2_sg139_ascaled,-3.411016613
Bi2Hg2Yb1_a2c1c2_sg139_ascaled,-2.216716159
P2Yb2Mn1_a2c1c2_sg139_ascaled,-4.538667973
Bi2Hg1Mn2_a2c1c2_sg164_bscaled,-3.534648402
Sb2Hg1Sr2_a2c1c2_sg164_bscaled,-3.082743944
Sb2Zn1Cd2_a2c1c2_sg164_cscaled,-2.218232571
As2Ba1Be2_a2c1c2_sg164_bscaled,-4.248771432
P2Mg1Cd2_a2c1c2_sg164_cscaled,-3.028603623
Sb2Be3Be3_a2c1c2_sg164_bscaled,-3.525880279
As2Ba1Sr2_a2c1c2_sg164_bscaled,-4.03373304
P2Sr1Be2_a2c1c2_sg164_cscaled,-4.664837002
Sb2Cd1Sr2_a2c1c2_sg164_ascaled,-3.206105478
As2Be1Ba2_a2c1c2_sg164_ascaled,-4.210246593
As2Mn1Ba2_a2c1c2_sg164_cscaled,-3.732081277
P2Ba1Zn2_a2c1c2_sg164_cscaled,-3.693693817
P2Mn3Mn3_a2c1c2_sg164_ascaled,-5.634229213
P2Ba1Hg2_a2c1c2_sg164_ascaled,-3.023176139
Sb2Be1Ca2_a2c1c2_sg164_cscaled,-3.709753564
As2Hg1Be2_a2c1c2_sg164_cscaled,-3.324931433
P2Ba1Ca2_a2c1c2_sg164_ascaled,-4.476425404
Sb2Zn1Ba2_a2c1c2_sg164_cscaled,-3.408904748
Bi2Sr1Ca2_a2c1c2_sg164_cscaled,-3.639750439
Sb2Sr3Sr3_a2c1c2_sg164_ascaled,-3.669389565
Sb2Cd1Zn2_a2c1c2_sg164_ascaled,-2.334835933
Sb2Ba1Mn2_a2c1c2_sg164_bscaled,-4.360341514
P2Zn1Ba2_a2c1c2_sg164_ascaled,-4.029708597
P2Hg1Zn2_a2c1c2_sg164_bscaled,-2.828241861
Sb2Mn1Be2_a2c1c2_sg164_ascaled,-4.146166859
Sb2Be1Cd2_a2c1c2_sg164_ascaled,-2.552923151
Bi2Mn1Be2_a2c1c2_sg164_bscaled,-4.017554579
Bi2Zn1Cd2_a2c1c2_sg164_cscaled,-2.135681445
P2Be1Mn2_a2c1c2_sg164_ascaled,-5.502845153
Bi2Hg1Ca2_a2c1c2_sg164_cscaled,-3.044046956
Bi2Zn1Mn2_a2c1c2_sg164_ascaled,-3.602434797
P2Be3Be3_a2c1c2_sg164_ascaled,-4.522500745
Bi2Mg1Hg2_a2c1c2_sg164_bscaled,-2.065947383
Bi2Cd1Mg2_a2c1c2_sg164_cscaled,-2.495443755
Sb2Zn1Mg2_a2c1c2_sg164_bscaled,-2.700287242
Sb2Mg1Cd2_a2c1c2_sg164_cscaled,-2.442144023
Sb2Mn1Be2_a2c1c2_sg164_bscaled,-4.146054275
Sb2Mg1Be2_a2c1c2_sg164_bscaled,-3.404354738
Bi2Sr1Be2_a2c1c2_sg164_ascaled,-3.517652639
P2Zn1Mg2_a2c1c2_sg164_ascaled,-3.458607976
As2Mg1Sr2_a2c1c2_sg164_bscaled,-3.715177969
P2Cd1Mn2_a2c1c2_sg164_ascaled,-4.710515565
As2Mg1Hg2_a2c1c2_sg164_cscaled,-2.342691096
P2Mg3Mg3_a2c1c2_sg164_ascaled,-3.732964577
As2Sr1Cd2_a2c1c2_sg164_cscaled,-3.188868273
As2Ba1Cd2_a2c1c2_sg164_cscaled,-3.24436221
Sb2Mn1Sr2_a2c1c2_sg164_cscaled,-3.748677087
Sb2Be1Mn2_a2c1c2_sg164_cscaled,-4.094144582
Sb2Hg3Hg3_a2c1c2_sg164_cscaled,-1.691565349
P2Sr1Mg2_a2c1c2_sg164_cscaled,-4.08958658
Bi2Sr1Cd2_a2c1c2_sg164_ascaled,-2.700701465
As2Ba1Mn2_a2c1c2_sg164_ascaled,-4.619028595
Bi2Ba1Hg2_a2c1c2_sg164_ascaled,-2.439522361
Sb2Ca1Zn2_a2c1c2_sg164_bscaled,-3.001228542
Bi2Mn3Mn3_a2c1c2_sg164_cscaled,-4.053875319
As2Sr1Mn2_a2c1c2_sg164_ascaled,-4.630822989
Bi2Zn1Hg2_a2c1c2_sg164_bscaled,-1.881533478
As2Mg1Cd2_a2c1c2_sg164_bscaled,-2.762099436
As2Ca1Be2_a2c1c2_sg164_ascaled,-4.374646186
Bi2Sr1Mg2_a2c1c2_sg164_ascaled,-3.161183797
Bi2Hg1Zn2_a2c1c2_sg164_cscaled,-2.084381477
Bi2Hg1Cd2_a2c1c2_sg164_cscaled,-1.970357473
As2Ba1Mg2_a2c1c2_sg164_bscaled,-3.81322247
As2Hg3Hg3_a2c1c2_sg164_ascaled,-1.959091796
Sb2Hg1Sr2_a2c1c2_sg164_ascaled,-3.082192052
P2Mn1Zn2_a2c1c2_sg164_ascaled,-3.840436651
Sb2Ca1Be2_a2c1c2_sg164_ascaled,-3.818159211
As2Mg1Ca2_a2c1c2_sg164_bscaled,-3.872090309
As2Sr3Sr3_a2c1c2_sg164_cscaled,-3.972079335
P2Hg1Zn2_a2c1c2_sg164_cscaled,-2.834820311
Bi2Be1Sr2_a2c1c2_sg164_cscaled,-3.474548816
Bi2Ca1Zn2_a2c1c2_sg164_cscaled,-2.799706233
Bi2Be1Mg2_a2c1c2_sg164_bscaled,-2.823773602
Bi2Zn1Sr2_a2c1c2_sg164_bscaled,-3.110140933
Sb2Be1Sr2_a2c1c2_sg164_cscaled,-3.664297985
P2Mg3Mg3_a2c1c2_sg164_bscaled,-3.732964987
Sb2Be1Zn2_a2c1c2_sg164_bscaled,-2.687506903
Bi2Mg1Ba2_a2c1c2_sg164_bscaled,-3.24461257
Bi2Sr1Mg2_a2c1c2_sg164_cscaled,-3.163601713
As2Sr1Hg2_a2c1c2_sg164_cscaled,-2.728951608
Sb2Cd1Ca2_a2c1c2_sg164_cscaled,-3.288183703
P2Hg1Mn2_a2c1c2_sg164_bscaled,-4.561605648
Sb2Mn3Mn3_a2c1c2_sg164_ascaled,-4.424178331
As2Cd1Ba2_a2c1c2_sg164_ascaled,-3.62751374
P2Hg1Zn2_a2c1c2_sg164_ascaled,-2.833947381
P2Zn1Sr2_a2c1c2_sg164_bscaled,-3.918352342
Sb2Ca1Sr2_a2c1c2_sg164_bscaled,-3.6928164
P2Be1Cd2_a2c1c2_sg164_bscaled,-3.161096437
As2Ca1Mn2_a2c1c2_sg164_cscaled,-4.736800586
P2Cd1Zn2_a2c1c2_sg164_cscaled,-2.945593763
P2Zn1Be2_a2c1c2_sg164_cscaled,-4.077263613
P2Hg1Mg2_a2c1c2_sg164_ascaled,-3.21510179
Bi2Hg1Ba2_a2c1c2_sg164_bscaled,-3.149107
Sb2Mn3Mn3_a2c1c2_sg164_bscaled,-4.336912006
As2Mg1Ca2_a2c1c2_sg164_ascaled,-3.87209079
Bi2Mn1Sr2_a2c1c2_sg164_bscaled,-3.539664504
As2Hg1Zn2_a2c1c2_sg164_ascaled,-2.428146641
As2Mn1Cd2_a2c1c2_sg164_bscaled,-3.261536354
P2Ca1Zn2_a2c1c2_sg164_ascaled,-3.768938206
Sb2Hg1Cd2_a2c1c2_sg164_ascaled,-2.030558013
Sb2Mg1Zn2_a2c1c2_sg164_cscaled,-2.571492079
Sb2Mg1Zn2_a2c1c2_sg164_bscaled,-2.585898234
Sb2Be1Hg2_a2c1c2_sg164_cscaled,-2.319786145
Bi2Mg1Ca2_a2c1c2_sg164_bscaled,-3.301312257
P2Ca1Be2_a2c1c2_sg164_bscaled,-4.795508789
Bi2Ba1Ca2_a2c1c2_sg164_bscaled,-3.718310441
As2Ca1Mn2_a2c1c2_sg164_bscaled,-4.739838996
Sb2Zn1Ca2_a2c1c2_sg164_bscaled,-3.341113791
Sb2Cd1Hg2_a2c1c2_sg164_ascaled,-1.834798579
P2Sr1Cd2_a2c1c2_sg164_ascaled,-3.457549258
Bi2Cd1Ba2_a2c1c2_sg164_cscaled,-3.027796373
P2Hg3Hg3_a2c1c2_sg164_bscaled,-2.180510251
Bi2Mg1Ba2_a2c1c2_sg164_ascaled,-3.244707139
Sb2Zn1Ca2_a2c1c2_sg164_cscaled,-3.341136561
P2Sr1Ba2_a2c1c2_sg164_bscaled,-4.213591389
As2Mg1Be2_a2c1c2_sg164_bscaled,-3.991126423
P2Ca1Ba2_a2c1c2_sg164_cscaled,-4.236196339
Sb2Be1Mg2_a2c1c2_sg164_cscaled,-3.024602322
P2Mn1Ca2_a2c1c2_sg164_ascaled,-4.689323761
Bi2Sr1Cd2_a2c1c2_sg164_cscaled,-2.706040696
As2Hg1Mg2_a2c1c2_sg164_cscaled,-2.902179555
P2Ba1Ca2_a2c1c2_sg164_bscaled,-4.476425568
Sb2Mn1Zn2_a2c1c2_sg164_bscaled,-2.936476493
Sb2Mg3Mg3_a2c1c2_sg164_cscaled,-2.936788795
Bi2Cd1Zn2_a2c1c2_sg164_cscaled,-2.197790371
As2Cd1Be2_a2c1c2_sg164_bscaled,-3.606007739
As2Ba1Be2_a2c1c2_sg164_cscaled,-4.246132905
Bi2Ba1Sr2_a2c1c2_sg164_cscaled,-3.584225544
P2Cd1Mg2_a2c1c2_sg164_cscaled,-3.352340275
P2Zn1Sr2_a2c1c2_sg164_cscaled,-3.919540201
Bi2Ca1Zn2_a2c1c2_sg164_ascaled,-2.799636911
Sb2Be1Mg2_a2c1c2_sg164_bscaled,-3.026384135
As2Be1Hg2_a2c1c2_sg164_bscaled,-2.577027107
As2Sr1Cd2_a2c1c2_sg164_bscaled,-3.192061175
P2Cd1Sr2_a2c1c2_sg164_bscaled,-3.782669922
As2Ca1Sr2_a2c1c2_sg164_bscaled,-4.009503005
P2Be1Mg2_a2c1c2_sg164_cscaled,-3.719576116
P2Sr3Sr3_a2c1c2_sg164_bscaled,-4.209595767
Sb2Cd3Cd3_a2c1c2_sg164_cscaled,-2.192040741
Bi2Cd1Hg2_a2c1c2_sg164_cscaled,-1.804379481
As2Ca3Ca3_a2c1c2_sg164_cscaled,-4.205070477
As2Be1Mg2_a2c1c2_sg164_cscaled,-3.419883211
Bi2Be1Ba2_a2c1c2_sg164_ascaled,-3.635679262
Sb2Mn1Zn2_a2c1c2_sg164_cscaled,-2.918860978
Bi2Ca1Sr2_a2c1c2_sg164_bscaled,-3.530744046
Sb2Mg1Be2_a2c1c2_sg164_ascaled,-3.40435436
Sb2Ca1Sr2_a2c1c2_sg164_ascaled,-3.692814176
Bi2Mn3Mn3_a2c1c2_sg164_bscaled,-4.220177417
Bi2Sr1Ca2_a2c1c2_sg164_ascaled,-3.639777566
P2Hg3Hg3_a2c1c2_sg164_ascaled,-2.180578865
As2Be1Ca2_a2c1c2_sg164_ascaled,-4.192161756
As2Mg1Zn2_a2c1c2_sg164_cscaled,-2.997209307
P2Mn1Hg2_a2c1c2_sg164_bscaled,-3.373525859
Sb2Zn1Hg2_a2c1c2_sg164_ascaled,-1.904209295
Bi2Ca3Ca3_a2c1c2_sg164_bscaled,-3.656019394
Bi2Cd1Be2_a2c1c2_sg164_ascaled,-2.937637288
P2Ca1Be2_a2c1c2_sg164_ascaled,-4.795508767
P2Mg3Mg3_a2c1c2_sg164_cscaled,-3.734495818
P2Mn1Sr2_a2c1c2_sg164_bscaled,-4.564132909
Bi2Cd1Zn2_a2c1c2_sg164_ascaled,-2.206936104
P2Mg1Cd2_a2c1c2_sg164_bscaled,-3.029863117
As2Mn3Mn3_a2c1c2_sg164_bscaled,-4.939564746
As2Sr1Mg2_a2c1c2_sg164_bscaled,-3.782938012
Bi2Cd1Be2_a2c1c2_sg164_bscaled,-2.937660328
Sb2Hg1Mn2_a2c1c2_sg164_cscaled,-3.175652247
Sb2Be3Be3_a2c1c2_sg164_cscaled,-3.533872909
Bi2Ca1Ba2_a2c1c2_sg164_ascaled,-3.603240751
P2Sr1Mg2_a2c1c2_sg164_ascaled,-4.091179146
P2Be1Sr2_a2c1c2_sg164_cscaled,-4.31982065
As2Mg1Be2_a2c1c2_sg164_ascaled,-3.991126032
Bi2Sr1Ba2_a2c1c2_sg164_cscaled,-3.579046573
Sb2Mg1Mn2_a2c1c2_sg164_ascaled,-3.880173345
P2Hg1Mn2_a2c1c2_sg164_cscaled,-4.564378263
P2Ba1Be2_a2c1c2_sg164_bscaled,-4.61234605
Bi2Ca3Ca3_a2c1c2_sg164_ascaled,-3.65599903
P2Mn1Hg2_a2c1c2_sg164_cscaled,-3.302586375
Sb2Cd1Hg2_a2c1c2_sg164_cscaled,-1.850692905
As2Sr1Mn2_a2c1c2_sg164_bscaled,-4.630822499
Bi2Mg1Cd2_a2c1c2_sg164_bscaled,-2.32496808
P2Zn1Hg2_a2c1c2_sg164_ascaled,-2.50471073
P2Cd3Cd3_a2c1c2_sg164_bscaled,-2.718362036
Bi2Zn1Mg2_a2c1c2_sg164_cscaled,-2.528929077
As2Cd1Mg2_a2c1c2_sg164_cscaled,-3.044388062
As2Be1Hg2_a2c1c2_sg164_cscaled,-2.600656386
Bi2Mg1Sr2_a2c1c2_sg164_bscaled,-3.163659791
Bi2Zn1Ca2_a2c1c2_sg164_ascaled,-3.172004914
P2Mg1Mn2_a2c1c2_sg164_ascaled,-5.013809652
Sb2Ca1Ba2_a2c1c2_sg164_bscaled,-3.754262585
Sb2Sr1Ba2_a2c1c2_sg164_bscaled,-3.744301164
P2Zn1Ca2_a2c1c2_sg164_bscaled,-4.038236196
Sb2Cd1Be2_a2c1c2_sg164_bscaled,-3.170355244
Sb2Hg1Zn2_a2c1c2_sg164_ascaled,-2.168174069
Bi2Hg1Ba2_a2c1c2_sg164_cscaled,-2.910868695
Bi2Ca1Be2_a2c1c2_sg164_bscaled,-3.555982847
Sb2Sr1Hg2_a2c1c2_sg164_bscaled,-2.455997841
Bi2Sr3Sr3_a2c1c2_sg164_ascaled,-3.508016997
P2Cd1Ba2_a2c1c2_sg164_ascaled,-3.861282028
Bi2Mg1Cd2_a2c1c2_sg164_cscaled,-2.316499304
P2Be1Ba2_a2c1c2_sg164_bscaled,-4.509433289
P2Mg1Zn2_a2c1c2_sg164_cscaled,-3.345778542
P2Cd1Mg2_a2c1c2_sg164_ascaled,-3.36826774
As2Cd1Ca2_a2c1c2_sg164_cscaled,-3.646428108
P2Ba1Cd2_a2c1c2_sg164_ascaled,-3.496613097
P2Ca1Sr2_a2c1c2_sg164_cscaled,-4.249057834
Sb2Cd1Be2_a2c1c2_sg164_ascaled,-3.170361425
Sb2Hg1Ca2_a2c1c2_sg164_cscaled,-3.172328739
P2Zn1Mg2_a2c1c2_sg164_cscaled,-3.456850591
P2Be3Be3_a2c1c2_sg164_cscaled,-4.525272532
P2Ba1Cd2_a2c1c2_sg164_bscaled,-3.496596274
As2Mg1Mn2_a2c1c2_sg164_ascaled,-4.428515359
Sb2Mg1Ca2_a2c1c2_sg164_cscaled,-3.455118826
Bi2Sr1Ba2_a2c1c2_sg164_bscaled,-3.58150932
Bi2Hg1Sr2_a2c1c2_sg164_cscaled,-3.004439153
Sb2Ba1Zn2_a2c1c2_sg164_ascaled,-3.033690464
P2Ca1Mn2_a2c1c2_sg164_bscaled,-5.326998034
P2Sr1Mn2_a2c1c2_sg164_bscaled,-5.186819589
Bi2Cd1Mn2_a2c1c2_sg164_bscaled,-3.601918468
Bi2Zn1Cd2_a2c1c2_sg164_ascaled,-2.13360153
As2Mg1Sr2_a2c1c2_sg164_cscaled,-3.714290825
Sb2Sr1Ba2_a2c1c2_sg164_cscaled,-3.737224384
Sb2Mg1Hg2_a2c1c2_sg164_bscaled,-2.063134018
Sb2Ca1Mg2_a2c1c2_sg164_bscaled,-3.375999817
Bi2Cd1Mn2_a2c1c2_sg164_cscaled,-3.610527615
As2Ba1Hg2_a2c1c2_sg164_cscaled,-2.803341736
P2Sr1Hg2_a2c1c2_sg164_ascaled,-2.967011807
Bi2Cd1Ba2_a2c1c2_sg164_ascaled,-3.035876541
Bi2Mn1Mg2_a2c1c2_sg164_cscaled,-3.024234439
Bi2Cd1Sr2_a2c1c2_sg164_ascaled,-2.95555108
P2Cd1Ba2_a2c1c2_sg164_cscaled,-3.855386802
As2Hg1Cd2_a2c1c2_sg164_ascaled,-2.340810723
As2Mn1Hg2_a2c1c2_sg164_bscaled,-3.02994618
Bi2Ba1Sr2_a2c1c2_sg164_bscaled,-3.584407121
As2Zn3Zn3_a2c1c2_sg164_cscaled,-2.72081417
Sb2Mg1Be2_a2c1c2_sg164_cscaled,-3.406986906
Sb2Sr1Ca2_a2c1c2_sg164_bscaled,-3.814964915
As2Mn1Mg2_a2c1c2_sg164_cscaled,-3.707303913
P2Sr1Be2_a2c1c2_sg164_bscaled,-4.66609596
P2Cd1Sr2_a2c1c2_sg164_ascaled,-3.782665194
Bi2Zn1Cd2_a2c1c2_sg164_bscaled,-2.133624732
Sb2Ba3Ba3_a2c1c2_sg164_ascaled,-3.816776959
Sb2Zn3Zn3_a2c1c2_sg164_cscaled,-2.364640054
Bi2Ba1Zn2_a2c1c2_sg164_ascaled,-2.8574488
P2Be1Ba2_a2c1c2_sg164_cscaled,-4.508733683
Bi2Mg1Sr2_a2c1c2_sg164_cscaled,-3.16227144
P2Zn1Mn2_a2c1c2_sg164_ascaled,-4.835640089
P2Ca1Mg2_a2c1c2_sg164_bscaled,-4.15031105
Sb2Be1Ca2_a2c1c2_sg164_ascaled,-3.710002477
Sb2Zn1Hg2_a2c1c2_sg164_cscaled,-1.917063365
P2Be1Zn2_a2c1c2_sg164_bscaled,-3.48787539
Bi2Mg1Mn2_a2c1c2_sg164_ascaled,-3.716113841
Sb2Sr1Mn2_a2c1c2_sg164_cscaled,-4.085599587
Sb2Be1Zn2_a2c1c2_sg164_cscaled,-2.691255403
As2Sr1Ca2_a2c1c2_sg164_bscaled,-4.173563278
As2Sr1Mg2_a2c1c2_sg164_ascaled,-3.782937962
P2Mn1Cd2_a2c1c2_sg164_ascaled,-3.628042172
Sb2Sr1Zn2_a2c1c2_sg164_cscaled,-2.972527399
As2Be1Zn2_a2c1c2_sg164_ascaled,-3.106988834
Sb2Zn1Be2_a2c1c2_sg164_bscaled,-3.18641866
Bi2Mn1Hg2_a2c1c2_sg164_cscaled,-2.574306915
As2Mn1Zn2_a2c1c2_sg164_ascaled,-3.403687442
P2Hg1Sr2_a2c1c2_sg164_ascaled,-3.666172385
Bi2Ba1Zn2_a2c1c2_sg164_cscaled,-2.859622743
As2Cd1Hg2_a2c1c2_sg164_bscaled,-2.013676648
Sb2Zn1Cd2_a2c1c2_sg164_ascaled,-2.218385562
P2Cd1Mg2_a2c1c2_sg164_bscaled,-3.368271658
P2Hg1Ba2_a2c1c2_sg164_cscaled,-3.748639621
Sb2Mg1Ba2_a2c1c2_sg164_bscaled,-3.472490657
As2Ca1Ba2_a2c1c2_sg164_bscaled,-4.027148954
Sb2Mg1Ba2_a2c1c2_sg164_cscaled,-3.457737231
P2Hg1Ba2_a2c1c2_sg164_ascaled,-3.74063755
As2Mn1Ca2_a2c1c2_sg164_ascaled,-4.31718462
Sb2Mn1Ba2_a2c1c2_sg164_bscaled,-3.908774881
Bi2Cd1Sr2_a2c1c2_sg164_bscaled,-2.954787468
Sb2Sr1Be2_a2c1c2_sg164_cscaled,-3.754162465
Bi2Mn1Be2_a2c1c2_sg164_cscaled,-4.032507984
Bi2Zn1Be2_a2c1c2_sg164_cscaled,-2.983696922
As2Mn1Zn2_a2c1c2_sg164_cscaled,-3.283733325
P2Ba1Cd2_a2c1c2_sg164_cscaled,-3.493508173
Sb2Be1Ba2_a2c1c2_sg164_bscaled,-3.81148102
Sb2Zn3Zn3_a2c1c2_sg164_ascaled,-2.369490689
Sb2Sr1Be2_a2c1c2_sg164_bscaled,-3.765747847
Bi2Hg1Cd2_a2c1c2_sg164_ascaled,-1.969477235
Sb2Hg1Be2_a2c1c2_sg164_ascaled,-3.057825994
Bi2Sr3Sr3_a2c1c2_sg164_cscaled,-3.50655654
P2Zn1Cd2_a2c1c2_sg164_cscaled,-2.8042949
P2Ca1Sr2_a2c1c2_sg164_bscaled,-4.25250922
Bi2Hg1Sr2_a2c1c2_sg164_ascaled,-3.003247102
As2Mg3Mg3_a2c1c2_sg164_cscaled,-3.396048595
Sb2Hg1Zn2_a2c1c2_sg164_bscaled,-2.168136435
As2Zn1Ca2_a2c1c2_sg164_cscaled,-3.737227195
As2Zn1Sr2_a2c1c2_sg164_cscaled,-3.636524054
Bi2Zn1Mn2_a2c1c2_sg164_bscaled,-3.602331807
As2Mg1Ba2_a2c1c2_sg164_bscaled,-3.773396256
P2Ba1Zn2_a2c1c2_sg164_ascaled,-3.695007398
Sb2Mg1Sr2_a2c1c2_sg164_cscaled,-3.308333503
As2Ba3Ba3_a2c1c2_sg164_ascaled,-4.057366161
P2Ca1Sr2_a2c1c2_sg164_ascaled,-4.252506217
Sb2Sr3Sr3_a2c1c2_sg164_bscaled,-3.669391297
P2Mn1Be2_a2c1c2_sg164_ascaled,-4.880880031
P2Zn1Ba2_a2c1c2_sg164_cscaled,-4.027894721
Sb2Cd1Mg2_a2c1c2_sg164_ascaled,-2.663692944
P2Be1Sr2_a2c1c2_sg164_ascaled,-4.430689633
Bi2Cd1Ca2_a2c1c2_sg164_ascaled,-3.141120359
Sb2Be3Be3_a2c1c2_sg164_ascaled,-3.52588006
P2Ba1Sr2_a2c1c2_sg164_bscaled,-4.262949565
As2Hg1Zn2_a2c1c2_sg164_cscaled,-2.524166623
Sb2Ba1Be2_a2c1c2_sg164_cscaled,-3.781706694
Sb2Mn1Hg2_a2c1c2_sg164_cscaled,-2.550946689
Sb2Ba3Ba3_a2c1c2_sg164_bscaled,-3.816779913
P2Zn3Zn3_a2c1c2_sg164_cscaled,-3.045194407
As2Sr1Ca2_a2c1c2_sg164_ascaled,-4.173563312
Bi2Sr1Mn2_a2c1c2_sg164_ascaled,-3.690032684
P2Ca1Mn2_a2c1c2_sg164_ascaled,-5.326984129
As2Hg1Sr2_a2c1c2_sg164_cscaled,-3.410660675
As2Ba1Ca2_a2c1c2_sg164_bscaled,-4.224321757
As2Zn1Mn2_a2c1c2_sg164_ascaled,-4.282218503
Sb2Cd3Cd3_a2c1c2_sg164_ascaled,-2.180360395
Sb2Sr1Cd2_a2c1c2_sg164_ascaled,-2.856594179
P2Cd1Be2_a2c1c2_sg164_ascaled,-3.99074677
As2Mn1Be2_a2c1c2_sg164_bscaled,-4.467249769
As2Ba1Hg2_a2c1c2_sg164_ascaled,-2.802001384
As2Zn1Mg2_a2c1c2_sg164_ascaled,-3.121103325
As2Cd1Be2_a2c1c2_sg164_ascaled,-3.606011267
P2Hg1Sr2_a2c1c2_sg164_bscaled,-3.666205594
As2Be1Zn2_a2c1c2_sg164_bscaled,-3.106981211
Bi2Ba1Cd2_a2c1c2_sg164_bscaled,-2.796344836
As2Ca1Mg2_a2c1c2_sg164_bscaled,-3.827344702
P2Zn1Cd2_a2c1c2_sg164_bscaled,-2.825948343
Bi2Mn1Mg2_a2c1c2_sg164_ascaled,-3.030735019
P2Sr1Zn2_a2c1c2_sg164_bscaled,-3.695165506
Sb2Ca3Ca3_a2c1c2_sg164_bscaled,-3.83209592
P2Be1Zn2_a2c1c2_sg164_cscaled,-3.487810516
Sb2Ca1Be2_a2c1c2_sg164_bscaled,-3.818160273
Sb2Ca1Mg2_a2c1c2_sg164_ascaled,-3.375999859
As2Cd1Mn2_a2c1c2_sg164_ascaled,-4.17597169
As2Mn1Ca2_a2c1c2_sg164_bscaled,-4.31259834
P2Ba1Hg2_a2c1c2_sg164_bscaled,-3.023171843
P2Yb1Ca2_a2c1c2_sg164_cscaled,-4.380586429
Bi2Yb1Ca2_a2c1c2_sg164_ascaled,-3.55057307
P2Yb3Yb3_a2c1c2_sg164_ascaled,-4.201964823
Bi2Yb1Hg2_a2c1c2_sg164_bscaled,-2.243940907
Bi2Zn1Yb2_a2c1c2_sg164_bscaled,-2.987562365
Bi2Yb1Mn2_a2c1c2_sg164_cscaled,-3.667088824
Bi2Cd1Yb2_a2c1c2_sg164_bscaled,-2.957317321
As2Yb1Mn2_a2c1c2_sg164_cscaled,-4.662955047
P2Mg1Yb2_a2c1c2_sg164_bscaled,-3.96011983
Bi2Cd1Yb2_a2c1c2_sg164_ascaled,-2.957335923
As2Hg1Yb2_a2c1c2_sg164_bscaled,-3.335792018
Bi2Yb1Mn2_a2c1c2_sg164_bscaled,-3.985199147
Sb2Yb1Mn2_a2c1c2_sg164_bscaled,-4.103545857
As2Mg1Yb2_a2c1c2_sg164_ascaled,-3.66492861
As2Cd1Yb2_a2c1c2_sg164_cscaled,-3.468791948
P2Yb1Sr2_a2c1c2_sg164_bscaled,-4.155796434
Sb2Ba1Yb2_a2c1c2_sg164_bscaled,-3.648790571
Sb2Cd1Yb2_a2c1c2_sg164_ascaled,-3.077690569
Sb2Yb1Mg2_a2c1c2_sg164_bscaled,-3.26937939
As2Sr1Yb2_a2c1c2_sg164_cscaled,-3.964158175
P2Yb1Mg2_a2c1c2_sg164_cscaled,-4.062957904
As2Yb1Ba2_a2c1c2_sg164_cscaled,-3.910905498
Sb2Mg1Yb2_a2c1c2_sg164_bscaled,-3.255786862
P2Yb1Hg2_a2c1c2_sg164_bscaled,-2.928385127
As2Yb1Be2_a2c1c2_sg164_cscaled,-4.299150799
Bi2Yb1Sr2_a2c1c2_sg164_cscaled,-3.418230886
Sb2Yb1Sr2_a2c1c2_sg164_cscaled,-3.574916506
Sb2Yb1Sr2_a2c1c2_sg164_bscaled,-3.577287975
P2Ba1Yb2_a2c1c2_sg164_cscaled,-4.275759754
Bi2Hg1Yb2_a2c1c2_sg164_cscaled,-2.867795362
P2Hg1Yb2_a2c1c2_sg164_bscaled,-3.622002583
As2Yb1Mg2_a2c1c2_sg164_ascaled,-3.734936058
P2Yb1Zn2_a2c1c2_sg164_bscaled,-3.709493204
P2Yb3Yb3_a2c1c2_sg164_bscaled,-4.201966088
As2Yb1Hg2_a2c1c2_sg164_ascaled,-2.664243778
Sb2Zn1Yb2_a2c1c2_sg164_ascaled,-3.130836163
As2Yb1Sr2_a2c1c2_sg164_bscaled,-3.905489238
Sb2Yb1Mg2_a2c1c2_sg164_cscaled,-3.271677762
Sb2Yb1Ca2_a2c1c2_sg164_ascaled,-3.718685097
Sb2Ba1Yb2_a2c1c2_sg164_cscaled,-3.648792312
Sb2Yb1Cd2_a2c1c2_sg164_ascaled,-2.767493734
Sb2Yb1Zn2_a2c1c2_sg164_bscaled,-2.905985507
P2Hg1Yb2_a2c1c2_sg164_cscaled,-3.622260468
P2Yb1Ba2_a2c1c2_sg164_ascaled,-4.143306536
P2Sr1Yb2_a2c1c2_sg164_ascaled,-4.241575196
As2Be1Yb2_a2c1c2_sg164_bscaled,-3.992862257
Bi2Yb1Zn2_a2c1c2_sg164_ascaled,-2.715431713
As2Yb1Zn2_a2c1c2_sg164_bscaled,-3.351930437
Bi2Hg1Yb2_a2c1c2_sg164_bscaled,-2.867242636
As2Yb1Be2_a2c1c2_sg164_ascaled,-4.299781102
P2Sr1Yb2_a2c1c2_sg164_cscaled,-4.24190069
Bi2Ca1Yb2_a2c1c2_sg164_ascaled,-3.452725655
As2Be1Yb2_a2c1c2_sg164_cscaled,-3.992241539
P2Yb1Ca2_a2c1c2_sg164_ascaled,-4.380395753
Bi2Yb1Mg2_a2c1c2_sg164_ascaled,-3.082960895
As2Yb1Mg2_a2c1c2_sg164_bscaled,-3.734936084
As2Sr1Yb2_a2c1c2_sg164_bscaled,-3.964033501
Sb2Yb1Cd2_a2c1c2_sg164_bscaled,-2.767492773
Sb2Yb1Be2_a2c1c2_sg164_ascaled,-3.720452129
As2Cd1Yb2_a2c1c2_sg164_bscaled,-3.468133724
As2Yb1Ca2_a2c1c2_sg164_ascaled,-4.102402411
P2Mn1Yb2_a2c1c2_sg164_ascaled,-4.53874161
Bi2Mg1Yb2_a2c1c2_sg164_bscaled,-3.108960149
As2Be1Yb2_a2c1c2_sg164_ascaled,-3.992862813
P2Yb1Hg2_a2c1c2_sg164_cscaled,-2.926163105
P2Be1Yb2_a2c1c2_sg164_cscaled,-4.239306681
P2Be1Yb2_a2c1c2_sg164_ascaled,-4.357157941
Bi2Zn1Yb2_a2c1c2_sg164_ascaled,-2.987459091
As2Mg1Yb2_a2c1c2_sg164_bscaled,-3.664930669
Sb2Yb1Mn2_a2c1c2_sg164_ascaled,-4.103548308
Sb2Yb3Yb3_a2c1c2_sg164_cscaled,-3.495486335
Sb2Yb1Be2_a2c1c2_sg164_cscaled,-3.715013629
Sb2Yb1Mn2_a2c1c2_sg164_cscaled,-4.095752009
P2Cd1Yb2_a2c1c2_sg164_ascaled,-3.754545364
As2Yb3Yb3_a2c1c2_sg164_bscaled,-3.906455449
Bi2Mn2Mg1_a2c1c2_sg36,-3.629415003
As2Ba3Ba3_a2c1c2_sg36,-4.021714179
Sb2Ba2Mg1_a2c1c2_sg36,-3.665082013
Sb2Zn2Hg1_a2c1c2_sg36,-2.140740605
Sb2Cd2Ba1_a2c1c2_sg36,-2.878697437
P2Ba2Sr1_a2c1c2_sg36,-4.25781444
Bi2Zn2Sr1_a2c1c2_sg36,-2.75820387
As2Hg2Be1_a2c1c2_sg36,-2.617382952
P2Mg3Mg3_a2c1c2_sg36,-3.675246237
Bi2Cd2Ca1_a2c1c2_sg36,-2.669106231
P2Be2Hg1_a2c1c2_sg36,-3.759691515
As2Be2Ca1_a2c1c2_sg36,-4.316311073
Sb2Be2Zn1_a2c1c2_sg36,-3.166756268
Bi2Mg2Hg1_a2c1c2_sg36,-2.370763485
P2Ca2Hg1_a2c1c2_sg36,-3.840381739
As2Hg3Hg3_a2c1c2_sg36,-1.965100384
P2Sr3Sr3_a2c1c2_sg36,-4.149459476
Bi2Hg2Ca1_a2c1c2_sg36,-2.421058753
As2Mg2Zn1_a2c1c2_sg36,-3.163485891
Sb2Sr2Cd1_a2c1c2_sg36,-3.34598068
P2Mg2Zn1_a2c1c2_sg36,-3.503968213
P2Sr2Be1_a2c1c2_sg36,-4.473793272
As2Ca2Sr1_a2c1c2_sg36,-4.005881083
P2Mg2Hg1_a2c1c2_sg36,-3.13937559
Bi2Be2Sr1_a2c1c2_sg36,-3.512070294
Bi2Zn2Mg1_a2c1c2_sg36,-2.401116611
P2Zn2Ba1_a2c1c2_sg36,-3.411837189
Sb2Hg2Zn1_a2c1c2_sg36,-1.89649102
As2Ba2Mn1_a2c1c2_sg36,-4.234927312
Sb2Ca2Sr1_a2c1c2_sg36,-3.730306804
As2Ca2Cd1_a2c1c2_sg36,-3.776758866
Bi2Be3Be3_a2c1c2_sg36,-3.421632042
Bi2Ba2Mn1_a2c1c2_sg36,-3.704210665
Bi2Hg2Ba1_a2c1c2_sg36,-2.42309981
P2Zn2Ca1_a2c1c2_sg36,-3.612608367
As2Mn2Cd1_a2c1c2_sg36,-4.112956237
Bi2Ca2Zn1_a2c1c2_sg36,-3.304622419
As2Be2Hg1_a2c1c2_sg36,-3.381155609
P2Hg2Mg1_a2c1c2_sg36,-2.688933448
Sb2Sr2Mn1_a2c1c2_sg36,-3.8314812
Sb2Sr2Zn1_a2c1c2_sg36,-3.39542157
Sb2Sr2Be1_a2c1c2_sg36,-3.735477212
As2Mn2Hg1_a2c1c2_sg36,-3.983480711
Sb2Mn2Cd1_a2c1c2_sg36,-3.684458138
Bi2Be2Zn1_a2c1c2_sg36,-2.99898012
Sb2Sr2Ba1_a2c1c2_sg36,-3.663940507
Sb2Be2Ca1_a2c1c2_sg36,-3.774084481
P2Ca3Ca3_a2c1c2_sg36,-4.413387218
As2Hg2Cd1_a2c1c2_sg36,-2.148718166
As2Zn2Ca1_a2c1c2_sg36,-3.326398604
Sb2Be2Hg1_a2c1c2_sg36,-2.95321622
As2Mg2Sr1_a2c1c2_sg36,-3.570351932
P2Zn3Zn3_a2c1c2_sg36,-2.99184401
Sb2Ba2Ca1_a2c1c2_sg36,-3.866817606
Sb2Zn2Ba1_a2c1c2_sg36,-2.998600374
As2Hg2Mg1_a2c1c2_sg36,-2.414801424
Bi2Sr2Mg1_a2c1c2_sg36,-3.380673565
P2Ca2Mn1_a2c1c2_sg36,-4.793465435
P2Hg2Cd1_a2c1c2_sg36,-2.358738406
Sb2Hg2Mg1_a2c1c2_sg36,-2.073422206
As2Hg2Mn1_a2c1c2_sg36,-2.838490182
P2Sr2Mg1_a2c1c2_sg36,-4.185323973
Bi2Be2Mg1_a2c1c2_sg36,-3.15039502
P2Hg2Ba1_a2c1c2_sg36,-3.037227859
As2Be2Cd1_a2c1c2_sg36,-3.58178792
Sb2Mn2Ca1_a2c1c2_sg36,-4.155798873
Sb2Zn2Ca1_a2c1c2_sg36,-2.953076263
Bi2Sr2Be1_a2c1c2_sg36,-3.542399587
Bi2Mn3Mn3_a2c1c2_sg36,-4.250735236
As2Mg2Ba1_a2c1c2_sg36,-3.725004785
Sb2Mg2Be1_a2c1c2_sg36,-3.132579378
P2Mg2Ca1_a2c1c2_sg36,-4.044194754
Sb2Zn3Zn3_a2c1c2_sg36,-2.334863755
P2Cd2Ba1_a2c1c2_sg36,-3.218336655
P2Hg2Zn1_a2c1c2_sg36,-2.467462281
As2Mn2Zn1_a2c1c2_sg36,-4.153949954
Bi2Cd3Cd3_a2c1c2_sg36,-2.106447743
Bi2Mg2Ba1_a2c1c2_sg36,-3.166126974
As2Zn2Mg1_a2c1c2_sg36,-2.912413822
P2Ca2Zn1_a2c1c2_sg36,-4.200482527
As2Zn2Hg1_a2c1c2_sg36,-2.443410237
Bi2Mg2Sr1_a2c1c2_sg36,-3.092550584
Sb2Mg2Ba1_a2c1c2_sg36,-3.334820917
Bi2Ba3Ba3_a2c1c2_sg36,-3.626132725
Sb2Ca2Ba1_a2c1c2_sg36,-3.755558869
Bi2Mn2Ca1_a2c1c2_sg36,-3.833564674
Bi2Hg3Hg3_a2c1c2_sg36,-1.775580564
Bi2Sr2Mn1_a2c1c2_sg36,-3.59052551
Bi2Be2Ba1_a2c1c2_sg36,-3.565095076
Bi2Ca3Ca3_a2c1c2_sg36,-3.633983812
Sb2Mn2Mg1_a2c1c2_sg36,-3.867173504
Bi2Sr2Zn1_a2c1c2_sg36,-3.225530482
Sb2Ba2Sr1_a2c1c2_sg36,-3.765023063
Sb2Ba3Ba3_a2c1c2_sg36,-3.760158086
P2Zn2Cd1_a2c1c2_sg36,-2.931554126
P2Mn3Mn3_a2c1c2_sg36,-5.843160147
As2Cd2Mn1_a2c1c2_sg36,-3.146801306
Sb2Zn2Mg1_a2c1c2_sg36,-2.558679162
As2Ba2Mg1_a2c1c2_sg36,-3.975958956
Sb2Ca3Ca3_a2c1c2_sg36,-3.802698874
Sb2Cd2Mn1_a2c1c2_sg36,-2.848211797
As2Zn2Sr1_a2c1c2_sg36,-3.283558294
As2Ba2Be1_a2c1c2_sg36,-4.202309388
Bi2Cd2Ba1_a2c1c2_sg36,-2.679541185
As2Ba2Hg1_a2c1c2_sg36,-3.565901019
Bi2Mn2Zn1_a2c1c2_sg36,-3.525145878
Sb2Ba2Cd1_a2c1c2_sg36,-3.470407425
As2Ba2Ca1_a2c1c2_sg36,-4.161485613
As2Cd2Mg1_a2c1c2_sg36,-2.739021753
As2Zn2Cd1_a2c1c2_sg36,-2.632249561
P2Ca2Be1_a2c1c2_sg36,-4.66350031
As2Mn2Mg1_a2c1c2_sg36,-4.491591396
As2Sr2Be1_a2c1c2_sg36,-4.164545593
Sb2Mg3Mg3_a2c1c2_sg36,-2.898433457
P2Zn2Be1_a2c1c2_sg36,-3.549527552
Sb2Cd2Mg1_a2c1c2_sg36,-2.410784991
As2Ba2Zn1_a2c1c2_sg36,-3.809592516
Bi2Cd2Mn1_a2c1c2_sg36,-2.740572223
Sb2Mn2Hg1_a2c1c2_sg36,-3.488364952
P2Mg2Be1_a2c1c2_sg36,-4.040569348
As2Zn2Ba1_a2c1c2_sg36,-3.365869584
P2Ba3Ba3_a2c1c2_sg36,-4.23274338
Sb2Sr2Hg1_a2c1c2_sg36,-3.166802799
Sb2Zn2Mn1_a2c1c2_sg36,-3.060225034
As2Be2Mn1_a2c1c2_sg36,-4.415887996
Bi2Mn2Ba1_a2c1c2_sg36,-3.812601937
P2Mn2Hg1_a2c1c2_sg36,-4.196718142
Sb2Be2Sr1_a2c1c2_sg36,-3.754914378
As2Cd2Be1_a2c1c2_sg36,-2.93689704
Bi2Ba2Cd1_a2c1c2_sg36,-3.329274094
P2Mg2Sr1_a2c1c2_sg36,-3.969334844
As2Sr2Cd1_a2c1c2_sg36,-3.674229892
P2Be2Mn1_a2c1c2_sg36,-4.937491846
Sb2Mg2Ca1_a2c1c2_sg36,-3.30079663
As2Mg2Hg1_a2c1c2_sg36,-2.843594288
As2Sr2Zn1_a2c1c2_sg36,-3.752564402
Bi2Mg2Mn1_a2c1c2_sg36,-3.099045624
Bi2Ca2Be1_a2c1c2_sg36,-3.659848251
Bi2Ba2Sr1_a2c1c2_sg36,-3.621502017
Sb2Ca2Hg1_a2c1c2_sg36,-3.229950248
As2Be2Mg1_a2c1c2_sg36,-3.863058958
P2Cd3Cd3_a2c1c2_sg36,-2.694284127
Sb2Ba2Hg1_a2c1c2_sg36,-3.297041481
Bi2Be2Mn1_a2c1c2_sg36,-3.751413248
Bi2Cd2Hg1_a2c1c2_sg36,-1.958508091
P2Cd2Sr1_a2c1c2_sg36,-3.313881073
As2Cd2Hg1_a2c1c2_sg36,-2.267086769
As2Mn2Ca1_a2c1c2_sg36,-4.571210288
As2Zn3Zn3_a2c1c2_sg36,-2.671746271
Bi2Mg2Ca1_a2c1c2_sg36,-3.110351774
Sb2Ca2Mg1_a2c1c2_sg36,-3.633943761
Bi2Cd2Be1_a2c1c2_sg36,-2.483556279
Sb2Be3Be3_a2c1c2_sg36,-3.620715638
As2Ca2Be1_a2c1c2_sg36,-4.317880018
P2Be2Mg1_a2c1c2_sg36,-4.320732864
P2Ca2Mg1_a2c1c2_sg36,-4.334363063
As2Ba2Cd1_a2c1c2_sg36,-3.752362057
Sb2Mn2Zn1_a2c1c2_sg36,-3.743951801
Sb2Mn3Mn3_a2c1c2_sg36,-4.53240602
As2Ca2Ba1_a2c1c2_sg36,-4.139921551
Sb2Ca2Mn1_a2c1c2_sg36,-3.964882204
Sb2Cd2Hg1_a2c1c2_sg36,-2.001811057
Sb2Mn2Ba1_a2c1c2_sg36,-4.221096777
P2Cd2Mn1_a2c1c2_sg36,-3.554599963
As2Cd2Ba1_a2c1c2_sg36,-3.15064924
Sb2Sr3Sr3_a2c1c2_sg36,-3.613716989
P2Sr2Hg1_a2c1c2_sg36,-3.722077551
As2Sr2Mg1_a2c1c2_sg36,-3.915795045
P2Sr2Mn1_a2c1c2_sg36,-4.553926289
Sb2Hg2Ba1_a2c1c2_sg36,-2.527697862
P2Mg2Cd1_a2c1c2_sg36,-3.323656561
P2Ca2Ba1_a2c1c2_sg36,-4.431932461
Bi2Be2Ca1_a2c1c2_sg36,-3.529372086
P2Be3Be3_a2c1c2_sg36,-4.650870382
Sb2Ba2Be1_a2c1c2_sg36,-3.84927478
Sb2Ba2Mn1_a2c1c2_sg36,-3.889911154
As2Mg2Mn1_a2c1c2_sg36,-3.795194634
As2Hg2Sr1_a2c1c2_sg36,-2.63220296
Sb2Cd2Ca1_a2c1c2_sg36,-2.803153001
As2Hg2Ba1_a2c1c2_sg36,-2.7892783
P2Be2Cd1_a2c1c2_sg36,-3.990126275
Sb2Mg2Mn1_a2c1c2_sg36,-3.304896042
P2Hg2Be1_a2c1c2_sg36,-2.928472918
As2Ba2Sr1_a2c1c2_sg36,-4.03926442
Sb2Sr2Mg1_a2c1c2_sg36,-3.553865587
Sb2Hg3Hg3_a2c1c2_sg36,-1.696842829
Sb2Zn2Sr1_a2c1c2_sg36,-2.931387115
As2Zn2Mn1_a2c1c2_sg36,-3.385828082
Bi2Zn2Hg1_a2c1c2_sg36,-2.057457928
P2Ba2Hg1_a2c1c2_sg36,-3.785625983
Sb2Zn2Cd1_a2c1c2_sg36,-2.293633678
P2Sr2Zn1_a2c1c2_sg36,-4.025772189
As2Ca3Ca3_a2c1c2_sg36,-4.147692202
Sb2Mn2Sr1_a2c1c2_sg36,-4.111410933
As2Ca2Mg1_a2c1c2_sg36,-4.038380418
Bi2Ca2Mn1_a2c1c2_sg36,-3.739958671
Bi2Hg2Sr1_a2c1c2_sg36,-2.415976595
P2Mn2Cd1_a2c1c2_sg36,-4.484502714
P2Ba2Cd1_a2c1c2_sg36,-3.979305339
Bi2Ca2Hg1_a2c1c2_sg36,-3.077265883
Sb2Sr2Ca1_a2c1c2_sg36,-3.73252628
P2Sr2Ca1_a2c1c2_sg36,-4.310720761
P2Mn2Sr1_a2c1c2_sg36,-5.076818204
As2Be3Be3_a2c1c2_sg36,-4.060436209
Sb2Be2Mn1_a2c1c2_sg36,-3.957352712
As2Cd2Zn1_a2c1c2_sg36,-2.511680044
Bi2Mn2Hg1_a2c1c2_sg36,-3.294345286
Bi2Ba2Be1_a2c1c2_sg36,-3.672818727
Bi2Mg2Zn1_a2c1c2_sg36,-2.561292772
Sb2Hg2Sr1_a2c1c2_sg36,-2.402937255
Sb2Hg2Be1_a2c1c2_sg36,-2.341212436
As2Mn2Be1_a2c1c2_sg36,-4.821960016
Bi2Cd2Zn1_a2c1c2_sg36,-2.150969185
P2Cd2Hg1_a2c1c2_sg36,-2.49371181
Bi2Ba2Mg1_a2c1c2_sg36,-3.509783448
Bi2Zn2Ba1_a2c1c2_sg36,-2.667707311
Bi2Ca2Mg1_a2c1c2_sg36,-3.450774898
Sb2Be2Ba1_a2c1c2_sg36,-3.787335966
Sb2Mg2Cd1_a2c1c2_sg36,-2.651312573
P2Ba2Zn1_a2c1c2_sg36,-4.06032847
As2Zn2Be1_a2c1c2_sg36,-3.098767505
Sb2Be2Mg1_a2c1c2_sg36,-3.375922997
Bi2Hg2Mn1_a2c1c2_sg36,-2.402271564
P2Cd2Zn1_a2c1c2_sg36,-2.79152923
Bi2Zn3Zn3_a2c1c2_sg36,-2.230575594
Bi2Sr3Sr3_a2c1c2_sg36,-3.474833071
As2Sr3Sr3_a2c1c2_sg36,-3.913666242
Sb2Hg2Cd1_a2c1c2_sg36,-1.836451606
P2Mn2Ba1_a2c1c2_sg36,-5.047467967
As2Cd2Sr1_a2c1c2_sg36,-3.089668201
Sb2Zn2Be1_a2c1c2_sg36,-2.728704755
P2Hg2Sr1_a2c1c2_sg36,-2.886660551
Sb2Be2Cd1_a2c1c2_sg36,-3.149721129
P2Ca2Cd1_a2c1c2_sg36,-4.052257733
Bi2Ba2Ca1_a2c1c2_sg36,-3.71473457
Bi2Zn2Be1_a2c1c2_sg36,-2.572328251
Bi2Zn2Ca1_a2c1c2_sg36,-2.774807537
P2Be2Zn1_a2c1c2_sg36,-4.063303616
Sb2Ba2Zn1_a2c1c2_sg36,-3.492258082
Sb2Cd2Sr1_a2c1c2_sg36,-2.794018456
As2Cd3Cd3_a2c1c2_sg36,-2.438901826
Bi2Cd2Mg1_a2c1c2_sg36,-2.319967569
Bi2Hg2Zn1_a2c1c2_sg36,-1.879491706
Bi2Mn2Cd1_a2c1c2_sg36,-3.376153489
Bi2Hg2Be1_a2c1c2_sg36,-2.259493378
P2Sr2Cd1_a2c1c2_sg36,-3.925676616
Sb2Mn2Be1_a2c1c2_sg36,-4.312398267
As2Mg3Mg3_a2c1c2_sg36,-3.346418787
Sb2Cd2Be1_a2c1c2_sg36,-2.641212389
Bi2Mg2Be1_a2c1c2_sg36,-2.926578449
P2Cd2Ca1_a2c1c2_sg36,-3.406717603
As2Mn3Mn3_a2c1c2_sg36,-5.10570463
Sb2Ca2Be1_a2c1c2_sg36,-3.868407925
Bi2Mn2Be1_a2c1c2_sg36,-4.077797929
P2Mg2Mn1_a2c1c2_sg36,-4.244607916
As2Hg2Ca1_a2c1c2_sg36,-2.688738856
P2Ca2Sr1_a2c1c2_sg36,-4.364175693
As2Be2Ba1_a2c1c2_sg36,-4.27707092
As2Sr2Ca1_a2c1c2_sg36,-4.060803258
As2Mg2Ca1_a2c1c2_sg36,-3.731353736
As2Mg2Cd1_a2c1c2_sg36,-3.028627269
Bi2Zn2Cd1_a2c1c2_sg36,-2.193739228
As2Sr2Ba1_a2c1c2_sg36,-3.902000324
Bi2Ca2Ba1_a2c1c2_sg36,-3.594797044
Bi2Hg2Cd1_a2c1c2_sg36,-1.83047065
P2Hg2Ca1_a2c1c2_sg36,-2.984800877
P2Zn2Hg1_a2c1c2_sg36,-2.728238999
Sb2Mg2Sr1_a2c1c2_sg36,-3.276396494
P2Mn2Be1_a2c1c2_sg36,-5.451410586
P2Zn2Sr1_a2c1c2_sg36,-3.565551933
P2Mn2Ca1_a2c1c2_sg36,-5.06978346
P2Mn2Mg1_a2c1c2_sg36,-5.093803789
P2Ba2Ca1_a2c1c2_sg36,-4.391297732
Bi2Ca2Sr1_a2c1c2_sg36,-3.529480071
Sb2Cd2Zn1_a2c1c2_sg36,-2.224706275
Bi2Mn2Sr1_a2c1c2_sg36,-3.724219072
Sb2Ca2Cd1_a2c1c2_sg36,-3.415123696
Bi2Mg2Cd1_a2c1c2_sg36,-2.508604244
Sb2Hg2Ca1_a2c1c2_sg36,-2.509316923
Sb2Mg2Zn1_a2c1c2_sg36,-2.725255271
As2Cd2Ca1_a2c1c2_sg36,-3.058855189
As2Hg2Zn1_a2c1c2_sg36,-2.198833631
P2Cd2Mg1_a2c1c2_sg36,-3.025776446
P2Be2Ba1_a2c1c2_sg36,-4.36063446
As2Sr2Hg1_a2c1c2_sg36,-3.478465849
As2Mn2Sr1_a2c1c2_sg36,-4.373789363
Bi2Be2Cd1_a2c1c2_sg36,-2.92269633
Sb2Mg2Hg1_a2c1c2_sg36,-2.479619119
P2Ba2Mg1_a2c1c2_sg36,-4.219544524
Sb2Ca2Zn1_a2c1c2_sg36,-3.494437783
Sb2Cd3Cd3_a2c1c2_sg36,-2.169561715
P2Mn2Zn1_a2c1c2_sg36,-4.876776406
P2Hg2Mn1_a2c1c2_sg36,-3.192993616
P2Ba2Mn1_a2c1c2_sg36,-4.582870829
P2Be2Ca1_a2c1c2_sg36,-4.722569657
P2Hg3Hg3_a2c1c2_sg36,-2.212431108
As2Mn2Ba1_a2c1c2_sg36,-4.717769477
Bi2Zn2Mn1_a2c1c2_sg36,-2.847871437
As2Mg2Be1_a2c1c2_sg36,-3.649582954
As2Be2Zn1_a2c1c2_sg36,-3.662152749
P2Zn2Mn1_a2c1c2_sg36,-3.826048857
P2Ba2Be1_a2c1c2_sg36,-4.480628571
As2Sr2Mn1_a2c1c2_sg36,-4.223083684
As2Ca2Mn1_a2c1c2_sg36,-4.413477429
Sb2Hg2Mn1_a2c1c2_sg36,-2.532860758
P2Cd2Be1_a2c1c2_sg36,-3.229868398
Bi2Sr2Hg1_a2c1c2_sg36,-3.020122652
Bi2Ba2Zn1_a2c1c2_sg36,-3.345410361
As2Be2Sr1_a2c1c2_sg36,-4.231551311
Bi2Sr2Cd1_a2c1c2_sg36,-3.18970193
Bi2Sr2Ca1_a2c1c2_sg36,-3.569314188
Bi2Ba2Hg1_a2c1c2_sg36,-3.170366925
As2Ca2Hg1_a2c1c2_sg36,-3.572809507
Bi2Mg3Mg3_a2c1c2_sg36,-2.724145515
P2Sr2Ba1_a2c1c2_sg36,-4.133663999
Bi2Ca2Cd1_a2c1c2_sg36,-3.247301629
Bi2Be2Hg1_a2c1c2_sg36,-2.838177506
P2Mg2Ba1_a2c1c2_sg36,-4.008676072
P2Zn2Mg1_a2c1c2_sg36,-3.247560777
Bi2Sr2Ba1_a2c1c2_sg36,-3.516363712
Bi2Hg2Mg1_a2c1c2_sg36,-2.052604431
As2Ca2Zn1_a2c1c2_sg36,-3.895662784
P2Be2Sr1_a2c1c2_sg36,-4.630328179
Bi2Cd2Sr1_a2c1c2_sg36,-2.659821913
Bi2Yb2Mn1_a2c1c2_sg36,-3.569780783
Sb2Yb2Ca1_a2c1c2_sg36,-3.579369596
Sb2Yb2Ba1_a2c1c2_sg36,-3.531807593
Bi2Hg2Yb1_a2c1c2_sg36,-2.344939447
Sb2Mn2Yb1_a2c1c2_sg36,-4.108491028
As2Yb2Sr1_a2c1c2_sg36,-3.813903124
Sb2Yb2Zn1_a2c1c2_sg36,-3.299227537
As2Yb2Ba1_a2c1c2_sg36,-3.857216036
P2Yb2Cd1_a2c1c2_sg36,-3.9020929
As2Sr2Yb1_a2c1c2_sg36,-3.959687272
Sb2Yb2Mg1_a2c1c2_sg36,-3.416279453
P2Cd2Yb1_a2c1c2_sg36,-3.333366664
P2Yb2Be1_a2c1c2_sg36,-4.499086017
P2Yb2Hg1_a2c1c2_sg36,-3.699360369
P2Hg2Yb1_a2c1c2_sg36,-2.916236829
As2Yb2Cd1_a2c1c2_sg36,-3.606136749
P2Sr2Yb1_a2c1c2_sg36,-4.217638423
Sb2Sr2Yb1_a2c1c2_sg36,-3.616830954
Bi2Yb2Ba1_a2c1c2_sg36,-3.38872303
As2Mn2Yb1_a2c1c2_sg36,-4.596305133
Sb2Mg2Yb1_a2c1c2_sg36,-3.193155592
Bi2Sr2Yb1_a2c1c2_sg36,-3.467016125
P2Yb2Ca1_a2c1c2_sg36,-4.220923342
Bi2Yb2Cd1_a2c1c2_sg36,-3.065206282
Sb2Yb3Yb3_a2c1c2_sg36,-3.4710481
As2Ba2Yb1_a2c1c2_sg36,-4.057955213
As2Mg2Yb1_a2c1c2_sg36,-3.635970098
As2Yb3Yb3_a2c1c2_sg36,-3.85030275
As2Ca2Yb1_a2c1c2_sg36,-4.048429208
P2Yb2Zn1_a2c1c2_sg36,-4.062240627
Bi2Yb2Be1_a2c1c2_sg36,-3.485450449
As2Cd2Yb1_a2c1c2_sg36,-3.029961165
Sb2Ba2Yb1_a2c1c2_sg36,-3.7499348
Bi2Cd2Yb1_a2c1c2_sg36,-2.577348328
Sb2Yb2Mn1_a2c1c2_sg36,-3.769616052
Bi2Ca2Yb1_a2c1c2_sg36,-3.537355036
Sb2Ca2Yb1_a2c1c2_sg36,-3.684307566
Sb2Be2Yb1_a2c1c2_sg36,-3.676619504
Bi2Zn2Yb1_a2c1c2_sg36,-2.69700438
As2Yb2Ca1_a2c1c2_sg36,-3.943048458
As2Yb2Mn1_a2c1c2_sg36,-4.24909582
Bi2Yb2Ca1_a2c1c2_sg36,-3.431756585
Bi2Yb2Hg1_a2c1c2_sg36,-2.902618988
As2Be2Yb1_a2c1c2_sg36,-4.244970987
As2Zn2Yb1_a2c1c2_sg36,-3.250262017
Sb2Yb2Be1_a2c1c2_sg36,-3.665497227
As2Yb2Mg1_a2c1c2_sg36,-3.845996223
Bi2Yb3Yb3_a2c1c2_sg36,-3.34027541
Bi2Ba2Yb1_a2c1c2_sg36,-3.60958999
As2Hg2Yb1_a2c1c2_sg36,-2.671585331
Bi2Yb2Sr1_a2c1c2_sg36,-3.32341196
As2Yb2Be1_a2c1c2_sg36,-4.147655691
P2Yb2Sr1_a2c1c2_sg36,-4.065848287
Bi2Mg2Yb1_a2c1c2_sg36,-3.0146796
Sb2Hg2Yb1_a2c1c2_sg36,-2.422886142
Sb2Zn2Yb1_a2c1c2_sg36,-2.858135174
P2Yb3Yb3_a2c1c2_sg36,-4.138009752
As2Yb2Zn1_a2c1c2_sg36,-3.735883329
P2Be2Yb1_a2c1c2_sg36,-4.66641702
Sb2Cd2Yb1_a2c1c2_sg36,-2.701522244
P2Yb2Ba1_a2c1c2_sg36,-4.251094652
Bi2Yb2Zn1_a2c1c2_sg36,-3.133037213
Bi2Be2Yb1_a2c1c2_sg36,-3.442792501
P2Ca2Yb1_a2c1c2_sg36,-4.322385237
P2Mg2Yb1_a2c1c2_sg36,-3.955583326
Sb2Yb2Cd1_a2c1c2_sg36,-3.211705538
Sb2Yb2Hg1_a2c1c2_sg36,-3.031111113
Sb2Yb2Sr1_a2c1c2_sg36,-3.507902835
Bi2Mn2Yb1_a2c1c2_sg36,-3.752561214
P2Yb2Mg1_a2c1c2_sg36,-4.155832901
P2Ba2Yb1_a2c1c2_sg36,-4.295159342
P2Zn2Yb1_a2c1c2_sg36,-3.579188864
Bi2Yb2Mg1_a2c1c2_sg36,-3.254201319
As2Yb2Hg1_a2c1c2_sg36,-3.408984315
P2Yb2Mn1_a2c1c2_sg36,-4.648427955