P2Be2Cd1_a2c1c2_sg139_ascaled,-4.001579185,15
P2Ca2Ba1_a2c1c2_sg139_cscaled,-4.29039162,15
P2Zn2Cd1_a2c1c2_sg139_ascaled,-2.90739359,15
P2Cd3Cd3_a2c1c2_sg139_bscaled,-2.641355535,15
P2Mg2Hg1_a2c1c2_sg139_ascaled,-3.210014202,15
P2Hg2Mn1_a2c1c2_sg139_bscaled,-3.225912721,15
P2Zn2Mg1_a2c1c2_sg139_cscaled,-3.195634406,15
P2Cd2Mn1_a2c1c2_sg139_bscaled,-3.554367321,15
P2Mg2Sr1_a2c1c2_sg139_ascaled,-3.963528337,15
P2Ca2Be1_a2c1c2_sg139_ascaled,-4.167621239,15
P2Mg2Ca1_a2c1c2_sg139_bscaled,-3.938926812,15
P2Sr2Cd1_a2c1c2_sg139_ascaled,-3.698628078,15
P2Zn2Hg1_a2c1c2_sg139_cscaled,-2.761905554,15
P2Be2Mn1_a2c1c2_sg139_ascaled,-4.911212659,15
P2Hg2Mn1_a2c1c2_sg139_ascaled,-3.278628438,15
P2Hg2Mg1_a2c1c2_sg139_bscaled,-2.602117221,15
P2Cd2Ba1_a2c1c2_sg139_bscaled,-3.405105286,15
P2Zn2Hg1_a2c1c2_sg139_bscaled,-2.785060609,15
P2Sr3Sr3_a2c1c2_sg139_cscaled,-3.802975444,15
P2Mn2Zn1_a2c1c2_sg139_ascaled,-4.675913003,15
P2Ca3Ca3_a2c1c2_sg139_bscaled,-4.403855987,15
P2Be2Hg1_a2c1c2_sg139_ascaled,-3.869790703,15
P2Ba2Hg1_a2c1c2_sg139_ascaled,-3.764907042,15
P2Hg3Hg3_a2c1c2_sg139_ascaled,-2.072050879,15
P2Mn2Sr1_a2c1c2_sg139_cscaled,-5.367802662,15
P2Mn3Mn3_a2c1c2_sg139_bscaled,-5.731683995,15
P2Ba2Zn1_a2c1c2_sg139_ascaled,-3.829873052,15
P2Mg2Ba1_a2c1c2_sg139_bscaled,-4.068530021,15
P2Be2Mg1_a2c1c2_sg139_cscaled,-4.35676739,15
P2Mg2Hg1_a2c1c2_sg139_bscaled,-3.210014714,15
P2Sr2Zn1_a2c1c2_sg139_ascaled,-3.741566687,15
P2Mn2Ba1_a2c1c2_sg139_ascaled,-5.392491698,15
P2Hg2Zn1_a2c1c2_sg139_ascaled,-2.426350403,15
P2Sr2Hg1_a2c1c2_sg139_bscaled,-3.632124855,15
P2Zn2Ca1_a2c1c2_sg139_bscaled,-3.641179611,15
P2Ca2Mn1_a2c1c2_sg139_cscaled,-4.748313342,15
P2Mn2Ba1_a2c1c2_sg139_bscaled,-5.391885747,15
P2Ca3Ca3_a2c1c2_sg139_ascaled,-4.403876988,15
P2Cd2Ca1_a2c1c2_sg139_cscaled,-3.310501296,15
P2Zn2Be1_a2c1c2_sg139_bscaled,-3.344761762,15
P2Hg2Ba1_a2c1c2_sg139_ascaled,-3.024968809,15
P2Hg2Mg1_a2c1c2_sg139_ascaled,-2.602144809,15
P2Mn2Be1_a2c1c2_sg139_ascaled,-5.21483157,15
P2Ba2Ca1_a2c1c2_sg139_ascaled,-3.847043771,15
P2Be2Ba1_a2c1c2_sg139_cscaled,-4.745533217,15
P2Mg2Cd1_a2c1c2_sg139_bscaled,-3.346252226,15
P2Ca2Cd1_a2c1c2_sg139_cscaled,-3.705054914,15
P2Hg2Ca1_a2c1c2_sg139_ascaled,-2.997334932,15
P2Cd2Mn1_a2c1c2_sg139_ascaled,-3.570923464,15
P2Mg3Mg3_a2c1c2_sg139_bscaled,-3.629373252,15
P2Zn2Ba1_a2c1c2_sg139_ascaled,-3.697936674,15
P2Sr2Mg1_a2c1c2_sg139_ascaled,-3.838889765,15
P2Ca3Ca3_a2c1c2_sg139_cscaled,-4.081966909,15
P2Hg2Zn1_a2c1c2_sg139_cscaled,-2.394960862,15
P2Cd2Hg1_a2c1c2_sg139_bscaled,-2.526230812,15
P2Ca2Be1_a2c1c2_sg139_cscaled,-4.34815162,15
P2Cd2Hg1_a2c1c2_sg139_cscaled,-2.525738341,15
P2Hg3Hg3_a2c1c2_sg139_bscaled,-2.072051424,15
P2Sr2Mg1_a2c1c2_sg139_cscaled,-3.913696784,15
P2Zn2Mn1_a2c1c2_sg139_ascaled,-3.824097654,15
P2Be2Ca1_a2c1c2_sg139_cscaled,-4.734843071,15
P2Cd2Mg1_a2c1c2_sg139_cscaled,-2.909417283,15
P2Mn2Sr1_a2c1c2_sg139_ascaled,-5.363246182,15
P2Mn2Mg1_a2c1c2_sg139_cscaled,-5.174431856,15
P2Cd2Sr1_a2c1c2_sg139_bscaled,-3.302374974,15
P2Zn3Zn3_a2c1c2_sg139_bscaled,-3.001662297,15
P2Ba2Hg1_a2c1c2_sg139_bscaled,-3.764901901,15
P2Zn2Be1_a2c1c2_sg139_cscaled,-3.419937716,15
P2Zn2Ba1_a2c1c2_sg139_bscaled,-3.697937575,15
P2Hg2Be1_a2c1c2_sg139_bscaled,-2.879635815,15
P2Cd2Ca1_a2c1c2_sg139_bscaled,-3.308451683,15
P2Mn2Ca1_a2c1c2_sg139_cscaled,-5.468680712,15
P2Ca2Sr1_a2c1c2_sg139_cscaled,-4.189054677,15
P2Hg2Ba1_a2c1c2_sg139_cscaled,-3.029211933,15
P2Mg3Mg3_a2c1c2_sg139_cscaled,-3.560720393,15
P2Sr2Ba1_a2c1c2_sg139_bscaled,-3.963108157,15
P2Zn2Be1_a2c1c2_sg139_ascaled,-3.343568042,15
P2Mg2Yb1_a2c1c2_sg139_bscaled,-3.880440189,15
P2Yb2Ba1_a2c1c2_sg139_ascaled,-4.106564066,15
P2Be2Yb1_a2c1c2_sg139_ascaled,-4.673800525,15
P2Cd2Yb1_a2c1c2_sg139_cscaled,-3.231644714,15
P2Yb2Cd1_a2c1c2_sg139_ascaled,-3.519632139,15
P2Yb2Mg1_a2c1c2_sg139_ascaled,-3.572684038,15
P2Yb3Yb3_a2c1c2_sg139_ascaled,-4.08564962,15
P2Mg2Yb1_a2c1c2_sg139_cscaled,-3.862022115,15
P2Yb2Cd1_a2c1c2_sg139_bscaled,-3.519631321,15
P2Yb2Hg1_a2c1c2_sg139_bscaled,-3.618148625,15
P2Yb2Hg1_a2c1c2_sg139_cscaled,-3.623454423,15
P2Be2Yb1_a2c1c2_sg139_cscaled,-4.674352244,15
P2Yb2Mn1_a2c1c2_sg139_bscaled,-4.610448266,15
P2Mg2Yb1_a2c1c2_sg139_ascaled,-3.880364979,15
P2Sr2Yb1_a2c1c2_sg139_bscaled,-3.694853345,15
P2Be2Yb1_a2c1c2_sg139_bscaled,-4.673800523,15
P2Yb2Mn1_a2c1c2_sg139_ascaled,-4.538667973,15
P2Mg1Cd2_a2c1c2_sg164_cscaled,-3.028603623,15
P2Sr1Be2_a2c1c2_sg164_cscaled,-4.664837002,15
P2Ba1Zn2_a2c1c2_sg164_cscaled,-3.693693817,15
P2Mn3Mn3_a2c1c2_sg164_ascaled,-5.634229213,15
P2Ba1Hg2_a2c1c2_sg164_ascaled,-3.023176139,15
P2Ba1Ca2_a2c1c2_sg164_ascaled,-4.476425404,15
P2Zn1Ba2_a2c1c2_sg164_ascaled,-4.029708597,15
P2Hg1Zn2_a2c1c2_sg164_bscaled,-2.828241861,15
P2Be1Mn2_a2c1c2_sg164_ascaled,-5.502845153,15
P2Be3Be3_a2c1c2_sg164_ascaled,-4.522500745,15
P2Zn1Mg2_a2c1c2_sg164_ascaled,-3.458607976,15
P2Cd1Mn2_a2c1c2_sg164_ascaled,-4.710515565,15
P2Mg3Mg3_a2c1c2_sg164_ascaled,-3.732964577,15
P2Sr1Mg2_a2c1c2_sg164_cscaled,-4.08958658,15
P2Mn1Zn2_a2c1c2_sg164_ascaled,-3.840436651,15
P2Hg1Zn2_a2c1c2_sg164_cscaled,-2.834820311,15
P2Mg3Mg3_a2c1c2_sg164_bscaled,-3.732964987,15
P2Hg1Mn2_a2c1c2_sg164_bscaled,-4.561605648,15
P2Hg1Zn2_a2c1c2_sg164_ascaled,-2.833947381,15
P2Zn1Sr2_a2c1c2_sg164_bscaled,-3.918352342,15
P2Be1Cd2_a2c1c2_sg164_bscaled,-3.161096437,15
P2Cd1Zn2_a2c1c2_sg164_cscaled,-2.945593763,15
P2Zn1Be2_a2c1c2_sg164_cscaled,-4.077263613,15
P2Hg1Mg2_a2c1c2_sg164_ascaled,-3.21510179,15
P2Ca1Zn2_a2c1c2_sg164_ascaled,-3.768938206,15
P2Ca1Be2_a2c1c2_sg164_bscaled,-4.795508789,15
P2Sr1Cd2_a2c1c2_sg164_ascaled,-3.457549258,15
P2Hg3Hg3_a2c1c2_sg164_bscaled,-2.180510251,15
P2Sr1Ba2_a2c1c2_sg164_bscaled,-4.213591389,15
P2Ca1Ba2_a2c1c2_sg164_cscaled,-4.236196339,15
P2Mn1Ca2_a2c1c2_sg164_ascaled,-4.689323761,15
P2Ba1Ca2_a2c1c2_sg164_bscaled,-4.476425568,15
P2Cd1Mg2_a2c1c2_sg164_cscaled,-3.352340275,15
P2Zn1Sr2_a2c1c2_sg164_cscaled,-3.919540201,15
P2Cd1Sr2_a2c1c2_sg164_bscaled,-3.782669922,15
P2Be1Mg2_a2c1c2_sg164_cscaled,-3.719576116,15
P2Sr3Sr3_a2c1c2_sg164_bscaled,-4.209595767,15
P2Hg3Hg3_a2c1c2_sg164_ascaled,-2.180578865,15
P2Mn1Hg2_a2c1c2_sg164_bscaled,-3.373525859,15
P2Ca1Be2_a2c1c2_sg164_ascaled,-4.795508767,15
P2Mg3Mg3_a2c1c2_sg164_cscaled,-3.734495818,15
P2Mn1Sr2_a2c1c2_sg164_bscaled,-4.564132909,15
P2Mg1Cd2_a2c1c2_sg164_bscaled,-3.029863117,15
P2Sr1Mg2_a2c1c2_sg164_ascaled,-4.091179146,15
P2Be1Sr2_a2c1c2_sg164_cscaled,-4.31982065,15
P2Hg1Mn2_a2c1c2_sg164_cscaled,-4.564378263,15
P2Ba1Be2_a2c1c2_sg164_bscaled,-4.61234605,15
P2Mn1Hg2_a2c1c2_sg164_cscaled,-3.302586375,15
P2Zn1Hg2_a2c1c2_sg164_ascaled,-2.50471073,15
P2Cd3Cd3_a2c1c2_sg164_bscaled,-2.718362036,15
P2Mg1Mn2_a2c1c2_sg164_ascaled,-5.013809652,15
P2Zn1Ca2_a2c1c2_sg164_bscaled,-4.038236196,15
P2Cd1Ba2_a2c1c2_sg164_ascaled,-3.861282028,15
P2Be1Ba2_a2c1c2_sg164_bscaled,-4.509433289,15
P2Mg1Zn2_a2c1c2_sg164_cscaled,-3.345778542,15
P2Cd1Mg2_a2c1c2_sg164_ascaled,-3.36826774,15
P2Ba1Cd2_a2c1c2_sg164_ascaled,-3.496613097,15
P2Ca1Sr2_a2c1c2_sg164_cscaled,-4.249057834,15
P2Zn1Mg2_a2c1c2_sg164_cscaled,-3.456850591,15
P2Be3Be3_a2c1c2_sg164_cscaled,-4.525272532,15
P2Ba1Cd2_a2c1c2_sg164_bscaled,-3.496596274,15
P2Ca1Mn2_a2c1c2_sg164_bscaled,-5.326998034,15
P2Sr1Mn2_a2c1c2_sg164_bscaled,-5.186819589,15
P2Sr1Hg2_a2c1c2_sg164_ascaled,-2.967011807,15
P2Cd1Ba2_a2c1c2_sg164_cscaled,-3.855386802,15
P2Sr1Be2_a2c1c2_sg164_bscaled,-4.66609596,15
P2Cd1Sr2_a2c1c2_sg164_ascaled,-3.782665194,15
P2Be1Ba2_a2c1c2_sg164_cscaled,-4.508733683,15
P2Zn1Mn2_a2c1c2_sg164_ascaled,-4.835640089,15
P2Ca1Mg2_a2c1c2_sg164_bscaled,-4.15031105,15
P2Be1Zn2_a2c1c2_sg164_bscaled,-3.48787539,15
P2Mn1Cd2_a2c1c2_sg164_ascaled,-3.628042172,15
P2Hg1Sr2_a2c1c2_sg164_ascaled,-3.666172385,15
P2Cd1Mg2_a2c1c2_sg164_bscaled,-3.368271658,15
P2Hg1Ba2_a2c1c2_sg164_cscaled,-3.748639621,15
P2Hg1Ba2_a2c1c2_sg164_ascaled,-3.74063755,15
P2Ba1Cd2_a2c1c2_sg164_cscaled,-3.493508173,15
P2Zn1Cd2_a2c1c2_sg164_cscaled,-2.8042949,15
P2Ca1Sr2_a2c1c2_sg164_bscaled,-4.25250922,15
P2Ba1Zn2_a2c1c2_sg164_ascaled,-3.695007398,15
P2Ca1Sr2_a2c1c2_sg164_ascaled,-4.252506217,15
P2Mn1Be2_a2c1c2_sg164_ascaled,-4.880880031,15
P2Zn1Ba2_a2c1c2_sg164_cscaled,-4.027894721,15
P2Be1Sr2_a2c1c2_sg164_ascaled,-4.430689633,15
P2Ba1Sr2_a2c1c2_sg164_bscaled,-4.262949565,15
P2Zn3Zn3_a2c1c2_sg164_cscaled,-3.045194407,15
P2Ca1Mn2_a2c1c2_sg164_ascaled,-5.326984129,15
P2Cd1Be2_a2c1c2_sg164_ascaled,-3.99074677,15
P2Hg1Sr2_a2c1c2_sg164_bscaled,-3.666205594,15
P2Zn1Cd2_a2c1c2_sg164_bscaled,-2.825948343,15
P2Sr1Zn2_a2c1c2_sg164_bscaled,-3.695165506,15
P2Be1Zn2_a2c1c2_sg164_cscaled,-3.487810516,15
P2Ba1Hg2_a2c1c2_sg164_bscaled,-3.023171843,15
P2Yb1Ca2_a2c1c2_sg164_cscaled,-4.380586429,15
P2Yb3Yb3_a2c1c2_sg164_ascaled,-4.201964823,15
P2Mg1Yb2_a2c1c2_sg164_bscaled,-3.96011983,15
P2Yb1Sr2_a2c1c2_sg164_bscaled,-4.155796434,15
P2Yb1Mg2_a2c1c2_sg164_cscaled,-4.062957904,15
P2Yb1Hg2_a2c1c2_sg164_bscaled,-2.928385127,15
P2Ba1Yb2_a2c1c2_sg164_cscaled,-4.275759754,15
P2Hg1Yb2_a2c1c2_sg164_bscaled,-3.622002583,15
P2Yb1Zn2_a2c1c2_sg164_bscaled,-3.709493204,15
P2Yb3Yb3_a2c1c2_sg164_bscaled,-4.201966088,15
P2Hg1Yb2_a2c1c2_sg164_cscaled,-3.622260468,15
P2Yb1Ba2_a2c1c2_sg164_ascaled,-4.143306536,15
P2Sr1Yb2_a2c1c2_sg164_ascaled,-4.241575196,15
P2Sr1Yb2_a2c1c2_sg164_cscaled,-4.24190069,15
P2Yb1Ca2_a2c1c2_sg164_ascaled,-4.380395753,15
P2Mn1Yb2_a2c1c2_sg164_ascaled,-4.53874161,15
P2Yb1Hg2_a2c1c2_sg164_cscaled,-2.926163105,15
P2Be1Yb2_a2c1c2_sg164_cscaled,-4.239306681,15
P2Be1Yb2_a2c1c2_sg164_ascaled,-4.357157941,15
P2Cd1Yb2_a2c1c2_sg164_ascaled,-3.754545364,15
P2Ba2Sr1_a2c1c2_sg36,-4.25781444,15
P2Mg3Mg3_a2c1c2_sg36,-3.675246237,15
P2Be2Hg1_a2c1c2_sg36,-3.759691515,15
P2Ca2Hg1_a2c1c2_sg36,-3.840381739,15
P2Sr3Sr3_a2c1c2_sg36,-4.149459476,15
P2Mg2Zn1_a2c1c2_sg36,-3.503968213,15
P2Sr2Be1_a2c1c2_sg36,-4.473793272,15
P2Mg2Hg1_a2c1c2_sg36,-3.13937559,15
P2Zn2Ba1_a2c1c2_sg36,-3.411837189,15
P2Zn2Ca1_a2c1c2_sg36,-3.612608367,15
P2Hg2Mg1_a2c1c2_sg36,-2.688933448,15
P2Ca3Ca3_a2c1c2_sg36,-4.413387218,15
P2Zn3Zn3_a2c1c2_sg36,-2.99184401,15
P2Ca2Mn1_a2c1c2_sg36,-4.793465435,15
P2Hg2Cd1_a2c1c2_sg36,-2.358738406,15
P2Sr2Mg1_a2c1c2_sg36,-4.185323973,15
P2Hg2Ba1_a2c1c2_sg36,-3.037227859,15
P2Mg2Ca1_a2c1c2_sg36,-4.044194754,15
P2Cd2Ba1_a2c1c2_sg36,-3.218336655,15
P2Hg2Zn1_a2c1c2_sg36,-2.467462281,15
P2Ca2Zn1_a2c1c2_sg36,-4.200482527,15
P2Zn2Cd1_a2c1c2_sg36,-2.931554126,15
P2Mn3Mn3_a2c1c2_sg36,-5.843160147,15
P2Ca2Be1_a2c1c2_sg36,-4.66350031,15
P2Zn2Be1_a2c1c2_sg36,-3.549527552,15
P2Mg2Be1_a2c1c2_sg36,-4.040569348,15
P2Ba3Ba3_a2c1c2_sg36,-4.23274338,15
P2Mn2Hg1_a2c1c2_sg36,-4.196718142,15
P2Mg2Sr1_a2c1c2_sg36,-3.969334844,15
P2Be2Mn1_a2c1c2_sg36,-4.937491846,15
P2Cd3Cd3_a2c1c2_sg36,-2.694284127,15
P2Cd2Sr1_a2c1c2_sg36,-3.313881073,15
P2Be2Mg1_a2c1c2_sg36,-4.320732864,15
P2Ca2Mg1_a2c1c2_sg36,-4.334363063,15
P2Cd2Mn1_a2c1c2_sg36,-3.554599963,15
P2Sr2Hg1_a2c1c2_sg36,-3.722077551,15
P2Sr2Mn1_a2c1c2_sg36,-4.553926289,15
P2Mg2Cd1_a2c1c2_sg36,-3.323656561,15
P2Ca2Ba1_a2c1c2_sg36,-4.431932461,15
P2Be3Be3_a2c1c2_sg36,-4.650870382,15
P2Be2Cd1_a2c1c2_sg36,-3.990126275,15
P2Hg2Be1_a2c1c2_sg36,-2.928472918,15
P2Ba2Hg1_a2c1c2_sg36,-3.785625983,15
P2Sr2Zn1_a2c1c2_sg36,-4.025772189,15
P2Mn2Cd1_a2c1c2_sg36,-4.484502714,15
P2Ba2Cd1_a2c1c2_sg36,-3.979305339,15
P2Sr2Ca1_a2c1c2_sg36,-4.310720761,15
P2Mn2Sr1_a2c1c2_sg36,-5.076818204,15
P2Cd2Hg1_a2c1c2_sg36,-2.49371181,15
P2Ba2Zn1_a2c1c2_sg36,-4.06032847,15
P2Cd2Zn1_a2c1c2_sg36,-2.79152923,15
P2Mn2Ba1_a2c1c2_sg36,-5.047467967,15
P2Hg2Sr1_a2c1c2_sg36,-2.886660551,15
P2Ca2Cd1_a2c1c2_sg36,-4.052257733,15
P2Be2Zn1_a2c1c2_sg36,-4.063303616,15
P2Sr2Cd1_a2c1c2_sg36,-3.925676616,15
P2Cd2Ca1_a2c1c2_sg36,-3.406717603,15
P2Mg2Mn1_a2c1c2_sg36,-4.244607916,15
P2Ca2Sr1_a2c1c2_sg36,-4.364175693,15
P2Hg2Ca1_a2c1c2_sg36,-2.984800877,15
P2Zn2Hg1_a2c1c2_sg36,-2.728238999,15
P2Mn2Be1_a2c1c2_sg36,-5.451410586,15
P2Zn2Sr1_a2c1c2_sg36,-3.565551933,15
P2Mn2Ca1_a2c1c2_sg36,-5.06978346,15
P2Mn2Mg1_a2c1c2_sg36,-5.093803789,15
P2Ba2Ca1_a2c1c2_sg36,-4.391297732,15
P2Cd2Mg1_a2c1c2_sg36,-3.025776446,15
P2Be2Ba1_a2c1c2_sg36,-4.36063446,15
P2Ba2Mg1_a2c1c2_sg36,-4.219544524,15
P2Mn2Zn1_a2c1c2_sg36,-4.876776406,15
P2Hg2Mn1_a2c1c2_sg36,-3.192993616,15
P2Ba2Mn1_a2c1c2_sg36,-4.582870829,15
P2Be2Ca1_a2c1c2_sg36,-4.722569657,15
P2Hg3Hg3_a2c1c2_sg36,-2.212431108,15
P2Zn2Mn1_a2c1c2_sg36,-3.826048857,15
P2Ba2Be1_a2c1c2_sg36,-4.480628571,15
P2Cd2Be1_a2c1c2_sg36,-3.229868398,15
P2Sr2Ba1_a2c1c2_sg36,-4.133663999,15
P2Mg2Ba1_a2c1c2_sg36,-4.008676072,15
P2Zn2Mg1_a2c1c2_sg36,-3.247560777,15
P2Be2Sr1_a2c1c2_sg36,-4.630328179,15
P2Yb2Cd1_a2c1c2_sg36,-3.9020929,15
P2Cd2Yb1_a2c1c2_sg36,-3.333366664,15
P2Yb2Be1_a2c1c2_sg36,-4.499086017,15
P2Yb2Hg1_a2c1c2_sg36,-3.699360369,15
P2Hg2Yb1_a2c1c2_sg36,-2.916236829,15
P2Sr2Yb1_a2c1c2_sg36,-4.217638423,15
P2Yb2Ca1_a2c1c2_sg36,-4.220923342,15
P2Yb2Zn1_a2c1c2_sg36,-4.062240627,15
P2Yb2Sr1_a2c1c2_sg36,-4.065848287,15
P2Yb3Yb3_a2c1c2_sg36,-4.138009752,15
P2Be2Yb1_a2c1c2_sg36,-4.66641702,15
P2Yb2Ba1_a2c1c2_sg36,-4.251094652,15
P2Ca2Yb1_a2c1c2_sg36,-4.322385237,15
P2Mg2Yb1_a2c1c2_sg36,-3.955583326,15
P2Yb2Mg1_a2c1c2_sg36,-4.155832901,15
P2Ba2Yb1_a2c1c2_sg36,-4.295159342,15
P2Zn2Yb1_a2c1c2_sg36,-3.579188864,15
P2Yb2Mn1_a2c1c2_sg36,-4.648427955,15
As2Be2Ba1_a2c1c2_sg139_bscaled,-4.346811068,33
As2Sr2Zn1_a2c1c2_sg139_cscaled,-3.197136631,33
As2Ca2Ba1_a2c1c2_sg139_cscaled,-4.053901239,33
As2Mg3Mg3_a2c1c2_sg139_bscaled,-3.299162301,33
As2Be2Ca1_a2c1c2_sg139_bscaled,-4.303632389,33
As2Zn2Sr1_a2c1c2_sg139_ascaled,-3.294904216,33
As2Zn2Ba1_a2c1c2_sg139_bscaled,-3.393882069,33
As2Be2Ba1_a2c1c2_sg139_ascaled,-4.34681107,33
As2Cd2Zn1_a2c1c2_sg139_bscaled,-2.469002895,33
As2Zn2Sr1_a2c1c2_sg139_cscaled,-3.297038575,33
As2Cd2Be1_a2c1c2_sg139_ascaled,-2.867481163,33
As2Be2Sr1_a2c1c2_sg139_ascaled,-4.285360564,33
As2Zn2Be1_a2c1c2_sg139_bscaled,-3.054446229,33
As2Mn2Cd1_a2c1c2_sg139_cscaled,-4.114996098,33
As2Cd2Mn1_a2c1c2_sg139_ascaled,-3.322171951,33
As2Ca2Sr1_a2c1c2_sg139_cscaled,-4.076750482,33
As2Sr2Mg1_a2c1c2_sg139_bscaled,-3.663146249,33
As2Mg2Zn1_a2c1c2_sg139_bscaled,-2.9570213,33
As2Sr2Be1_a2c1c2_sg139_ascaled,-4.105526128,33
As2Be2Ca1_a2c1c2_sg139_ascaled,-4.303632386,33
As2Mg2Be1_a2c1c2_sg139_ascaled,-3.030390169,33
As2Sr2Mg1_a2c1c2_sg139_cscaled,-3.314874614,33
As2Mn2Be1_a2c1c2_sg139_cscaled,-4.800308743,33
As2Ba2Be1_a2c1c2_sg139_cscaled,-4.116789386,33
As2Mn3Mn3_a2c1c2_sg139_bscaled,-5.023712192,33
As2Ba2Hg1_a2c1c2_sg139_bscaled,-3.521109263,33
As2Mn2Sr1_a2c1c2_sg139_bscaled,-4.791867171,33
As2Cd3Cd3_a2c1c2_sg139_bscaled,-2.366997244,33
As2Sr2Mn1_a2c1c2_sg139_ascaled,-4.071595202,33
As2Mn2Cd1_a2c1c2_sg139_bscaled,-4.169611289,33
As2Cd2Be1_a2c1c2_sg139_bscaled,-2.867470983,33
As2Hg2Mg1_a2c1c2_sg139_cscaled,-2.326794895,33
As2Ca2Hg1_a2c1c2_sg139_bscaled,-3.399614799,33
As2Mg2Cd1_a2c1c2_sg139_bscaled,-3.020145372,33
As2Mn2Sr1_a2c1c2_sg139_ascaled,-4.791874208,33
As2Cd2Mn1_a2c1c2_sg139_bscaled,-3.258815408,33
As2Zn2Hg1_a2c1c2_sg139_ascaled,-2.475812575,33
As2Ba2Cd1_a2c1c2_sg139_ascaled,-3.570477914,33
As2Mn2Cd1_a2c1c2_sg139_ascaled,-4.167742269,33
As2Hg2Mn1_a2c1c2_sg139_cscaled,-2.834921781,33
As2Mg2Zn1_a2c1c2_sg139_ascaled,-2.956989072,33
As2Zn2Mg1_a2c1c2_sg139_ascaled,-2.890463944,33
As2Cd2Mg1_a2c1c2_sg139_ascaled,-2.681145339,33
As2Ca2Ba1_a2c1c2_sg139_ascaled,-4.056675314,33
As2Hg2Cd1_a2c1c2_sg139_ascaled,-2.068429016,33
As2Ca2Be1_a2c1c2_sg139_cscaled,-4.192843571,33
As2Hg2Ca1_a2c1c2_sg139_ascaled,-2.736897852,33
As2Cd2Mn1_a2c1c2_sg139_cscaled,-3.210196604,33
As2Ba2Ca1_a2c1c2_sg139_cscaled,-4.005232374,33
As2Zn2Cd1_a2c1c2_sg139_bscaled,-2.613134014,33
As2Hg3Hg3_a2c1c2_sg139_bscaled,-1.951532741,33
As2Ca2Mn1_a2c1c2_sg139_ascaled,-4.346254237,33
As2Sr2Be1_a2c1c2_sg139_bscaled,-4.105531008,33
As2Mg2Cd1_a2c1c2_sg139_ascaled,-3.020496436,33
As2Mg2Hg1_a2c1c2_sg139_ascaled,-2.893861894,33
As2Cd2Ca1_a2c1c2_sg139_ascaled,-3.068079064,33
As2Ba2Ca1_a2c1c2_sg139_ascaled,-4.037366988,33
As2Zn2Hg1_a2c1c2_sg139_cscaled,-2.480065294,33
As2Zn2Ca1_a2c1c2_sg139_ascaled,-3.331921817,33
As2Mn2Zn1_a2c1c2_sg139_cscaled,-4.192850942,33
As2Ba2Sr1_a2c1c2_sg139_bscaled,-3.586891808,33
As2Be2Hg1_a2c1c2_sg139_ascaled,-3.468461546,33
As2Ca2Mn1_a2c1c2_sg139_cscaled,-4.348204053,33
As2Mg2Be1_a2c1c2_sg139_bscaled,-3.03041575,33
As2Cd2Sr1_a2c1c2_sg139_cscaled,-3.072113313,33
As2Ca3Ca3_a2c1c2_sg139_ascaled,-4.120302748,33
As2Mg2Ba1_a2c1c2_sg139_ascaled,-3.777639756,33
As2Ba2Zn1_a2c1c2_sg139_ascaled,-3.585537898,33
As2Ca2Mg1_a2c1c2_sg139_bscaled,-3.871168615,33
As2Zn2Mn1_a2c1c2_sg139_ascaled,-3.482089357,33
As2Cd2Zn1_a2c1c2_sg139_ascaled,-2.468977923,33
As2Hg2Mn1_a2c1c2_sg139_bscaled,-2.823932766,33
As2Mn2Ba1_a2c1c2_sg139_cscaled,-4.845048209,33
As2Be2Ca1_a2c1c2_sg139_cscaled,-4.304017347,33
As2Be2Mg1_a2c1c2_sg139_ascaled,-3.933255238,33
As2Mg2Mn1_a2c1c2_sg139_ascaled,-3.702790424,33
As2Sr2Zn1_a2c1c2_sg139_ascaled,-3.626150187,33
As2Mg2Hg1_a2c1c2_sg139_bscaled,-2.893861809,33
As2Zn2Cd1_a2c1c2_sg139_cscaled,-2.613389477,33
As2Hg2Cd1_a2c1c2_sg139_cscaled,-1.920964427,33
As2Be2Zn1_a2c1c2_sg139_ascaled,-3.66973383,33
As2Ca2Zn1_a2c1c2_sg139_ascaled,-3.415613074,33
As2Be2Hg1_a2c1c2_sg139_bscaled,-3.468463653,33
As2Be3Be3_a2c1c2_sg139_bscaled,-4.05143576,33
As2Zn2Sr1_a2c1c2_sg139_bscaled,-3.294874998,33
As2Mg2Hg1_a2c1c2_sg139_cscaled,-2.892412698,33
As2Sr3Sr3_a2c1c2_sg139_ascaled,-3.904277467,33
As2Zn2Ba1_a2c1c2_sg139_ascaled,-3.393882174,33
As2Sr3Sr3_a2c1c2_sg139_bscaled,-3.90420133,33
As2Hg2Cd1_a2c1c2_sg139_bscaled,-2.100793453,33
As2Hg2Yb1_a2c1c2_sg139_cscaled,-2.651524413,33
As2Sr2Yb1_a2c1c2_sg139_bscaled,-3.906101026,33
As2Ba2Yb1_a2c1c2_sg139_ascaled,-3.927455567,33
As2Zn2Yb1_a2c1c2_sg139_bscaled,-3.250207292,33
As2Mg2Yb1_a2c1c2_sg139_cscaled,-3.557929119,33
As2Yb2Sr1_a2c1c2_sg139_cscaled,-3.710309926,33
As2Sr2Yb1_a2c1c2_sg139_ascaled,-3.579600408,33
As2Yb2Zn1_a2c1c2_sg139_cscaled,-3.503674084,33
As2Yb2Ca1_a2c1c2_sg139_bscaled,-3.904367583,33
As2Yb2Ba1_a2c1c2_sg139_ascaled,-3.854212401,33
As2Hg2Yb1_a2c1c2_sg139_ascaled,-2.65537762,33
As2Yb2Ca1_a2c1c2_sg139_ascaled,-3.90437195,33
As2Yb2Mn1_a2c1c2_sg139_cscaled,-4.183101061,33
As2Yb2Ba1_a2c1c2_sg139_cscaled,-3.851565124,33
As2Yb2Cd1_a2c1c2_sg139_bscaled,-3.195920533,33
As2Sr2Yb1_a2c1c2_sg139_cscaled,-3.581296703,33
As2Yb2Mg1_a2c1c2_sg139_ascaled,-3.313190577,33
As2Ba1Be2_a2c1c2_sg164_bscaled,-4.248771432,33
As2Ba1Sr2_a2c1c2_sg164_bscaled,-4.03373304,33
As2Be1Ba2_a2c1c2_sg164_ascaled,-4.210246593,33
As2Mn1Ba2_a2c1c2_sg164_cscaled,-3.732081277,33
As2Hg1Be2_a2c1c2_sg164_cscaled,-3.324931433,33
As2Mg1Sr2_a2c1c2_sg164_bscaled,-3.715177969,33
As2Mg1Hg2_a2c1c2_sg164_cscaled,-2.342691096,33
As2Sr1Cd2_a2c1c2_sg164_cscaled,-3.188868273,33
As2Ba1Cd2_a2c1c2_sg164_cscaled,-3.24436221,33
As2Ba1Mn2_a2c1c2_sg164_ascaled,-4.619028595,33
As2Sr1Mn2_a2c1c2_sg164_ascaled,-4.630822989,33
As2Mg1Cd2_a2c1c2_sg164_bscaled,-2.762099436,33
As2Ca1Be2_a2c1c2_sg164_ascaled,-4.374646186,33
As2Ba1Mg2_a2c1c2_sg164_bscaled,-3.81322247,33
As2Hg3Hg3_a2c1c2_sg164_ascaled,-1.959091796,33
As2Mg1Ca2_a2c1c2_sg164_bscaled,-3.872090309,33
As2Sr3Sr3_a2c1c2_sg164_cscaled,-3.972079335,33
As2Sr1Hg2_a2c1c2_sg164_cscaled,-2.728951608,33
As2Cd1Ba2_a2c1c2_sg164_ascaled,-3.62751374,33
As2Ca1Mn2_a2c1c2_sg164_cscaled,-4.736800586,33
As2Mg1Ca2_a2c1c2_sg164_ascaled,-3.87209079,33
As2Hg1Zn2_a2c1c2_sg164_ascaled,-2.428146641,33
As2Mn1Cd2_a2c1c2_sg164_bscaled,-3.261536354,33
As2Ca1Mn2_a2c1c2_sg164_bscaled,-4.739838996,33
As2Mg1Be2_a2c1c2_sg164_bscaled,-3.991126423,33
As2Hg1Mg2_a2c1c2_sg164_cscaled,-2.902179555,33
As2Cd1Be2_a2c1c2_sg164_bscaled,-3.606007739,33
As2Ba1Be2_a2c1c2_sg164_cscaled,-4.246132905,33
As2Be1Hg2_a2c1c2_sg164_bscaled,-2.577027107,33
As2Sr1Cd2_a2c1c2_sg164_bscaled,-3.192061175,33
As2Ca1Sr2_a2c1c2_sg164_bscaled,-4.009503005,33
As2Ca3Ca3_a2c1c2_sg164_cscaled,-4.205070477,33
As2Be1Mg2_a2c1c2_sg164_cscaled,-3.419883211,33
As2Be1Ca2_a2c1c2_sg164_ascaled,-4.192161756,33
As2Mg1Zn2_a2c1c2_sg164_cscaled,-2.997209307,33
As2Mn3Mn3_a2c1c2_sg164_bscaled,-4.939564746,33
As2Sr1Mg2_a2c1c2_sg164_bscaled,-3.782938012,33
As2Mg1Be2_a2c1c2_sg164_ascaled,-3.991126032,33
As2Sr1Mn2_a2c1c2_sg164_bscaled,-4.630822499,33
As2Cd1Mg2_a2c1c2_sg164_cscaled,-3.044388062,33
As2Be1Hg2_a2c1c2_sg164_cscaled,-2.600656386,33
As2Cd1Ca2_a2c1c2_sg164_cscaled,-3.646428108,33
As2Mg1Mn2_a2c1c2_sg164_ascaled,-4.428515359,33
As2Mg1Sr2_a2c1c2_sg164_cscaled,-3.714290825,33
As2Ba1Hg2_a2c1c2_sg164_cscaled,-2.803341736,33
As2Hg1Cd2_a2c1c2_sg164_ascaled,-2.340810723,33
As2Mn1Hg2_a2c1c2_sg164_bscaled,-3.02994618,33
As2Zn3Zn3_a2c1c2_sg164_cscaled,-2.72081417,33
As2Mn1Mg2_a2c1c2_sg164_cscaled,-3.707303913,33
As2Sr1Ca2_a2c1c2_sg164_bscaled,-4.173563278,33
As2Sr1Mg2_a2c1c2_sg164_ascaled,-3.782937962,33
As2Be1Zn2_a2c1c2_sg164_ascaled,-3.106988834,33
As2Mn1Zn2_a2c1c2_sg164_ascaled,-3.403687442,33
As2Cd1Hg2_a2c1c2_sg164_bscaled,-2.013676648,33
As2Ca1Ba2_a2c1c2_sg164_bscaled,-4.027148954,33
As2Mn1Ca2_a2c1c2_sg164_ascaled,-4.31718462,33
As2Mn1Zn2_a2c1c2_sg164_cscaled,-3.283733325,33
As2Mg3Mg3_a2c1c2_sg164_cscaled,-3.396048595,33
As2Zn1Ca2_a2c1c2_sg164_cscaled,-3.737227195,33
As2Zn1Sr2_a2c1c2_sg164_cscaled,-3.636524054,33
As2Mg1Ba2_a2c1c2_sg164_bscaled,-3.773396256,33
As2Ba3Ba3_a2c1c2_sg164_ascaled,-4.057366161,33
As2Hg1Zn2_a2c1c2_sg164_cscaled,-2.524166623,33
As2Sr1Ca2_a2c1c2_sg164_ascaled,-4.173563312,33
As2Hg1Sr2_a2c1c2_sg164_cscaled,-3.410660675,33
As2Ba1Ca2_a2c1c2_sg164_bscaled,-4.224321757,33
As2Zn1Mn2_a2c1c2_sg164_ascaled,-4.282218503,33
As2Mn1Be2_a2c1c2_sg164_bscaled,-4.467249769,33
As2Ba1Hg2_a2c1c2_sg164_ascaled,-2.802001384,33
As2Zn1Mg2_a2c1c2_sg164_ascaled,-3.121103325,33
As2Cd1Be2_a2c1c2_sg164_ascaled,-3.606011267,33
As2Be1Zn2_a2c1c2_sg164_bscaled,-3.106981211,33
As2Ca1Mg2_a2c1c2_sg164_bscaled,-3.827344702,33
As2Cd1Mn2_a2c1c2_sg164_ascaled,-4.17597169,33
As2Mn1Ca2_a2c1c2_sg164_bscaled,-4.31259834,33
As2Yb1Mn2_a2c1c2_sg164_cscaled,-4.662955047,33
As2Hg1Yb2_a2c1c2_sg164_bscaled,-3.335792018,33
As2Mg1Yb2_a2c1c2_sg164_ascaled,-3.66492861,33
As2Cd1Yb2_a2c1c2_sg164_cscaled,-3.468791948,33
As2Sr1Yb2_a2c1c2_sg164_cscaled,-3.964158175,33
As2Yb1Ba2_a2c1c2_sg164_cscaled,-3.910905498,33
As2Yb1Be2_a2c1c2_sg164_cscaled,-4.299150799,33
As2Yb1Mg2_a2c1c2_sg164_ascaled,-3.734936058,33
As2Yb1Hg2_a2c1c2_sg164_ascaled,-2.664243778,33
As2Yb1Sr2_a2c1c2_sg164_bscaled,-3.905489238,33
As2Be1Yb2_a2c1c2_sg164_bscaled,-3.992862257,33
As2Yb1Zn2_a2c1c2_sg164_bscaled,-3.351930437,33
As2Yb1Be2_a2c1c2_sg164_ascaled,-4.299781102,33
As2Be1Yb2_a2c1c2_sg164_cscaled,-3.992241539,33
As2Yb1Mg2_a2c1c2_sg164_bscaled,-3.734936084,33
As2Sr1Yb2_a2c1c2_sg164_bscaled,-3.964033501,33
As2Cd1Yb2_a2c1c2_sg164_bscaled,-3.468133724,33
As2Yb1Ca2_a2c1c2_sg164_ascaled,-4.102402411,33
As2Be1Yb2_a2c1c2_sg164_ascaled,-3.992862813,33
As2Mg1Yb2_a2c1c2_sg164_bscaled,-3.664930669,33
As2Yb3Yb3_a2c1c2_sg164_bscaled,-3.906455449,33
As2Ba3Ba3_a2c1c2_sg36,-4.021714179,33
As2Hg2Be1_a2c1c2_sg36,-2.617382952,33
As2Be2Ca1_a2c1c2_sg36,-4.316311073,33
As2Hg3Hg3_a2c1c2_sg36,-1.965100384,33
As2Mg2Zn1_a2c1c2_sg36,-3.163485891,33
As2Ca2Sr1_a2c1c2_sg36,-4.005881083,33
As2Ba2Mn1_a2c1c2_sg36,-4.234927312,33
As2Ca2Cd1_a2c1c2_sg36,-3.776758866,33
As2Mn2Cd1_a2c1c2_sg36,-4.112956237,33
As2Be2Hg1_a2c1c2_sg36,-3.381155609,33
As2Mn2Hg1_a2c1c2_sg36,-3.983480711,33
As2Hg2Cd1_a2c1c2_sg36,-2.148718166,33
As2Zn2Ca1_a2c1c2_sg36,-3.326398604,33
As2Mg2Sr1_a2c1c2_sg36,-3.570351932,33
As2Hg2Mg1_a2c1c2_sg36,-2.414801424,33
As2Hg2Mn1_a2c1c2_sg36,-2.838490182,33
As2Be2Cd1_a2c1c2_sg36,-3.58178792,33
As2Mg2Ba1_a2c1c2_sg36,-3.725004785,33
As2Mn2Zn1_a2c1c2_sg36,-4.153949954,33
As2Zn2Mg1_a2c1c2_sg36,-2.912413822,33
As2Zn2Hg1_a2c1c2_sg36,-2.443410237,33
As2Cd2Mn1_a2c1c2_sg36,-3.146801306,33
As2Ba2Mg1_a2c1c2_sg36,-3.975958956,33
As2Zn2Sr1_a2c1c2_sg36,-3.283558294,33
As2Ba2Be1_a2c1c2_sg36,-4.202309388,33
As2Ba2Hg1_a2c1c2_sg36,-3.565901019,33
As2Ba2Ca1_a2c1c2_sg36,-4.161485613,33
As2Cd2Mg1_a2c1c2_sg36,-2.739021753,33
As2Zn2Cd1_a2c1c2_sg36,-2.632249561,33
As2Mn2Mg1_a2c1c2_sg36,-4.491591396,33
As2Sr2Be1_a2c1c2_sg36,-4.164545593,33
As2Ba2Zn1_a2c1c2_sg36,-3.809592516,33
As2Zn2Ba1_a2c1c2_sg36,-3.365869584,33
As2Be2Mn1_a2c1c2_sg36,-4.415887996,33
As2Cd2Be1_a2c1c2_sg36,-2.93689704,33
As2Sr2Cd1_a2c1c2_sg36,-3.674229892,33
As2Mg2Hg1_a2c1c2_sg36,-2.843594288,33
As2Sr2Zn1_a2c1c2_sg36,-3.752564402,33
As2Be2Mg1_a2c1c2_sg36,-3.863058958,33
As2Cd2Hg1_a2c1c2_sg36,-2.267086769,33
As2Mn2Ca1_a2c1c2_sg36,-4.571210288,33
As2Zn3Zn3_a2c1c2_sg36,-2.671746271,33
As2Ca2Be1_a2c1c2_sg36,-4.317880018,33
As2Ba2Cd1_a2c1c2_sg36,-3.752362057,33
As2Ca2Ba1_a2c1c2_sg36,-4.139921551,33
As2Cd2Ba1_a2c1c2_sg36,-3.15064924,33
As2Sr2Mg1_a2c1c2_sg36,-3.915795045,33
As2Mg2Mn1_a2c1c2_sg36,-3.795194634,33
As2Hg2Sr1_a2c1c2_sg36,-2.63220296,33
As2Hg2Ba1_a2c1c2_sg36,-2.7892783,33
As2Ba2Sr1_a2c1c2_sg36,-4.03926442,33
As2Zn2Mn1_a2c1c2_sg36,-3.385828082,33
As2Ca3Ca3_a2c1c2_sg36,-4.147692202,33
As2Ca2Mg1_a2c1c2_sg36,-4.038380418,33
As2Be3Be3_a2c1c2_sg36,-4.060436209,33
As2Cd2Zn1_a2c1c2_sg36,-2.511680044,33
As2Mn2Be1_a2c1c2_sg36,-4.821960016,33
As2Zn2Be1_a2c1c2_sg36,-3.098767505,33
As2Sr3Sr3_a2c1c2_sg36,-3.913666242,33
As2Cd2Sr1_a2c1c2_sg36,-3.089668201,33
As2Cd3Cd3_a2c1c2_sg36,-2.438901826,33
As2Mg3Mg3_a2c1c2_sg36,-3.346418787,33
As2Mn3Mn3_a2c1c2_sg36,-5.10570463,33
As2Hg2Ca1_a2c1c2_sg36,-2.688738856,33
As2Be2Ba1_a2c1c2_sg36,-4.27707092,33
As2Sr2Ca1_a2c1c2_sg36,-4.060803258,33
As2Mg2Ca1_a2c1c2_sg36,-3.731353736,33
As2Mg2Cd1_a2c1c2_sg36,-3.028627269,33
As2Sr2Ba1_a2c1c2_sg36,-3.902000324,33
As2Cd2Ca1_a2c1c2_sg36,-3.058855189,33
As2Hg2Zn1_a2c1c2_sg36,-2.198833631,33
As2Sr2Hg1_a2c1c2_sg36,-3.478465849,33
As2Mn2Sr1_a2c1c2_sg36,-4.373789363,33
As2Mn2Ba1_a2c1c2_sg36,-4.717769477,33
As2Mg2Be1_a2c1c2_sg36,-3.649582954,33
As2Be2Zn1_a2c1c2_sg36,-3.662152749,33
As2Sr2Mn1_a2c1c2_sg36,-4.223083684,33
As2Ca2Mn1_a2c1c2_sg36,-4.413477429,33
As2Be2Sr1_a2c1c2_sg36,-4.231551311,33
As2Ca2Hg1_a2c1c2_sg36,-3.572809507,33
As2Ca2Zn1_a2c1c2_sg36,-3.895662784,33
As2Yb2Sr1_a2c1c2_sg36,-3.813903124,33
As2Yb2Ba1_a2c1c2_sg36,-3.857216036,33
As2Sr2Yb1_a2c1c2_sg36,-3.959687272,33
As2Yb2Cd1_a2c1c2_sg36,-3.606136749,33
As2Mn2Yb1_a2c1c2_sg36,-4.596305133,33
As2Ba2Yb1_a2c1c2_sg36,-4.057955213,33
As2Mg2Yb1_a2c1c2_sg36,-3.635970098,33
As2Yb3Yb3_a2c1c2_sg36,-3.85030275,33
As2Ca2Yb1_a2c1c2_sg36,-4.048429208,33
As2Cd2Yb1_a2c1c2_sg36,-3.029961165,33
As2Yb2Ca1_a2c1c2_sg36,-3.943048458,33
As2Yb2Mn1_a2c1c2_sg36,-4.24909582,33
As2Be2Yb1_a2c1c2_sg36,-4.244970987,33
As2Zn2Yb1_a2c1c2_sg36,-3.250262017,33
As2Yb2Mg1_a2c1c2_sg36,-3.845996223,33
As2Hg2Yb1_a2c1c2_sg36,-2.671585331,33
As2Yb2Be1_a2c1c2_sg36,-4.147655691,33
As2Yb2Zn1_a2c1c2_sg36,-3.735883329,33
As2Yb2Hg1_a2c1c2_sg36,-3.408984315,33
Sb2Be2Sr1_a2c1c2_sg139_ascaled,-3.73689484,51
Sb2Zn2Cd1_a2c1c2_sg139_ascaled,-2.276597874,51
Sb2Ca3Ca3_a2c1c2_sg139_cscaled,-3.592275994,51
Sb2Mg2Ca1_a2c1c2_sg139_ascaled,-3.251023176,51
Sb2Ba2Sr1_a2c1c2_sg139_ascaled,-3.654294444,51
Sb2Cd2Mg1_a2c1c2_sg139_bscaled,-2.365082719,51
Sb2Mn2Be1_a2c1c2_sg139_bscaled,-4.075532483,51
Sb2Mn2Sr1_a2c1c2_sg139_ascaled,-4.224397052,51
Sb2Mg3Mg3_a2c1c2_sg139_cscaled,-2.822790805,51
Sb2Zn2Sr1_a2c1c2_sg139_cscaled,-2.923294321,51
Sb2Mg2Mn1_a2c1c2_sg139_cscaled,-3.331990281,51
Sb2Cd3Cd3_a2c1c2_sg139_ascaled,-2.146670261,51
Sb2Ca2Sr1_a2c1c2_sg139_bscaled,-3.692898341,51
Sb2Cd2Hg1_a2c1c2_sg139_cscaled,-2.051854422,51
Sb2Cd2Be1_a2c1c2_sg139_bscaled,-2.550831514,51
Sb2Cd2Ca1_a2c1c2_sg139_cscaled,-2.718295357,51
Sb2Hg2Ba1_a2c1c2_sg139_cscaled,-2.520651452,51
Sb2Hg2Mn1_a2c1c2_sg139_ascaled,-2.730214559,51
Sb2Mn2Mg1_a2c1c2_sg139_bscaled,-3.925462627,51
Sb2Mg2Ba1_a2c1c2_sg139_cscaled,-3.389157471,51
Sb2Mg2Be1_a2c1c2_sg139_ascaled,-3.099011732,51
Sb2Ba2Be1_a2c1c2_sg139_bscaled,-3.8112174,51
Sb2Cd2Ca1_a2c1c2_sg139_ascaled,-2.709695252,51
Sb2Sr2Cd1_a2c1c2_sg139_cscaled,-3.200432513,51
Sb2Cd2Mn1_a2c1c2_sg139_cscaled,-2.889601515,51
Sb2Be3Be3_a2c1c2_sg139_cscaled,-3.494002744,51
Sb2Hg3Hg3_a2c1c2_sg139_ascaled,-1.767194254,51
Sb2Zn2Be1_a2c1c2_sg139_bscaled,-2.566129816,51
Sb2Mg2Be1_a2c1c2_sg139_bscaled,-3.158274427,51
Sb2Hg2Sr1_a2c1c2_sg139_ascaled,-2.392153811,51
Sb2Ca2Hg1_a2c1c2_sg139_bscaled,-3.033246667,51
Sb2Sr2Mg1_a2c1c2_sg139_bscaled,-3.0798442,51
Sb2Mn2Ca1_a2c1c2_sg139_cscaled,-4.261169727,51
Sb2Ba2Mn1_a2c1c2_sg139_ascaled,-3.907940198,51
Sb2Ba2Be1_a2c1c2_sg139_ascaled,-3.811219335,51
Sb2Hg2Mg1_a2c1c2_sg139_cscaled,-1.983410632,51
Sb2Ca2Be1_a2c1c2_sg139_cscaled,-3.585804482,51
Sb2Be3Be3_a2c1c2_sg139_ascaled,-3.50961242,51
Sb2Be2Zn1_a2c1c2_sg139_ascaled,-3.197944109,51
Sb2Ca2Mn1_a2c1c2_sg139_ascaled,-3.874192033,51
Sb2Ca2Mn1_a2c1c2_sg139_cscaled,-3.899321889,51
Sb2Mg2Hg1_a2c1c2_sg139_bscaled,-2.524891692,51
Sb2Cd2Ba1_a2c1c2_sg139_cscaled,-2.892441956,51
Sb2Sr2Ba1_a2c1c2_sg139_bscaled,-3.522331044,51
Sb2Cd2Zn1_a2c1c2_sg139_cscaled,-2.160536975,51
Sb2Hg2Zn1_a2c1c2_sg139_bscaled,-1.959112858,51
Sb2Be2Hg1_a2c1c2_sg139_cscaled,-2.978487242,51
Sb2Mg2Sr1_a2c1c2_sg139_cscaled,-3.257452079,51
Sb2Mn2Ba1_a2c1c2_sg139_bscaled,-4.251561208,51
Sb2Sr2Cd1_a2c1c2_sg139_ascaled,-3.193070557,51
Sb2Zn2Ca1_a2c1c2_sg139_cscaled,-2.882292344,51
Sb2Hg2Be1_a2c1c2_sg139_bscaled,-2.330662894,51
Sb2Be3Be3_a2c1c2_sg139_bscaled,-3.509613046,51
Sb2Mn3Mn3_a2c1c2_sg139_bscaled,-4.398527107,51
Sb2Mg2Mn1_a2c1c2_sg139_bscaled,-3.333555788,51
Sb2Mg2Ba1_a2c1c2_sg139_bscaled,-3.380844296,51
Sb2Hg2Ca1_a2c1c2_sg139_ascaled,-2.384975015,51
Sb2Ba2Zn1_a2c1c2_sg139_cscaled,-3.384411225,51
Sb2Mn2Sr1_a2c1c2_sg139_cscaled,-4.224897659,51
Sb2Cd3Cd3_a2c1c2_sg139_cscaled,-2.160364676,51
Sb2Mn2Cd1_a2c1c2_sg139_bscaled,-3.742727124,51
Sb2Ba2Cd1_a2c1c2_sg139_cscaled,-2.753119548,51
Sb2Zn2Sr1_a2c1c2_sg139_bscaled,-2.939021576,51
Sb2Sr2Hg1_a2c1c2_sg139_bscaled,-2.851791534,51
Sb2Zn3Zn3_a2c1c2_sg139_bscaled,-2.354142012,51
Sb2Ba2Hg1_a2c1c2_sg139_cscaled,-2.857223412,51
Sb2Be2Sr1_a2c1c2_sg139_bscaled,-3.736849257,51
Sb2Mn2Mg1_a2c1c2_sg139_cscaled,-3.928130646,51
Sb2Sr3Sr3_a2c1c2_sg139_ascaled,-3.566865156,51
Sb2Ca3Ca3_a2c1c2_sg139_ascaled,-3.719359636,51
Sb2Ca2Hg1_a2c1c2_sg139_ascaled,-3.033253163,51
Sb2Ca2Ba1_a2c1c2_sg139_cscaled,-3.751450072,51
Sb2Mg2Zn1_a2c1c2_sg139_cscaled,-2.670068672,51
Sb2Cd2Mg1_a2c1c2_sg139_ascaled,-2.365153018,51
Sb2Mn2Cd1_a2c1c2_sg139_cscaled,-3.709393063,51
Sb2Cd2Zn1_a2c1c2_sg139_bscaled,-2.188433207,51
Sb2Mn2Be1_a2c1c2_sg139_cscaled,-4.020330747,51
Sb2Mg2Zn1_a2c1c2_sg139_bscaled,-2.668072538,51
Sb2Hg2Be1_a2c1c2_sg139_ascaled,-2.327147936,51
Sb2Cd2Hg1_a2c1c2_sg139_ascaled,-2.01121911,51
Sb2Mn2Zn1_a2c1c2_sg139_ascaled,-3.758350492,51
Sb2Mg2Cd1_a2c1c2_sg139_ascaled,-2.628812695,51
Sb2Ba2Sr1_a2c1c2_sg139_bscaled,-3.652277698,51
Sb2Sr2Mg1_a2c1c2_sg139_ascaled,-3.349532988,51
Sb2Ca3Ca3_a2c1c2_sg139_bscaled,-3.718889481,51
Sb2Zn2Ba1_a2c1c2_sg139_bscaled,-3.00589668,51
Sb2Ba3Ba3_a2c1c2_sg139_bscaled,-3.521763486,51
Sb2Sr3Sr3_a2c1c2_sg139_cscaled,-3.40207009,51
Sb2Ba2Zn1_a2c1c2_sg139_ascaled,-3.385195922,51
Sb2Ca2Be1_a2c1c2_sg139_bscaled,-3.710002591,51
Sb2Cd2Sr1_a2c1c2_sg139_bscaled,-2.743790934,51
Sb2Sr2Ba1_a2c1c2_sg139_cscaled,-3.522641545,51
Sb2Be2Zn1_a2c1c2_sg139_bscaled,-3.196575402,51
Sb2Cd2Mn1_a2c1c2_sg139_ascaled,-2.957174931,51
Sb2Mg2Hg1_a2c1c2_sg139_ascaled,-2.52490524,51
Sb2Ca2Ba1_a2c1c2_sg139_bscaled,-3.754279102,51
Sb2Sr2Mn1_a2c1c2_sg139_bscaled,-3.741968818,51
Sb2Ca2Zn1_a2c1c2_sg139_bscaled,-3.02483212,51
Sb2Cd2Be1_a2c1c2_sg139_cscaled,-2.508528959,51
Sb2Mg3Mg3_a2c1c2_sg139_ascaled,-2.839159239,51
Sb2Ba3Ba3_a2c1c2_sg139_cscaled,-3.523183645,51
Sb2Ba2Zn1_a2c1c2_sg139_bscaled,-3.331845256,51
Sb2Yb2Mn1_a2c1c2_sg139_cscaled,-3.668143472,51
Sb2Yb2Sr1_a2c1c2_sg139_bscaled,-3.452379441,51
Sb2Yb2Sr1_a2c1c2_sg139_cscaled,-3.389162999,51
Sb2Mn2Yb1_a2c1c2_sg139_bscaled,-4.176736702,51
Sb2Yb2Ba1_a2c1c2_sg139_bscaled,-3.525297768,51
Sb2Cd2Yb1_a2c1c2_sg139_ascaled,-2.604106948,51
Sb2Be2Yb1_a2c1c2_sg139_bscaled,-3.714761859,51
Sb2Ba2Yb1_a2c1c2_sg139_bscaled,-3.636582277,51
Sb2Ca2Yb1_a2c1c2_sg139_cscaled,-3.466657643,51
Sb2Sr2Yb1_a2c1c2_sg139_ascaled,-3.578408726,51
Sb2Mn2Yb1_a2c1c2_sg139_cscaled,-4.178431977,51
Sb2Mg2Yb1_a2c1c2_sg139_cscaled,-3.13436944,51
Sb2Yb2Zn1_a2c1c2_sg139_cscaled,-2.787713377,51
Sb2Sr2Yb1_a2c1c2_sg139_cscaled,-3.25237223,51
Sb2Hg1Sr2_a2c1c2_sg164_bscaled,-3.082743944,51
Sb2Zn1Cd2_a2c1c2_sg164_cscaled,-2.218232571,51
Sb2Be3Be3_a2c1c2_sg164_bscaled,-3.525880279,51
Sb2Cd1Sr2_a2c1c2_sg164_ascaled,-3.206105478,51
Sb2Be1Ca2_a2c1c2_sg164_cscaled,-3.709753564,51
Sb2Zn1Ba2_a2c1c2_sg164_cscaled,-3.408904748,51
Sb2Sr3Sr3_a2c1c2_sg164_ascaled,-3.669389565,51
Sb2Cd1Zn2_a2c1c2_sg164_ascaled,-2.334835933,51
Sb2Ba1Mn2_a2c1c2_sg164_bscaled,-4.360341514,51
Sb2Mn1Be2_a2c1c2_sg164_ascaled,-4.146166859,51
Sb2Be1Cd2_a2c1c2_sg164_ascaled,-2.552923151,51
Sb2Zn1Mg2_a2c1c2_sg164_bscaled,-2.700287242,51
Sb2Mg1Cd2_a2c1c2_sg164_cscaled,-2.442144023,51
Sb2Mn1Be2_a2c1c2_sg164_bscaled,-4.146054275,51
Sb2Mg1Be2_a2c1c2_sg164_bscaled,-3.404354738,51
Sb2Mn1Sr2_a2c1c2_sg164_cscaled,-3.748677087,51
Sb2Be1Mn2_a2c1c2_sg164_cscaled,-4.094144582,51
Sb2Hg3Hg3_a2c1c2_sg164_cscaled,-1.691565349,51
Sb2Ca1Zn2_a2c1c2_sg164_bscaled,-3.001228542,51
Sb2Hg1Sr2_a2c1c2_sg164_ascaled,-3.082192052,51
Sb2Ca1Be2_a2c1c2_sg164_ascaled,-3.818159211,51
Sb2Be1Sr2_a2c1c2_sg164_cscaled,-3.664297985,51
Sb2Be1Zn2_a2c1c2_sg164_bscaled,-2.687506903,51
Sb2Cd1Ca2_a2c1c2_sg164_cscaled,-3.288183703,51
Sb2Mn3Mn3_a2c1c2_sg164_ascaled,-4.424178331,51
Sb2Ca1Sr2_a2c1c2_sg164_bscaled,-3.6928164,51
Sb2Mn3Mn3_a2c1c2_sg164_bscaled,-4.336912006,51
Sb2Hg1Cd2_a2c1c2_sg164_ascaled,-2.030558013,51
Sb2Mg1Zn2_a2c1c2_sg164_cscaled,-2.571492079,51
Sb2Mg1Zn2_a2c1c2_sg164_bscaled,-2.585898234,51
Sb2Be1Hg2_a2c1c2_sg164_cscaled,-2.319786145,51
Sb2Zn1Ca2_a2c1c2_sg164_bscaled,-3.341113791,51
Sb2Cd1Hg2_a2c1c2_sg164_ascaled,-1.834798579,51
Sb2Zn1Ca2_a2c1c2_sg164_cscaled,-3.341136561,51
Sb2Be1Mg2_a2c1c2_sg164_cscaled,-3.024602322,51
Sb2Mn1Zn2_a2c1c2_sg164_bscaled,-2.936476493,51
Sb2Mg3Mg3_a2c1c2_sg164_cscaled,-2.936788795,51
Sb2Be1Mg2_a2c1c2_sg164_bscaled,-3.026384135,51
Sb2Cd3Cd3_a2c1c2_sg164_cscaled,-2.192040741,51
Sb2Mn1Zn2_a2c1c2_sg164_cscaled,-2.918860978,51
Sb2Mg1Be2_a2c1c2_sg164_ascaled,-3.40435436,51
Sb2Ca1Sr2_a2c1c2_sg164_ascaled,-3.692814176,51
Sb2Zn1Hg2_a2c1c2_sg164_ascaled,-1.904209295,51
Sb2Hg1Mn2_a2c1c2_sg164_cscaled,-3.175652247,51
Sb2Be3Be3_a2c1c2_sg164_cscaled,-3.533872909,51
Sb2Mg1Mn2_a2c1c2_sg164_ascaled,-3.880173345,51
Sb2Cd1Hg2_a2c1c2_sg164_cscaled,-1.850692905,51
Sb2Ca1Ba2_a2c1c2_sg164_bscaled,-3.754262585,51
Sb2Sr1Ba2_a2c1c2_sg164_bscaled,-3.744301164,51
Sb2Cd1Be2_a2c1c2_sg164_bscaled,-3.170355244,51
Sb2Hg1Zn2_a2c1c2_sg164_ascaled,-2.168174069,51
Sb2Sr1Hg2_a2c1c2_sg164_bscaled,-2.455997841,51
Sb2Cd1Be2_a2c1c2_sg164_ascaled,-3.170361425,51
Sb2Hg1Ca2_a2c1c2_sg164_cscaled,-3.172328739,51
Sb2Mg1Ca2_a2c1c2_sg164_cscaled,-3.455118826,51
Sb2Ba1Zn2_a2c1c2_sg164_ascaled,-3.033690464,51
Sb2Sr1Ba2_a2c1c2_sg164_cscaled,-3.737224384,51
Sb2Mg1Hg2_a2c1c2_sg164_bscaled,-2.063134018,51
Sb2Ca1Mg2_a2c1c2_sg164_bscaled,-3.375999817,51
Sb2Mg1Be2_a2c1c2_sg164_cscaled,-3.406986906,51
Sb2Sr1Ca2_a2c1c2_sg164_bscaled,-3.814964915,51
Sb2Ba3Ba3_a2c1c2_sg164_ascaled,-3.816776959,51
Sb2Zn3Zn3_a2c1c2_sg164_cscaled,-2.364640054,51
Sb2Be1Ca2_a2c1c2_sg164_ascaled,-3.710002477,51
Sb2Zn1Hg2_a2c1c2_sg164_cscaled,-1.917063365,51
Sb2Sr1Mn2_a2c1c2_sg164_cscaled,-4.085599587,51
Sb2Be1Zn2_a2c1c2_sg164_cscaled,-2.691255403,51
Sb2Sr1Zn2_a2c1c2_sg164_cscaled,-2.972527399,51
Sb2Zn1Be2_a2c1c2_sg164_bscaled,-3.18641866,51
Sb2Zn1Cd2_a2c1c2_sg164_ascaled,-2.218385562,51
Sb2Mg1Ba2_a2c1c2_sg164_bscaled,-3.472490657,51
Sb2Mg1Ba2_a2c1c2_sg164_cscaled,-3.457737231,51
Sb2Mn1Ba2_a2c1c2_sg164_bscaled,-3.908774881,51
Sb2Sr1Be2_a2c1c2_sg164_cscaled,-3.754162465,51
Sb2Be1Ba2_a2c1c2_sg164_bscaled,-3.81148102,51
Sb2Zn3Zn3_a2c1c2_sg164_ascaled,-2.369490689,51
Sb2Sr1Be2_a2c1c2_sg164_bscaled,-3.765747847,51
Sb2Hg1Be2_a2c1c2_sg164_ascaled,-3.057825994,51
Sb2Hg1Zn2_a2c1c2_sg164_bscaled,-2.168136435,51
Sb2Mg1Sr2_a2c1c2_sg164_cscaled,-3.308333503,51
Sb2Sr3Sr3_a2c1c2_sg164_bscaled,-3.669391297,51
Sb2Cd1Mg2_a2c1c2_sg164_ascaled,-2.663692944,51
Sb2Be3Be3_a2c1c2_sg164_ascaled,-3.52588006,51
Sb2Ba1Be2_a2c1c2_sg164_cscaled,-3.781706694,51
Sb2Mn1Hg2_a2c1c2_sg164_cscaled,-2.550946689,51
Sb2Ba3Ba3_a2c1c2_sg164_bscaled,-3.816779913,51
Sb2Cd3Cd3_a2c1c2_sg164_ascaled,-2.180360395,51
Sb2Sr1Cd2_a2c1c2_sg164_ascaled,-2.856594179,51
Sb2Ca3Ca3_a2c1c2_sg164_bscaled,-3.83209592,51
Sb2Ca1Be2_a2c1c2_sg164_bscaled,-3.818160273,51
Sb2Ca1Mg2_a2c1c2_sg164_ascaled,-3.375999859,51
Sb2Yb1Mn2_a2c1c2_sg164_bscaled,-4.103545857,51
Sb2Ba1Yb2_a2c1c2_sg164_bscaled,-3.648790571,51
Sb2Cd1Yb2_a2c1c2_sg164_ascaled,-3.077690569,51
Sb2Yb1Mg2_a2c1c2_sg164_bscaled,-3.26937939,51
Sb2Mg1Yb2_a2c1c2_sg164_bscaled,-3.255786862,51
Sb2Yb1Sr2_a2c1c2_sg164_cscaled,-3.574916506,51
Sb2Yb1Sr2_a2c1c2_sg164_bscaled,-3.577287975,51
Sb2Zn1Yb2_a2c1c2_sg164_ascaled,-3.130836163,51
Sb2Yb1Mg2_a2c1c2_sg164_cscaled,-3.271677762,51
Sb2Yb1Ca2_a2c1c2_sg164_ascaled,-3.718685097,51
Sb2Ba1Yb2_a2c1c2_sg164_cscaled,-3.648792312,51
Sb2Yb1Cd2_a2c1c2_sg164_ascaled,-2.767493734,51
Sb2Yb1Zn2_a2c1c2_sg164_bscaled,-2.905985507,51
Sb2Yb1Cd2_a2c1c2_sg164_bscaled,-2.767492773,51
Sb2Yb1Be2_a2c1c2_sg164_ascaled,-3.720452129,51
Sb2Yb1Mn2_a2c1c2_sg164_ascaled,-4.103548308,51
Sb2Yb3Yb3_a2c1c2_sg164_cscaled,-3.495486335,51
Sb2Yb1Be2_a2c1c2_sg164_cscaled,-3.715013629,51
Sb2Yb1Mn2_a2c1c2_sg164_cscaled,-4.095752009,51
Sb2Ba2Mg1_a2c1c2_sg36,-3.665082013,51
Sb2Zn2Hg1_a2c1c2_sg36,-2.140740605,51
Sb2Cd2Ba1_a2c1c2_sg36,-2.878697437,51
Sb2Be2Zn1_a2c1c2_sg36,-3.166756268,51
Sb2Sr2Cd1_a2c1c2_sg36,-3.34598068,51
Sb2Hg2Zn1_a2c1c2_sg36,-1.89649102,51
Sb2Ca2Sr1_a2c1c2_sg36,-3.730306804,51
Sb2Sr2Mn1_a2c1c2_sg36,-3.8314812,51
Sb2Sr2Zn1_a2c1c2_sg36,-3.39542157,51
Sb2Sr2Be1_a2c1c2_sg36,-3.735477212,51
Sb2Mn2Cd1_a2c1c2_sg36,-3.684458138,51
Sb2Sr2Ba1_a2c1c2_sg36,-3.663940507,51
Sb2Be2Ca1_a2c1c2_sg36,-3.774084481,51
Sb2Be2Hg1_a2c1c2_sg36,-2.95321622,51
Sb2Ba2Ca1_a2c1c2_sg36,-3.866817606,51
Sb2Zn2Ba1_a2c1c2_sg36,-2.998600374,51
Sb2Hg2Mg1_a2c1c2_sg36,-2.073422206,51
Sb2Mn2Ca1_a2c1c2_sg36,-4.155798873,51
Sb2Zn2Ca1_a2c1c2_sg36,-2.953076263,51
Sb2Mg2Be1_a2c1c2_sg36,-3.132579378,51
Sb2Zn3Zn3_a2c1c2_sg36,-2.334863755,51
Sb2Mg2Ba1_a2c1c2_sg36,-3.334820917,51
Sb2Ca2Ba1_a2c1c2_sg36,-3.755558869,51
Sb2Mn2Mg1_a2c1c2_sg36,-3.867173504,51
Sb2Ba2Sr1_a2c1c2_sg36,-3.765023063,51
Sb2Ba3Ba3_a2c1c2_sg36,-3.760158086,51
Sb2Zn2Mg1_a2c1c2_sg36,-2.558679162,51
Sb2Ca3Ca3_a2c1c2_sg36,-3.802698874,51
Sb2Cd2Mn1_a2c1c2_sg36,-2.848211797,51
Sb2Ba2Cd1_a2c1c2_sg36,-3.470407425,51
Sb2Mg3Mg3_a2c1c2_sg36,-2.898433457,51
Sb2Cd2Mg1_a2c1c2_sg36,-2.410784991,51
Sb2Mn2Hg1_a2c1c2_sg36,-3.488364952,51
Sb2Sr2Hg1_a2c1c2_sg36,-3.166802799,51
Sb2Zn2Mn1_a2c1c2_sg36,-3.060225034,51
Sb2Be2Sr1_a2c1c2_sg36,-3.754914378,51
Sb2Mg2Ca1_a2c1c2_sg36,-3.30079663,51
Sb2Ca2Hg1_a2c1c2_sg36,-3.229950248,51
Sb2Ba2Hg1_a2c1c2_sg36,-3.297041481,51
Sb2Ca2Mg1_a2c1c2_sg36,-3.633943761,51
Sb2Be3Be3_a2c1c2_sg36,-3.620715638,51
Sb2Mn2Zn1_a2c1c2_sg36,-3.743951801,51
Sb2Mn3Mn3_a2c1c2_sg36,-4.53240602,51
Sb2Ca2Mn1_a2c1c2_sg36,-3.964882204,51
Sb2Cd2Hg1_a2c1c2_sg36,-2.001811057,51
Sb2Mn2Ba1_a2c1c2_sg36,-4.221096777,51
Sb2Sr3Sr3_a2c1c2_sg36,-3.613716989,51
Sb2Hg2Ba1_a2c1c2_sg36,-2.527697862,51
Sb2Ba2Be1_a2c1c2_sg36,-3.84927478,51
Sb2Ba2Mn1_a2c1c2_sg36,-3.889911154,51
Sb2Cd2Ca1_a2c1c2_sg36,-2.803153001,51
Sb2Mg2Mn1_a2c1c2_sg36,-3.304896042,51
Sb2Sr2Mg1_a2c1c2_sg36,-3.553865587,51
Sb2Hg3Hg3_a2c1c2_sg36,-1.696842829,51
Sb2Zn2Sr1_a2c1c2_sg36,-2.931387115,51
Sb2Zn2Cd1_a2c1c2_sg36,-2.293633678,51
Sb2Mn2Sr1_a2c1c2_sg36,-4.111410933,51
Sb2Sr2Ca1_a2c1c2_sg36,-3.73252628,51
Sb2Be2Mn1_a2c1c2_sg36,-3.957352712,51
Sb2Hg2Sr1_a2c1c2_sg36,-2.402937255,51
Sb2Hg2Be1_a2c1c2_sg36,-2.341212436,51
Sb2Be2Ba1_a2c1c2_sg36,-3.787335966,51
Sb2Mg2Cd1_a2c1c2_sg36,-2.651312573,51
Sb2Be2Mg1_a2c1c2_sg36,-3.375922997,51
Sb2Hg2Cd1_a2c1c2_sg36,-1.836451606,51
Sb2Zn2Be1_a2c1c2_sg36,-2.728704755,51
Sb2Be2Cd1_a2c1c2_sg36,-3.149721129,51
Sb2Ba2Zn1_a2c1c2_sg36,-3.492258082,51
Sb2Cd2Sr1_a2c1c2_sg36,-2.794018456,51
Sb2Mn2Be1_a2c1c2_sg36,-4.312398267,51
Sb2Cd2Be1_a2c1c2_sg36,-2.641212389,51
Sb2Ca2Be1_a2c1c2_sg36,-3.868407925,51
Sb2Mg2Sr1_a2c1c2_sg36,-3.276396494,51
Sb2Cd2Zn1_a2c1c2_sg36,-2.224706275,51
Sb2Ca2Cd1_a2c1c2_sg36,-3.415123696,51
Sb2Hg2Ca1_a2c1c2_sg36,-2.509316923,51
Sb2Mg2Zn1_a2c1c2_sg36,-2.725255271,51
Sb2Mg2Hg1_a2c1c2_sg36,-2.479619119,51
Sb2Ca2Zn1_a2c1c2_sg36,-3.494437783,51
Sb2Cd3Cd3_a2c1c2_sg36,-2.169561715,51
Sb2Hg2Mn1_a2c1c2_sg36,-2.532860758,51
Sb2Yb2Ca1_a2c1c2_sg36,-3.579369596,51
Sb2Yb2Ba1_a2c1c2_sg36,-3.531807593,51
Sb2Mn2Yb1_a2c1c2_sg36,-4.108491028,51
Sb2Yb2Zn1_a2c1c2_sg36,-3.299227537,51
Sb2Yb2Mg1_a2c1c2_sg36,-3.416279453,51
Sb2Sr2Yb1_a2c1c2_sg36,-3.616830954,51
Sb2Mg2Yb1_a2c1c2_sg36,-3.193155592,51
Sb2Yb3Yb3_a2c1c2_sg36,-3.4710481,51
Sb2Ba2Yb1_a2c1c2_sg36,-3.7499348,51
Sb2Yb2Mn1_a2c1c2_sg36,-3.769616052,51
Sb2Ca2Yb1_a2c1c2_sg36,-3.684307566,51
Sb2Be2Yb1_a2c1c2_sg36,-3.676619504,51
Sb2Yb2Be1_a2c1c2_sg36,-3.665497227,51
Sb2Hg2Yb1_a2c1c2_sg36,-2.422886142,51
Sb2Zn2Yb1_a2c1c2_sg36,-2.858135174,51
Sb2Cd2Yb1_a2c1c2_sg36,-2.701522244,51
Sb2Yb2Cd1_a2c1c2_sg36,-3.211705538,51
Sb2Yb2Hg1_a2c1c2_sg36,-3.031111113,51
Sb2Yb2Sr1_a2c1c2_sg36,-3.507902835,51
Bi2Mg3Mg3_a2c1c2_sg139_cscaled,-2.666247809,83
Bi2Ca2Hg1_a2c1c2_sg139_cscaled,-2.764678802,83
Bi2Sr2Ba1_a2c1c2_sg139_cscaled,-3.365889296,83
Bi2Mn2Cd1_a2c1c2_sg139_ascaled,-3.507494452,83
Bi2Mn2Ba1_a2c1c2_sg139_cscaled,-4.032506016,83
Bi2Ca2Mg1_a2c1c2_sg139_bscaled,-3.296164789,83
Bi2Ba2Mg1_a2c1c2_sg139_ascaled,-3.376005061,83
Bi2Ba2Mn1_a2c1c2_sg139_bscaled,-3.627459189,83
Bi2Zn2Mg1_a2c1c2_sg139_ascaled,-2.371546647,83
Bi2Sr2Cd1_a2c1c2_sg139_bscaled,-3.026429112,83
Bi2Mg2Zn1_a2c1c2_sg139_bscaled,-2.510790884,83
Bi2Sr3Sr3_a2c1c2_sg139_bscaled,-3.212548151,83
Bi2Cd2Ba1_a2c1c2_sg139_ascaled,-2.751326204,83
Bi2Cd2Ca1_a2c1c2_sg139_cscaled,-2.619180581,83
Bi2Hg2Ca1_a2c1c2_sg139_bscaled,-2.315654912,83
Bi2Mg2Be1_a2c1c2_sg139_bscaled,-2.80327996,83
Bi2Mn2Sr1_a2c1c2_sg139_bscaled,-3.956646991,83
Bi2Mg2Ba1_a2c1c2_sg139_bscaled,-3.209054428,83
Bi2Mg3Mg3_a2c1c2_sg139_ascaled,-2.677100155,83
Bi2Mn2Hg1_a2c1c2_sg139_bscaled,-3.435190162,83
Bi2Zn2Ca1_a2c1c2_sg139_bscaled,-2.713586088,83
Bi2Ba2Be1_a2c1c2_sg139_bscaled,-3.587453873,83
Bi2Hg2Ca1_a2c1c2_sg139_ascaled,-2.315631221,83
Bi2Be3Be3_a2c1c2_sg139_cscaled,-3.298295731,83
Bi2Cd3Cd3_a2c1c2_sg139_ascaled,-2.057780497,83
Bi2Be2Ca1_a2c1c2_sg139_bscaled,-3.574745495,83
Bi2Zn2Sr1_a2c1c2_sg139_ascaled,-2.731940342,83
Bi2Cd2Zn1_a2c1c2_sg139_cscaled,-2.144120575,83
Bi2Ba2Ca1_a2c1c2_sg139_bscaled,-3.612311726,83
Bi2Be2Cd1_a2c1c2_sg139_ascaled,-2.957057804,83
Bi2Sr2Ba1_a2c1c2_sg139_bscaled,-3.361969402,83
Bi2Ba2Sr1_a2c1c2_sg139_ascaled,-3.605415761,83
Bi2Mn2Ca1_a2c1c2_sg139_bscaled,-3.995271778,83
Bi2Be2Zn1_a2c1c2_sg139_ascaled,-2.975079011,83
Bi2Ca2Be1_a2c1c2_sg139_cscaled,-3.476445501,83
Bi2Mn2Be1_a2c1c2_sg139_cscaled,-3.807311412,83
Bi2Hg2Zn1_a2c1c2_sg139_cscaled,-1.863388477,83
Bi2Sr2Cd1_a2c1c2_sg139_cscaled,-3.003524676,83
Bi2Cd2Ba1_a2c1c2_sg139_cscaled,-2.766036662,83
Bi2Be2Ca1_a2c1c2_sg139_ascaled,-3.57475143,83
Bi2Be2Hg1_a2c1c2_sg139_cscaled,-2.876820215,83
Bi2Sr2Ca1_a2c1c2_sg139_ascaled,-3.534878774,83
Bi2Hg2Be1_a2c1c2_sg139_cscaled,-2.226080196,83
Bi2Mn2Zn1_a2c1c2_sg139_cscaled,-3.564992838,83
Bi2Be2Hg1_a2c1c2_sg139_bscaled,-2.885282117,83
Bi2Be2Sr1_a2c1c2_sg139_bscaled,-3.532998355,83
Bi2Ca2Sr1_a2c1c2_sg139_bscaled,-3.447632112,83
Bi2Zn2Cd1_a2c1c2_sg139_cscaled,-2.203749883,83
Bi2Ca3Ca3_a2c1c2_sg139_ascaled,-3.526615729,83
Bi2Sr2Be1_a2c1c2_sg139_cscaled,-3.414034383,83
Bi2Zn2Be1_a2c1c2_sg139_cscaled,-2.475749681,83
Bi2Mn2Cd1_a2c1c2_sg139_cscaled,-3.506567176,83
Bi2Zn3Zn3_a2c1c2_sg139_bscaled,-2.211790392,83
Bi2Sr2Be1_a2c1c2_sg139_ascaled,-3.439183589,83
Bi2Mg2Ca1_a2c1c2_sg139_ascaled,-3.085285367,83
Bi2Be2Ba1_a2c1c2_sg139_bscaled,-3.573946153,83
Bi2Hg3Hg3_a2c1c2_sg139_bscaled,-1.69072985,83
Bi2Be2Zn1_a2c1c2_sg139_cscaled,-2.962719378,83
Bi2Ba2Be1_a2c1c2_sg139_cscaled,-3.588795354,83
Bi2Ba2Mn1_a2c1c2_sg139_cscaled,-3.723112759,83
Bi2Mn2Sr1_a2c1c2_sg139_cscaled,-3.958932571,83
Bi2Be2Ba1_a2c1c2_sg139_ascaled,-3.57394587,83
Bi2Cd2Mg1_a2c1c2_sg139_cscaled,-2.219064745,83
Bi2Ba2Zn1_a2c1c2_sg139_ascaled,-3.215312699,83
Bi2Cd2Hg1_a2c1c2_sg139_bscaled,-1.962664537,83
Bi2Cd2Mn1_a2c1c2_sg139_cscaled,-2.724076951,83
Bi2Ba2Hg1_a2c1c2_sg139_bscaled,-3.080820339,83
Bi2Ca2Zn1_a2c1c2_sg139_ascaled,-2.76621171,83
Bi2Sr2Mn1_a2c1c2_sg139_bscaled,-3.524413271,83
Bi2Mg2Hg1_a2c1c2_sg139_cscaled,-2.399790359,83
Bi2Zn2Sr1_a2c1c2_sg139_bscaled,-2.764249178,83
Bi2Mg2Mn1_a2c1c2_sg139_ascaled,-3.066402054,83
Bi2Hg2Mg1_a2c1c2_sg139_ascaled,-2.06916029,83
Bi2Mn2Be1_a2c1c2_sg139_ascaled,-3.796253908,83
Bi2Be2Mg1_a2c1c2_sg139_cscaled,-3.193993494,83
Bi2Hg2Cd1_a2c1c2_sg139_cscaled,-1.771072823,83
Bi2Hg2Sr1_a2c1c2_sg139_ascaled,-2.331593086,83
Bi2Mn3Mn3_a2c1c2_sg139_ascaled,-4.048377229,83
Bi2Be2Mg1_a2c1c2_sg139_bscaled,-3.20708788,83
Bi2Mg3Mg3_a2c1c2_sg139_bscaled,-2.6771286,83
Bi2Zn2Mg1_a2c1c2_sg139_cscaled,-2.360387126,83
Bi2Be2Yb1_a2c1c2_sg139_ascaled,-3.487871737,83
Bi2Yb2Mn1_a2c1c2_sg139_ascaled,-3.541828222,83
Bi2Ba2Yb1_a2c1c2_sg139_ascaled,-3.500805554,83
Bi2Yb2Be1_a2c1c2_sg139_ascaled,-3.30429667,83
Bi2Yb2Ca1_a2c1c2_sg139_ascaled,-3.210931765,83
Bi2Yb2Sr1_a2c1c2_sg139_ascaled,-3.246221863,83
Bi2Yb2Mg1_a2c1c2_sg139_bscaled,-3.103674813,83
Bi2Yb2Mg1_a2c1c2_sg139_cscaled,-2.896447989,83
Bi2Yb2Mn1_a2c1c2_sg139_bscaled,-3.535234968,83
Bi2Sr2Yb1_a2c1c2_sg139_bscaled,-3.424970899,83
Bi2Yb2Be1_a2c1c2_sg139_cscaled,-3.261035347,83
Bi2Yb3Yb3_a2c1c2_sg139_cscaled,-3.114735363,83
Bi2Yb2Mg1_a2c1c2_sg139_ascaled,-3.103661353,83
Bi2Yb2Sr1_a2c1c2_sg139_cscaled,-3.248330667,83
Bi2Ca2Yb1_a2c1c2_sg139_ascaled,-3.411016613,83
Bi2Hg2Yb1_a2c1c2_sg139_ascaled,-2.216716159,83
Bi2Hg1Mn2_a2c1c2_sg164_bscaled,-3.534648402,83
Bi2Sr1Ca2_a2c1c2_sg164_cscaled,-3.639750439,83
Bi2Mn1Be2_a2c1c2_sg164_bscaled,-4.017554579,83
Bi2Zn1Cd2_a2c1c2_sg164_cscaled,-2.135681445,83
Bi2Hg1Ca2_a2c1c2_sg164_cscaled,-3.044046956,83
Bi2Zn1Mn2_a2c1c2_sg164_ascaled,-3.602434797,83
Bi2Mg1Hg2_a2c1c2_sg164_bscaled,-2.065947383,83
Bi2Cd1Mg2_a2c1c2_sg164_cscaled,-2.495443755,83
Bi2Sr1Be2_a2c1c2_sg164_ascaled,-3.517652639,83
Bi2Sr1Cd2_a2c1c2_sg164_ascaled,-2.700701465,83
Bi2Ba1Hg2_a2c1c2_sg164_ascaled,-2.439522361,83
Bi2Mn3Mn3_a2c1c2_sg164_cscaled,-4.053875319,83
Bi2Zn1Hg2_a2c1c2_sg164_bscaled,-1.881533478,83
Bi2Sr1Mg2_a2c1c2_sg164_ascaled,-3.161183797,83
Bi2Hg1Zn2_a2c1c2_sg164_cscaled,-2.084381477,83
Bi2Hg1Cd2_a2c1c2_sg164_cscaled,-1.970357473,83
Bi2Be1Sr2_a2c1c2_sg164_cscaled,-3.474548816,83
Bi2Ca1Zn2_a2c1c2_sg164_cscaled,-2.799706233,83
Bi2Be1Mg2_a2c1c2_sg164_bscaled,-2.823773602,83
Bi2Zn1Sr2_a2c1c2_sg164_bscaled,-3.110140933,83
Bi2Mg1Ba2_a2c1c2_sg164_bscaled,-3.24461257,83
Bi2Sr1Mg2_a2c1c2_sg164_cscaled,-3.163601713,83
Bi2Hg1Ba2_a2c1c2_sg164_bscaled,-3.149107,83
Bi2Mn1Sr2_a2c1c2_sg164_bscaled,-3.539664504,83
Bi2Mg1Ca2_a2c1c2_sg164_bscaled,-3.301312257,83
Bi2Ba1Ca2_a2c1c2_sg164_bscaled,-3.718310441,83
Bi2Cd1Ba2_a2c1c2_sg164_cscaled,-3.027796373,83
Bi2Mg1Ba2_a2c1c2_sg164_ascaled,-3.244707139,83
Bi2Sr1Cd2_a2c1c2_sg164_cscaled,-2.706040696,83
Bi2Cd1Zn2_a2c1c2_sg164_cscaled,-2.197790371,83
Bi2Ba1Sr2_a2c1c2_sg164_cscaled,-3.584225544,83
Bi2Ca1Zn2_a2c1c2_sg164_ascaled,-2.799636911,83
Bi2Cd1Hg2_a2c1c2_sg164_cscaled,-1.804379481,83
Bi2Be1Ba2_a2c1c2_sg164_ascaled,-3.635679262,83
Bi2Ca1Sr2_a2c1c2_sg164_bscaled,-3.530744046,83
Bi2Mn3Mn3_a2c1c2_sg164_bscaled,-4.220177417,83
Bi2Sr1Ca2_a2c1c2_sg164_ascaled,-3.639777566,83
Bi2Ca3Ca3_a2c1c2_sg164_bscaled,-3.656019394,83
Bi2Cd1Be2_a2c1c2_sg164_ascaled,-2.937637288,83
Bi2Cd1Zn2_a2c1c2_sg164_ascaled,-2.206936104,83
Bi2Cd1Be2_a2c1c2_sg164_bscaled,-2.937660328,83
Bi2Ca1Ba2_a2c1c2_sg164_ascaled,-3.603240751,83
Bi2Sr1Ba2_a2c1c2_sg164_cscaled,-3.579046573,83
Bi2Ca3Ca3_a2c1c2_sg164_ascaled,-3.65599903,83
Bi2Mg1Cd2_a2c1c2_sg164_bscaled,-2.32496808,83
Bi2Zn1Mg2_a2c1c2_sg164_cscaled,-2.528929077,83
Bi2Mg1Sr2_a2c1c2_sg164_bscaled,-3.163659791,83
Bi2Zn1Ca2_a2c1c2_sg164_ascaled,-3.172004914,83
Bi2Hg1Ba2_a2c1c2_sg164_cscaled,-2.910868695,83
Bi2Ca1Be2_a2c1c2_sg164_bscaled,-3.555982847,83
Bi2Sr3Sr3_a2c1c2_sg164_ascaled,-3.508016997,83
Bi2Mg1Cd2_a2c1c2_sg164_cscaled,-2.316499304,83
Bi2Sr1Ba2_a2c1c2_sg164_bscaled,-3.58150932,83
Bi2Hg1Sr2_a2c1c2_sg164_cscaled,-3.004439153,83
Bi2Cd1Mn2_a2c1c2_sg164_bscaled,-3.601918468,83
Bi2Zn1Cd2_a2c1c2_sg164_ascaled,-2.13360153,83
Bi2Cd1Mn2_a2c1c2_sg164_cscaled,-3.610527615,83
Bi2Cd1Ba2_a2c1c2_sg164_ascaled,-3.035876541,83
Bi2Mn1Mg2_a2c1c2_sg164_cscaled,-3.024234439,83
Bi2Cd1Sr2_a2c1c2_sg164_ascaled,-2.95555108,83
Bi2Ba1Sr2_a2c1c2_sg164_bscaled,-3.584407121,83
Bi2Zn1Cd2_a2c1c2_sg164_bscaled,-2.133624732,83
Bi2Ba1Zn2_a2c1c2_sg164_ascaled,-2.8574488,83
Bi2Mg1Sr2_a2c1c2_sg164_cscaled,-3.16227144,83
Bi2Mg1Mn2_a2c1c2_sg164_ascaled,-3.716113841,83
Bi2Mn1Hg2_a2c1c2_sg164_cscaled,-2.574306915,83
Bi2Ba1Zn2_a2c1c2_sg164_cscaled,-2.859622743,83
Bi2Cd1Sr2_a2c1c2_sg164_bscaled,-2.954787468,83
Bi2Mn1Be2_a2c1c2_sg164_cscaled,-4.032507984,83
Bi2Zn1Be2_a2c1c2_sg164_cscaled,-2.983696922,83
Bi2Hg1Cd2_a2c1c2_sg164_ascaled,-1.969477235,83
Bi2Sr3Sr3_a2c1c2_sg164_cscaled,-3.50655654,83
Bi2Hg1Sr2_a2c1c2_sg164_ascaled,-3.003247102,83
Bi2Zn1Mn2_a2c1c2_sg164_bscaled,-3.602331807,83
Bi2Cd1Ca2_a2c1c2_sg164_ascaled,-3.141120359,83
Bi2Sr1Mn2_a2c1c2_sg164_ascaled,-3.690032684,83
Bi2Ba1Cd2_a2c1c2_sg164_bscaled,-2.796344836,83
Bi2Mn1Mg2_a2c1c2_sg164_ascaled,-3.030735019,83
Bi2Yb1Ca2_a2c1c2_sg164_ascaled,-3.55057307,83
Bi2Yb1Hg2_a2c1c2_sg164_bscaled,-2.243940907,83
Bi2Zn1Yb2_a2c1c2_sg164_bscaled,-2.987562365,83
Bi2Yb1Mn2_a2c1c2_sg164_cscaled,-3.667088824,83
Bi2Cd1Yb2_a2c1c2_sg164_bscaled,-2.957317321,83
Bi2Cd1Yb2_a2c1c2_sg164_ascaled,-2.957335923,83
Bi2Yb1Mn2_a2c1c2_sg164_bscaled,-3.985199147,83
Bi2Yb1Sr2_a2c1c2_sg164_cscaled,-3.418230886,83
Bi2Hg1Yb2_a2c1c2_sg164_cscaled,-2.867795362,83
Bi2Yb1Zn2_a2c1c2_sg164_ascaled,-2.715431713,83
Bi2Hg1Yb2_a2c1c2_sg164_bscaled,-2.867242636,83
Bi2Ca1Yb2_a2c1c2_sg164_ascaled,-3.452725655,83
Bi2Yb1Mg2_a2c1c2_sg164_ascaled,-3.082960895,83
Bi2Mg1Yb2_a2c1c2_sg164_bscaled,-3.108960149,83
Bi2Zn1Yb2_a2c1c2_sg164_ascaled,-2.987459091,83
Bi2Mn2Mg1_a2c1c2_sg36,-3.629415003,83
Bi2Zn2Sr1_a2c1c2_sg36,-2.75820387,83
Bi2Cd2Ca1_a2c1c2_sg36,-2.669106231,83
Bi2Mg2Hg1_a2c1c2_sg36,-2.370763485,83
Bi2Hg2Ca1_a2c1c2_sg36,-2.421058753,83
Bi2Be2Sr1_a2c1c2_sg36,-3.512070294,83
Bi2Zn2Mg1_a2c1c2_sg36,-2.401116611,83
Bi2Be3Be3_a2c1c2_sg36,-3.421632042,83
Bi2Ba2Mn1_a2c1c2_sg36,-3.704210665,83
Bi2Hg2Ba1_a2c1c2_sg36,-2.42309981,83
Bi2Ca2Zn1_a2c1c2_sg36,-3.304622419,83
Bi2Be2Zn1_a2c1c2_sg36,-2.99898012,83
Bi2Sr2Mg1_a2c1c2_sg36,-3.380673565,83
Bi2Be2Mg1_a2c1c2_sg36,-3.15039502,83
Bi2Sr2Be1_a2c1c2_sg36,-3.542399587,83
Bi2Mn3Mn3_a2c1c2_sg36,-4.250735236,83
Bi2Cd3Cd3_a2c1c2_sg36,-2.106447743,83
Bi2Mg2Ba1_a2c1c2_sg36,-3.166126974,83
Bi2Mg2Sr1_a2c1c2_sg36,-3.092550584,83
Bi2Ba3Ba3_a2c1c2_sg36,-3.626132725,83
Bi2Mn2Ca1_a2c1c2_sg36,-3.833564674,83
Bi2Hg3Hg3_a2c1c2_sg36,-1.775580564,83
Bi2Sr2Mn1_a2c1c2_sg36,-3.59052551,83
Bi2Be2Ba1_a2c1c2_sg36,-3.565095076,83
Bi2Ca3Ca3_a2c1c2_sg36,-3.633983812,83
Bi2Sr2Zn1_a2c1c2_sg36,-3.225530482,83
Bi2Cd2Ba1_a2c1c2_sg36,-2.679541185,83
Bi2Mn2Zn1_a2c1c2_sg36,-3.525145878,83
Bi2Cd2Mn1_a2c1c2_sg36,-2.740572223,83
Bi2Mn2Ba1_a2c1c2_sg36,-3.812601937,83
Bi2Ba2Cd1_a2c1c2_sg36,-3.329274094,83
Bi2Mg2Mn1_a2c1c2_sg36,-3.099045624,83
Bi2Ca2Be1_a2c1c2_sg36,-3.659848251,83
Bi2Ba2Sr1_a2c1c2_sg36,-3.621502017,83
Bi2Be2Mn1_a2c1c2_sg36,-3.751413248,83
Bi2Cd2Hg1_a2c1c2_sg36,-1.958508091,83
Bi2Mg2Ca1_a2c1c2_sg36,-3.110351774,83
Bi2Cd2Be1_a2c1c2_sg36,-2.483556279,83
Bi2Be2Ca1_a2c1c2_sg36,-3.529372086,83
Bi2Zn2Hg1_a2c1c2_sg36,-2.057457928,83
Bi2Ca2Mn1_a2c1c2_sg36,-3.739958671,83
Bi2Hg2Sr1_a2c1c2_sg36,-2.415976595,83
Bi2Ca2Hg1_a2c1c2_sg36,-3.077265883,83
Bi2Mn2Hg1_a2c1c2_sg36,-3.294345286,83
Bi2Ba2Be1_a2c1c2_sg36,-3.672818727,83
Bi2Mg2Zn1_a2c1c2_sg36,-2.561292772,83
Bi2Cd2Zn1_a2c1c2_sg36,-2.150969185,83
Bi2Ba2Mg1_a2c1c2_sg36,-3.509783448,83
Bi2Zn2Ba1_a2c1c2_sg36,-2.667707311,83
Bi2Ca2Mg1_a2c1c2_sg36,-3.450774898,83
Bi2Hg2Mn1_a2c1c2_sg36,-2.402271564,83
Bi2Zn3Zn3_a2c1c2_sg36,-2.230575594,83
Bi2Sr3Sr3_a2c1c2_sg36,-3.474833071,83
Bi2Ba2Ca1_a2c1c2_sg36,-3.71473457,83
Bi2Zn2Be1_a2c1c2_sg36,-2.572328251,83
Bi2Zn2Ca1_a2c1c2_sg36,-2.774807537,83
Bi2Cd2Mg1_a2c1c2_sg36,-2.319967569,83
Bi2Hg2Zn1_a2c1c2_sg36,-1.879491706,83
Bi2Mn2Cd1_a2c1c2_sg36,-3.376153489,83
Bi2Hg2Be1_a2c1c2_sg36,-2.259493378,83
Bi2Mg2Be1_a2c1c2_sg36,-2.926578449,83
Bi2Mn2Be1_a2c1c2_sg36,-4.077797929,83
Bi2Zn2Cd1_a2c1c2_sg36,-2.193739228,83
Bi2Ca2Ba1_a2c1c2_sg36,-3.594797044,83
Bi2Hg2Cd1_a2c1c2_sg36,-1.83047065,83
Bi2Ca2Sr1_a2c1c2_sg36,-3.529480071,83
Bi2Mn2Sr1_a2c1c2_sg36,-3.724219072,83
Bi2Mg2Cd1_a2c1c2_sg36,-2.508604244,83
Bi2Be2Cd1_a2c1c2_sg36,-2.92269633,83
Bi2Zn2Mn1_a2c1c2_sg36,-2.847871437,83
Bi2Sr2Hg1_a2c1c2_sg36,-3.020122652,83
Bi2Ba2Zn1_a2c1c2_sg36,-3.345410361,83
Bi2Sr2Cd1_a2c1c2_sg36,-3.18970193,83
Bi2Sr2Ca1_a2c1c2_sg36,-3.569314188,83
Bi2Ba2Hg1_a2c1c2_sg36,-3.170366925,83
Bi2Mg3Mg3_a2c1c2_sg36,-2.724145515,83
Bi2Ca2Cd1_a2c1c2_sg36,-3.247301629,83
Bi2Be2Hg1_a2c1c2_sg36,-2.838177506,83
Bi2Sr2Ba1_a2c1c2_sg36,-3.516363712,83
Bi2Hg2Mg1_a2c1c2_sg36,-2.052604431,83
Bi2Cd2Sr1_a2c1c2_sg36,-2.659821913,83
Bi2Yb2Mn1_a2c1c2_sg36,-3.569780783,83
Bi2Hg2Yb1_a2c1c2_sg36,-2.344939447,83
Bi2Yb2Ba1_a2c1c2_sg36,-3.38872303,83
Bi2Sr2Yb1_a2c1c2_sg36,-3.467016125,83
Bi2Yb2Cd1_a2c1c2_sg36,-3.065206282,83
Bi2Yb2Be1_a2c1c2_sg36,-3.485450449,83
Bi2Cd2Yb1_a2c1c2_sg36,-2.577348328,83
Bi2Ca2Yb1_a2c1c2_sg36,-3.537355036,83
Bi2Zn2Yb1_a2c1c2_sg36,-2.69700438,83
Bi2Yb2Ca1_a2c1c2_sg36,-3.431756585,83
Bi2Yb2Hg1_a2c1c2_sg36,-2.902618988,83
Bi2Yb3Yb3_a2c1c2_sg36,-3.34027541,83
Bi2Ba2Yb1_a2c1c2_sg36,-3.60958999,83
Bi2Yb2Sr1_a2c1c2_sg36,-3.32341196,83
Bi2Mg2Yb1_a2c1c2_sg36,-3.0146796,83
Bi2Yb2Zn1_a2c1c2_sg36,-3.133037213,83
Bi2Be2Yb1_a2c1c2_sg36,-3.442792501,83
Bi2Mn2Yb1_a2c1c2_sg36,-3.752561214,83
Bi2Yb2Mg1_a2c1c2_sg36,-3.254201319,83