batch_size,column_lambda,dr1,dr2,embedding_size,entropy_lambda,lr,score,path
6,60.40077659,0.666459308,0.169964372,4,1.673281121,0.005256206,0.049350418,"./train_model_f5b3005f_102_batch_size=6,column_lambda=60.4008,dr1=0.6665,dr2=0.1700,embedding_size=4,entropy_lambda=1.6733,lr=0.0053_2023-07-08_10-36-24"
5,19502.14312,0.08138311,0.248725455,3,224.6774379,0.008884814,0.050924666,"./train_model_bbffd382_40_batch_size=5,column_lambda=19502.1431,dr1=0.0814,dr2=0.2487,embedding_size=3,entropy_lambda=224.6774,lr=0._2023-07-05_18-10-31"
5,3802025.141,0.777403851,0.810836489,13,80300.80861,0.002256289,0.068651281,"./train_model_47013b51_95_batch_size=5,column_lambda=3802025.1407,dr1=0.7774,dr2=0.8108,embedding_size=13,entropy_lambda=80300.8086,_2023-07-08_02-42-09"
4,602402.7756,0.479516038,0.728591337,5,26287.75461,0.00206667,0.070076562,"./train_model_bdff2b85_48_batch_size=4,column_lambda=602402.7756,dr1=0.4795,dr2=0.7286,embedding_size=5,entropy_lambda=26287.7546,lr_2023-07-05_22-56-47"
11,5.153592805,0.404523832,0.044351962,5,93282.62387,0.003929896,0.086568154,"./train_model_3965c7d1_56_batch_size=11,column_lambda=5.1536,dr1=0.4045,dr2=0.0444,embedding_size=5,entropy_lambda=93282.6239,lr=0.0_2023-07-06_05-13-14"
6,260.7753674,0.183871194,0.701540666,4,11972.59213,0.000427741,0.12927787,"./train_model_5bad6094_23_batch_size=6,column_lambda=260.7754,dr1=0.1839,dr2=0.7015,embedding_size=4,entropy_lambda=11972.5921,lr=0._2023-07-05_03-00-47"
2,159172.469,0.162892007,0.545729364,2,482.9692878,0.011937868,0.163552016,"./train_model_97771a86_114_batch_size=2,column_lambda=159172.4690,dr1=0.1629,dr2=0.5457,embedding_size=2,entropy_lambda=482.9693,lr=_2023-07-09_03-11-00"
2,7.084191106,0.231195096,0.432314171,2,1414099.406,0.003514526,0.171252266,"./train_model_3602d2d4_92_batch_size=2,column_lambda=7.0842,dr1=0.2312,dr2=0.4323,embedding_size=2,entropy_lambda=1414099.4058,lr=0._2023-07-08_00-47-22"
6,3610765.091,0.796473811,0.824155012,9,53481262.49,0.00503025,0.185465336,"./train_model_5db546b6_78_batch_size=6,column_lambda=3610765.0909,dr1=0.7965,dr2=0.8242,embedding_size=9,entropy_lambda=53481262.487_2023-07-07_12-12-27"
5,565758.9508,0.537245885,0.473465154,1,1613389.935,0.000695592,0.188462839,"./train_model_fd3e1128_142_batch_size=5,column_lambda=565758.9508,dr1=0.5372,dr2=0.4735,embedding_size=1,entropy_lambda=1613389.9353_2023-07-10_09-29-04"
2,367470.3471,0.742147125,0.56718548,5,40.65451474,0.009310499,0.194977924,"./train_model_5bc8639d_110_batch_size=2,column_lambda=367470.3471,dr1=0.7421,dr2=0.5672,embedding_size=5,entropy_lambda=40.6545,lr=0_2023-07-08_21-21-33"
2,18162202.71,0.350496724,0.498061745,1,438.045607,0.003041494,0.246340528,"./train_model_00bc1e08_139_batch_size=2,column_lambda=18162202.7137,dr1=0.3505,dr2=0.4981,embedding_size=1,entropy_lambda=438.0456,l_2023-07-10_07-36-49"
9,9781883.481,0.40596259,0.575172587,1,15607.25989,0.003551821,0.29629299,"./train_model_2b81ec34_143_batch_size=9,column_lambda=9781883.4810,dr1=0.4060,dr2=0.5752,embedding_size=1,entropy_lambda=15607.2599,_2023-07-10_09-57-36"
13,14309.07628,0.693582244,0.343924374,7,5511.40133,0.000334109,0.373395056,"./train_model_932e640f_22_batch_size=13,column_lambda=14309.0763,dr1=0.6936,dr2=0.3439,embedding_size=7,entropy_lambda=5511.4013,lr=_2023-07-05_03-00-05"
14,364375.4867,0.685464459,0.457251013,2,71.6124197,0.032704711,0.374422282,"./train_model_3adb2e55_129_batch_size=14,column_lambda=364375.4867,dr1=0.6855,dr2=0.4573,embedding_size=2,entropy_lambda=71.6124,lr=_2023-07-09_22-40-29"
6,105.3300509,0.317352518,0.31043588,2,13.3614513,0.083844,0.41949448,"./train_model_1da84ccf_82_batch_size=6,column_lambda=105.3301,dr1=0.3174,dr2=0.3104,embedding_size=2,entropy_lambda=13.3615,lr=0.083_2023-07-07_13-46-27"
17,1.573864055,0.743007819,0.65603935,2,350.1681529,0.042993094,0.442560822,"./train_model_4543919d_73_batch_size=17,column_lambda=1.5739,dr1=0.7430,dr2=0.6560,embedding_size=2,entropy_lambda=350.1682,lr=0.043_2023-07-07_02-38-26"
33,7.635348912,0.653268037,0.019612677,2,2819.418365,0.020982553,0.443839967,"./train_model_386c0c23_70_batch_size=33,column_lambda=7.6353,dr1=0.6533,dr2=0.0196,embedding_size=2,entropy_lambda=2819.4184,lr=0.02_2023-07-06_22-27-26"
5,4361634.2,0.428033515,0.172406865,6,1121.4865,0.000110269,0.46717754,"./train_model_5439349c_89_batch_size=5,column_lambda=4361634.2001,dr1=0.4280,dr2=0.1724,embedding_size=6,entropy_lambda=1121.4865,lr_2023-07-07_22-31-08"
2,40592.684,0.171590769,0.266305668,39,8261647.006,0.000403065,0.483029515,"./train_model_db1dacad_136_batch_size=2,column_lambda=40592.6840,dr1=0.1716,dr2=0.2663,embedding_size=39,entropy_lambda=8261647.0059_2023-07-10_04-06-35"
12,3987.986441,0.768227007,0.437370585,2,37.52200979,0.000568872,0.492482632,"./train_model_d3fcf2e5_50_batch_size=12,column_lambda=3987.9864,dr1=0.7682,dr2=0.4374,embedding_size=2,entropy_lambda=37.5220,lr=0.0_2023-07-06_01-48-40"
7,7394775.213,0.899996417,0.401092926,1,95522.81478,0.000269524,0.514181376,"./train_model_bd643798_58_batch_size=7,column_lambda=7394775.2131,dr1=0.9000,dr2=0.4011,embedding_size=1,entropy_lambda=95522.8148,l_2023-07-06_12-42-19"
1,50426831.94,0.849357462,0.647920978,2,52629.35415,0.002065027,0.52050525,"./train_model_bfd4757c_34_batch_size=1,column_lambda=50426831.9388,dr1=0.8494,dr2=0.6479,embedding_size=2,entropy_lambda=52629.3542,_2023-07-05_13-07-11"
36,55.46219404,0.556534041,0.587141093,7,75661220.51,0.052633587,0.523455262,"./train_model_cfd0115e_141_batch_size=36,column_lambda=55.4622,dr1=0.5565,dr2=0.5871,embedding_size=7,entropy_lambda=75661220.5126,l_2023-07-10_08-54-42"
2,159.9611827,0.805942153,0.834008594,1,7.302011499,0.003082261,0.534902394,"./train_model_7e5b0ef1_32_batch_size=2,column_lambda=159.9612,dr1=0.8059,dr2=0.8340,embedding_size=1,entropy_lambda=7.3020,lr=0.0031_2023-07-05_07-59-42"
5,3057021.452,0.911300219,0.180227366,1,28559799.57,2.92E-05,0.543839812,"./train_model_67b68d9f_84_batch_size=5,column_lambda=3057021.4524,dr1=0.9113,dr2=0.1802,embedding_size=1,entropy_lambda=28559799.570_2023-07-07_14-07-38"
27,333387.7463,0.373895096,0.114433505,23,106338.9747,0.007039196,0.545070231,"./train_model_52007cf0_26_batch_size=27,column_lambda=333387.7463,dr1=0.3739,dr2=0.1144,embedding_size=23,entropy_lambda=106338.9747_2023-07-05_04-18-21"
2,1063540.127,0.805812007,0.689032627,45,187562.9468,0.000207145,0.566068292,"./train_model_412c0c80_20_batch_size=2,column_lambda=1063540.1274,dr1=0.8058,dr2=0.6890,embedding_size=45,entropy_lambda=187562.9468_2023-07-04_16-28-45"
4,1532.598291,0.585203421,0.606261138,1,162.2679862,0.053180227,0.601495624,"./train_model_92cdf0cc_101_batch_size=4,column_lambda=1532.5983,dr1=0.5852,dr2=0.6063,embedding_size=1,entropy_lambda=162.2680,lr=0._2023-07-08_08-16-50"
3,332829.7855,0.979996264,0.990872489,1,38226.55747,0.007367572,0.604423881,"./train_model_69cf5d85_17_batch_size=3,column_lambda=332829.7855,dr1=0.9800,dr2=0.9909,embedding_size=1,entropy_lambda=38226.5575,lr_2023-07-04_12-15-26"
1,55.74059885,0.200210145,0.831839807,1,5.321024845,0.012115755,0.612558722,"./train_model_fb091af6_31_batch_size=1,column_lambda=55.7406,dr1=0.2002,dr2=0.8318,embedding_size=1,entropy_lambda=5.3210,lr=0.0121_2023-07-05_06-12-55"
10,2616.018691,0.717858899,0.86760287,1,1208.716181,0.002262021,0.61598587,"./train_model_7a6ba0a1_94_batch_size=10,column_lambda=2616.0187,dr1=0.7179,dr2=0.8676,embedding_size=1,entropy_lambda=1208.7162,lr=0_2023-07-08_02-20-52"
1,5607.78683,0.723703195,0.526437871,5,4260924.142,0.021376876,0.621093452,"./train_model_373913db_109_batch_size=1,column_lambda=5607.7868,dr1=0.7237,dr2=0.5264,embedding_size=5,entropy_lambda=4260924.1417,l_2023-07-08_15-13-41"
13,28.63218961,0.920475997,0.501448073,50,219.6970634,0.000890255,0.621461749,"./train_model_12b2e3d5_77_batch_size=13,column_lambda=28.6322,dr1=0.9205,dr2=0.5014,embedding_size=50,entropy_lambda=219.6971,lr=0.0_2023-07-07_10-43-26"
8,50.20151349,0.630393679,0.607031939,1,209254.2464,0.073909218,0.621886551,"./train_model_b950ce94_105_batch_size=8,column_lambda=50.2015,dr1=0.6304,dr2=0.6070,embedding_size=1,entropy_lambda=209254.2464,lr=0_2023-07-08_12-55-33"
7,641907.2926,0.804402714,0.785461758,19,132.7548321,0.027730667,0.628878176,"./train_model_dc1399e2_134_batch_size=7,column_lambda=641907.2926,dr1=0.8044,dr2=0.7855,embedding_size=19,entropy_lambda=132.7548,lr_2023-07-10_01-51-10"
36,114018.2629,0.00675241,0.182208218,1,183957.7164,0.001272595,0.629049838,"./train_model_ad864feb_113_batch_size=36,column_lambda=114018.2629,dr1=0.0068,dr2=0.1822,embedding_size=1,entropy_lambda=183957.7164_2023-07-09_01-00-05"
27,69570151.31,0.082695583,0.022561147,16,12758.1178,0.079180392,0.629793048,"./train_model_de7344e8_61_batch_size=27,column_lambda=69570151.3148,dr1=0.0827,dr2=0.0226,embedding_size=16,entropy_lambda=12758.117_2023-07-06_13-56-38"
4,6608407.855,0.053992044,0.732908327,8,297.9059398,0.097242195,0.632921636,"./train_model_0644815d_100_batch_size=4,column_lambda=6608407.8554,dr1=0.0540,dr2=0.7329,embedding_size=8,entropy_lambda=297.9059,lr_2023-07-08_07-57-17"
26,4.073306645,0.345491871,0.834496598,1,1014.020842,0.091229371,0.634912491,"./train_model_2da2406f_91_batch_size=26,column_lambda=4.0733,dr1=0.3455,dr2=0.8345,embedding_size=1,entropy_lambda=1014.0208,lr=0.09_2023-07-07_22-56-57"
12,9045.874399,0.155447185,0.862850675,1,14.25475963,0.004183249,0.635505676,"./train_model_416d46b1_68_batch_size=12,column_lambda=9045.8744,dr1=0.1554,dr2=0.8629,embedding_size=1,entropy_lambda=14.2548,lr=0.0_2023-07-06_21-02-21"
4,107.186689,0.232353872,0.90776463,2,3188090.173,0.057712437,0.638389587,"./train_model_ce4c1f8f_76_batch_size=4,column_lambda=107.1867,dr1=0.2324,dr2=0.9078,embedding_size=2,entropy_lambda=3188090.1728,lr=_2023-07-07_07-53-38"
25,41047.59146,0.492673642,0.875385928,4,278236.8738,0.06973308,0.64236927,"./train_model_b394131c_43_batch_size=25,column_lambda=41047.5915,dr1=0.4927,dr2=0.8754,embedding_size=4,entropy_lambda=278236.8738,l_2023-07-05_20-30-50"
57,35193914.3,0.409624264,0.491978594,4,81594.36788,0.049866496,0.64439708,"./train_model_cd9fe3d4_93_batch_size=57,column_lambda=35193914.3019,dr1=0.4096,dr2=0.4920,embedding_size=4,entropy_lambda=81594.3679_2023-07-08_01-18-00"
11,370.3052835,0.933721475,0.904477028,36,680.2371292,0.000697819,0.64569813,"./train_model_ae4a89e4_125_batch_size=11,column_lambda=370.3053,dr1=0.9337,dr2=0.9045,embedding_size=36,entropy_lambda=680.2371,lr=0_2023-07-09_17-24-16"
1,94581325.95,0.46506936,0.582471776,3,244973.5811,0.052353541,0.646222532,"./train_model_6393133f_81_batch_size=1,column_lambda=94581325.9546,dr1=0.4651,dr2=0.5825,embedding_size=3,entropy_lambda=244973.5811_2023-07-07_13-18-18"
3,56.59737821,0.311189843,0.590025107,17,178020.4355,0.074620852,0.647668839,"./train_model_a190d177_35_batch_size=3,column_lambda=56.5974,dr1=0.3112,dr2=0.5900,embedding_size=17,entropy_lambda=178020.4355,lr=0_2023-07-05_13-40-40"
1,32.45895405,0.745083032,0.670058595,1,6815666.372,0.030457116,0.648914278,"./train_model_3e1fd223_54_batch_size=1,column_lambda=32.4590,dr1=0.7451,dr2=0.6701,embedding_size=1,entropy_lambda=6815666.3718,lr=0_2023-07-06_04-02-47"
1,1296929.215,0.186419344,0.669457971,1,5154544.467,0.052375375,0.652387738,"./train_model_829ea0fa_55_batch_size=1,column_lambda=1296929.2151,dr1=0.1864,dr2=0.6695,embedding_size=1,entropy_lambda=5154544.4665_2023-07-06_04-27-09"
37,6006.360693,0.937468937,0.182000547,1,11995.40636,0.017507293,0.6524266,"./train_model_cd499cf7_21_batch_size=37,column_lambda=6006.3607,dr1=0.9375,dr2=0.1820,embedding_size=1,entropy_lambda=11995.4064,lr=_2023-07-04_23-58-58"
55,3338832.098,0.56554158,0.006569317,2,66346.73463,0.003887601,0.653141439,"./train_model_4a2b4eee_65_batch_size=55,column_lambda=3338832.0977,dr1=0.5655,dr2=0.0066,embedding_size=2,entropy_lambda=66346.7346,_2023-07-06_16-55-12"
1,1.56316877,0.362253629,0.998268832,1,419388.4257,0.017703937,0.655543447,"./train_model_514a5e5b_66_batch_size=1,column_lambda=1.5632,dr1=0.3623,dr2=0.9983,embedding_size=1,entropy_lambda=419388.4257,lr=0.0_2023-07-06_18-49-30"
1,1256.688129,0.832138748,0.790263793,58,4396.120849,0.003671748,0.656798422,"./train_model_973956b1_71_batch_size=1,column_lambda=1256.6881,dr1=0.8321,dr2=0.7903,embedding_size=58,entropy_lambda=4396.1208,lr=0_2023-07-06_22-37-16"
1,1418.345621,0.308276461,0.470063989,37,28525.07486,0.010659897,0.658207536,"./train_model_e7841ee8_130_batch_size=1,column_lambda=1418.3456,dr1=0.3083,dr2=0.4701,embedding_size=37,entropy_lambda=28525.0749,lr_2023-07-09_22-53-12"
15,1.66896195,0.049422935,0.557600515,10,82372330.86,0.065127948,0.658207536,"./train_model_18585354_85_batch_size=15,column_lambda=1.6690,dr1=0.0494,dr2=0.5576,embedding_size=10,entropy_lambda=82372330.8562,lr_2023-07-07_15-22-30"
2,14377209.86,0.406838061,0.599935033,28,15552105.71,0.033777312,0.658207536,"./train_model_da40510c_98_batch_size=2,column_lambda=14377209.8635,dr1=0.4068,dr2=0.5999,embedding_size=28,entropy_lambda=15552105.7_2023-07-08_05-38-50"
2,7445054.597,0.346626084,0.825999673,1,47547.87317,0.099603842,0.658207536,"./train_model_ec7690fe_69_batch_size=2,column_lambda=7445054.5970,dr1=0.3466,dr2=0.8260,embedding_size=1,entropy_lambda=47547.8732,l_2023-07-06_21-36-09"
2,37481527.87,0.898237875,0.750560995,54,49831.26421,0.006702823,0.658207536,"./train_model_eed6ee48_47_batch_size=2,column_lambda=37481527.8742,dr1=0.8982,dr2=0.7506,embedding_size=54,entropy_lambda=49831.2642_2023-07-05_22-25-22"
4,24568.17533,0.433687078,0.740043768,43,33670.19545,0.092499217,0.658207595,"./train_model_42499ce5_29_batch_size=4,column_lambda=24568.1753,dr1=0.4337,dr2=0.7400,embedding_size=43,entropy_lambda=33670.1955,lr_2023-07-05_05-32-11"
6,222767.6702,0.705856448,0.007289877,27,3.145973484,0.067794644,0.658207715,"./train_model_43a22993_30_batch_size=6,column_lambda=222767.6702,dr1=0.7059,dr2=0.0073,embedding_size=27,entropy_lambda=3.1460,lr=0._2023-07-05_06-09-52"
3,4.534810666,0.418235404,0.648814259,36,2411.721523,0.067147829,0.658207893,"./train_model_e8c0e7b0_126_batch_size=3,column_lambda=4.5348,dr1=0.4182,dr2=0.6488,embedding_size=36,entropy_lambda=2411.7215,lr=0.0_2023-07-09_18-23-51"
2,184.6045611,0.796463056,0.853057828,48,15916.91783,0.065148602,0.658208549,"./train_model_8cb087ad_132_batch_size=2,column_lambda=184.6046,dr1=0.7965,dr2=0.8531,embedding_size=48,entropy_lambda=15916.9178,lr=_2023-07-10_01-02-59"
15,606.9854614,0.141273116,0.751110868,32,27472.05441,0.066343374,0.658210456,"./train_model_07ce4e52_7_batch_size=15,column_lambda=606.9855,dr1=0.1413,dr2=0.7511,embedding_size=32,entropy_lambda=27472.0544,lr=0_2023-07-03_20-52-35"
20,28.61001543,0.987063299,0.174411456,53,50.71371461,0.024955298,0.658216596,"./train_model_bd71b777_62_batch_size=20,column_lambda=28.6100,dr1=0.9871,dr2=0.1744,embedding_size=53,entropy_lambda=50.7137,lr=0.02_2023-07-06_14-54-22"
1,124592.066,0.034070344,0.199338179,36,3875.686514,0.001892331,0.658219934,"./train_model_8dea5bbd_60_batch_size=1,column_lambda=124592.0660,dr1=0.0341,dr2=0.1993,embedding_size=36,entropy_lambda=3875.6865,lr_2023-07-06_13-35-09"
15,12439.19527,0.146165019,0.667355918,29,1.079327074,0.067472256,0.658225358,"./train_model_4a557e4c_116_batch_size=15,column_lambda=12439.1953,dr1=0.1462,dr2=0.6674,embedding_size=29,entropy_lambda=1.0793,lr=0_2023-07-09_05-33-53"
1,1427147.727,0.960682851,0.216250528,16,36952.97052,0.032301203,0.65834862,"./train_model_7d14192e_118_batch_size=1,column_lambda=1427147.7265,dr1=0.9607,dr2=0.2163,embedding_size=16,entropy_lambda=36952.9705_2023-07-09_08-40-32"
47,65.3243244,0.526802869,0.886534549,10,64120660.6,0.017043055,0.660915375,"./train_model_14dfb997_127_batch_size=47,column_lambda=65.3243,dr1=0.5268,dr2=0.8865,embedding_size=10,entropy_lambda=64120660.6027,_2023-07-09_19-35-43"
1,3287.665638,0.942876865,0.809304836,63,62007.40176,0.000479757,0.660983384,"./train_model_d73f6483_108_batch_size=1,column_lambda=3287.6656,dr1=0.9429,dr2=0.8093,embedding_size=63,entropy_lambda=62007.4018,lr_2023-07-08_14-41-23"
22,485839.2885,0.188101286,0.398690806,1,1378404.983,0.000747291,0.66157335,"./train_model_83cd5f36_138_batch_size=22,column_lambda=485839.2885,dr1=0.1881,dr2=0.3987,embedding_size=1,entropy_lambda=1378404.982_2023-07-10_06-43-08"
4,10861.2519,0.352732697,0.837241682,45,93113441.47,0.00108568,0.662050784,"./train_model_bf17e2c9_41_batch_size=4,column_lambda=10861.2519,dr1=0.3527,dr2=0.8372,embedding_size=45,entropy_lambda=93113441.4713_2023-07-05_18-35-16"
37,360315.394,0.985331758,0.278563335,1,4.778398749,0.011833102,0.665731728,"./train_model_2650e5d7_104_batch_size=37,column_lambda=360315.3940,dr1=0.9853,dr2=0.2786,embedding_size=1,entropy_lambda=4.7784,lr=0_2023-07-08_12-23-56"
23,68457114.58,0.849570055,0.97235963,8,31508.39917,0.006554889,0.66617161,"./train_model_6bc7b45a_133_batch_size=23,column_lambda=68457114.5825,dr1=0.8496,dr2=0.9724,embedding_size=8,entropy_lambda=31508.399_2023-07-10_01-46-44"
14,1174.27168,0.885689695,0.947136231,44,138048.9092,0.001174188,0.666456699,"./train_model_f89eea8e_27_batch_size=14,column_lambda=1174.2717,dr1=0.8857,dr2=0.9471,embedding_size=44,entropy_lambda=138048.9092,l_2023-07-05_04-50-41"
31,11190353.93,0.216714123,0.332054823,15,185.629183,0.001186822,0.704391599,"./train_model_9f3fb070_33_batch_size=31,column_lambda=11190353.9303,dr1=0.2167,dr2=0.3321,embedding_size=15,entropy_lambda=185.6292,_2023-07-05_08-54-12"
1,2.054796155,0.348333314,0.177530276,1,43.32409796,0.000165302,0.754436076,"./train_model_1b0d13b6_72_batch_size=1,column_lambda=2.0548,dr1=0.3483,dr2=0.1775,embedding_size=1,entropy_lambda=43.3241,lr=0.0002_2023-07-06_23-03-50"
2,49508.96513,0.60345574,0.484507555,35,2.459939119,9.89E-05,0.789434314,"./train_model_2e8305c9_115_batch_size=2,column_lambda=49508.9651,dr1=0.6035,dr2=0.4845,embedding_size=35,entropy_lambda=2.4599,lr=0._2023-07-09_03-35-23"
2,23241.00243,0.439246263,0.788005959,2,28.67481677,3.73E-05,0.852851927,"./train_model_7c5d3b0c_4_batch_size=2,column_lambda=23241.0024,dr1=0.4392,dr2=0.7880,embedding_size=2,entropy_lambda=28.6748,lr=0.00_2023-07-03_17-20-46"
3,2.749580839,0.346520489,0.552773277,11,4832.153799,0.000188795,1.069841623,"./train_model_df01734f_123_batch_size=3,column_lambda=2.7496,dr1=0.3465,dr2=0.5528,embedding_size=11,entropy_lambda=4832.1538,lr=0.0_2023-07-09_14-10-49"
56,8481.033483,0.411556345,0.783942617,3,63.17553418,0.009311059,1.184024572,"./train_model_210fb0a2_59_batch_size=56,column_lambda=8481.0335,dr1=0.4116,dr2=0.7839,embedding_size=3,entropy_lambda=63.1755,lr=0.0_2023-07-06_13-35-05"
54,85.73634444,0.183964984,0.243809985,4,2516787.541,0.007153563,1.215504408,"./train_model_34ed892f_111_batch_size=54,column_lambda=85.7363,dr1=0.1840,dr2=0.2438,embedding_size=4,entropy_lambda=2516787.5409,lr_2023-07-08_22-56-13"
1,123873.7399,0.339211649,0.555355881,6,2898.991263,0.002889969,1.221876502,"./train_model_8e9bfd6b_112_batch_size=1,column_lambda=123873.7399,dr1=0.3392,dr2=0.5554,embedding_size=6,entropy_lambda=2898.9913,lr_2023-07-09_00-38-22"
36,26.49698587,0.614436443,0.508429754,7,4.387107555,0.002251703,1.236226916,"./train_model_21440578_44_batch_size=36,column_lambda=26.4970,dr1=0.6144,dr2=0.5084,embedding_size=7,entropy_lambda=4.3871,lr=0.0023_2023-07-05_21-23-02"
1,2329034.834,0.520941717,0.95858682,29,4.633986035,0.001013511,1.578075171,"./train_model_bc10b98a_15_batch_size=1,column_lambda=2329034.8337,dr1=0.5209,dr2=0.9586,embedding_size=29,entropy_lambda=4.6340,lr=0_2023-07-04_05-58-18"
24,344.9876462,0.617212822,0.703832377,1,722.8682839,0.000504436,1.596735597,"./train_model_3dc5b210_117_batch_size=24,column_lambda=344.9876,dr1=0.6172,dr2=0.7038,embedding_size=1,entropy_lambda=722.8683,lr=0._2023-07-09_07-44-14"
3,30.1857836,0.751951807,0.620629181,11,2.760513058,0.000140248,3.526039124,"./train_model_5ad4a52b_9_batch_size=3,column_lambda=30.1858,dr1=0.7520,dr2=0.6206,embedding_size=11,entropy_lambda=2.7605,lr=0.0001_2023-07-03_23-41-32"
23,507.699929,0.784038731,0.243904088,1,2091.381473,9.19E-05,3.546741962,"./train_model_ef75b65d_52_batch_size=23,column_lambda=507.6999,dr1=0.7840,dr2=0.2439,embedding_size=1,entropy_lambda=2091.3815,lr=0._2023-07-06_03-31-16"
4,2.112160926,0.984878178,0.741105111,3,7667561.541,8.78E-05,4.044949055,"./train_model_d89201c2_19_batch_size=4,column_lambda=2.1122,dr1=0.9849,dr2=0.7411,embedding_size=3,entropy_lambda=7667561.5413,lr=0._2023-07-04_15-54-01"
1,2.647580146,0.002435203,0.510816147,1,24593.97393,6.50E-05,5.045548916,"./train_model_3759abed_96_batch_size=1,column_lambda=2.6476,dr1=0.0024,dr2=0.5108,embedding_size=1,entropy_lambda=24593.9739,lr=0.00_2023-07-08_03-42-19"
8,232966.9015,0.181291283,0.215542047,1,486506.102,1.80E-05,5.94525671,"./train_model_d34ed4fb_79_batch_size=8,column_lambda=232966.9015,dr1=0.1813,dr2=0.2155,embedding_size=1,entropy_lambda=486506.1020,l_2023-07-07_12-15-07"
6,158.3529033,0.975131196,0.491382727,50,1.813521483,6.16E-05,5.97158289,"./train_model_0891ba5a_64_batch_size=6,column_lambda=158.3529,dr1=0.9751,dr2=0.4914,embedding_size=50,entropy_lambda=1.8135,lr=0.000_2023-07-06_16-18-11"
10,3496.511317,0.977048861,0.538598661,42,47.85303715,9.72E-05,6.375389099,"./train_model_c9e8d9c9_45_batch_size=10,column_lambda=3496.5113,dr1=0.9770,dr2=0.5386,embedding_size=42,entropy_lambda=47.8530,lr=0._2023-07-05_21-55-53"
62,15379.99109,0.951917639,0.587110068,4,4239427.983,0.002739314,6.488007545,"./train_model_bfab3fe7_5_batch_size=62,column_lambda=15379.9911,dr1=0.9519,dr2=0.5871,embedding_size=4,entropy_lambda=4239427.9826,l_2023-07-03_18-04-58"
44,7534651.337,0.502016096,0.230869007,6,156.2989226,0.001170147,7.120212078,"./train_model_8dc342e6_88_batch_size=44,column_lambda=7534651.3373,dr1=0.5020,dr2=0.2309,embedding_size=6,entropy_lambda=156.2989,lr_2023-07-07_21-59-27"
41,2117923.863,0.274393551,0.864766034,2,40.39442638,0.000369263,9.015389442,"./train_model_11bc5d0f_8_batch_size=41,column_lambda=2117923.8626,dr1=0.2744,dr2=0.8648,embedding_size=2,entropy_lambda=40.3944,lr=0_2023-07-03_22-41-04"
5,31.33286168,0.444947339,0.386131829,2,54685474.73,2.39E-05,10.06422615,"./train_model_63b7c829_25_batch_size=5,column_lambda=31.3329,dr1=0.4449,dr2=0.3861,embedding_size=2,entropy_lambda=54685474.7287,lr=_2023-07-05_03-54-38"
36,7118.881711,0.77919396,0.729441996,15,73.91268347,0.000897145,13.12963676,"./train_model_1e28f7fc_107_batch_size=36,column_lambda=7118.8817,dr1=0.7792,dr2=0.7294,embedding_size=15,entropy_lambda=73.9127,lr=0_2023-07-08_14-08-00"
1,11.84428565,0.682069765,0.534824012,3,34.37756065,0.000165068,19.80627251,"./train_model_2cf3fb04_28_batch_size=1,column_lambda=11.8443,dr1=0.6821,dr2=0.5348,embedding_size=3,entropy_lambda=34.3776,lr=0.0002_2023-07-05_04-59-55"
1,3.643121996,0.84765043,0.261478006,7,26837.9444,0.000909784,21.14523697,"./train_model_148b862d_53_batch_size=1,column_lambda=3.6431,dr1=0.8477,dr2=0.2615,embedding_size=7,entropy_lambda=26837.9444,lr=0.00_2023-07-06_03-53-46"
25,1.368770965,0.563523184,0.232435682,1,2442.493325,2.55E-05,21.43283463,"./train_model_18613a7d_46_batch_size=25,column_lambda=1.3688,dr1=0.5635,dr2=0.2324,embedding_size=1,entropy_lambda=2442.4933,lr=0.00_2023-07-05_21-59-54"
14,5345.255502,0.754704536,0.410891486,6,614.5120632,0.000115791,22.07827377,"./train_model_5743c3ea_137_batch_size=14,column_lambda=5345.2555,dr1=0.7547,dr2=0.4109,embedding_size=6,entropy_lambda=614.5121,lr=0_2023-07-10_04-42-42"
5,259052.0402,0.48311856,0.630420144,3,277714.3138,3.26E-05,22.41428947,"./train_model_532b88ca_119_batch_size=5,column_lambda=259052.0402,dr1=0.4831,dr2=0.6304,embedding_size=3,entropy_lambda=277714.3138,_2023-07-09_09-12-23"
2,26.86352988,0.641006222,0.693004684,14,355649.851,6.25E-05,23.26750374,"./train_model_b5774658_75_batch_size=2,column_lambda=26.8635,dr1=0.6410,dr2=0.6930,embedding_size=14,entropy_lambda=355649.8510,lr=0_2023-07-07_03-48-05"
30,525912.6979,0.207020805,0.348658836,2,9.141768875,0.000158268,24.16380501,"./train_model_6da712f2_80_batch_size=30,column_lambda=525912.6979,dr1=0.2070,dr2=0.3487,embedding_size=2,entropy_lambda=9.1418,lr=0._2023-07-07_12-55-46"
1,19.80297043,0.044292524,0.677158886,32,852965.8246,0.000378672,27.01762581,"./train_model_66e56507_11_batch_size=1,column_lambda=19.8030,dr1=0.0443,dr2=0.6772,embedding_size=32,entropy_lambda=852965.8246,lr=0_2023-07-04_02-20-17"
13,134.1765608,0.472438651,0.581750558,5,127522.4916,0.000135832,30.57902718,"./train_model_79fd7ab8_87_batch_size=13,column_lambda=134.1766,dr1=0.4724,dr2=0.5818,embedding_size=5,entropy_lambda=127522.4916,lr=_2023-07-07_17-53-54"
1,3.859558101,0.418381712,0.840950642,9,22941.6189,0.00129758,31.93116951,"./train_model_e9ff84a0_83_batch_size=1,column_lambda=3.8596,dr1=0.4184,dr2=0.8410,embedding_size=9,entropy_lambda=22941.6189,lr=0.00_2023-07-07_13-51-08"
16,53162472.05,0.463820334,0.372366275,1,203691.0079,1.59E-05,44.17128372,"./train_model_89e24c09_131_batch_size=16,column_lambda=53162472.0510,dr1=0.4638,dr2=0.3724,embedding_size=1,entropy_lambda=203691.00_2023-07-09_23-42-49"
1,13218813.64,0.920346109,0.253073641,2,16682322.39,0.04280776,69.33522034,"./train_model_386dd90e_122_batch_size=1,column_lambda=13218813.6374,dr1=0.9203,dr2=0.2531,embedding_size=2,entropy_lambda=16682322.3_2023-07-09_11-05-51"
2,292214.2728,0.404361433,0.786348642,2,10133.60768,1.45E-05,69.6938324,"./train_model_29c2568d_120_batch_size=2,column_lambda=292214.2728,dr1=0.4044,dr2=0.7863,embedding_size=2,entropy_lambda=10133.6077,l_2023-07-09_09-16-22"
2,166.399521,0.099669007,0.294937316,15,53786.25626,2.40E-05,205.9008789,"./train_model_bfb6c8f9_121_batch_size=2,column_lambda=166.3995,dr1=0.0997,dr2=0.2949,embedding_size=15,entropy_lambda=53786.2563,lr=_2023-07-09_10-04-14"
1,1020392.562,0.908973033,0.220584755,22,2006.964664,6.65E-05,340.0726013,"./train_model_2a1a894b_86_batch_size=1,column_lambda=1020392.5616,dr1=0.9090,dr2=0.2206,embedding_size=22,entropy_lambda=2006.9647,l_2023-07-07_17-06-35"
1,1505489.639,0.040902477,0.903170934,45,6.165491365,0.000127948,341.8879089,"./train_model_e58fcf61_74_batch_size=1,column_lambda=1505489.6386,dr1=0.0409,dr2=0.9032,embedding_size=45,entropy_lambda=6.1655,lr=0_2023-07-07_03-08-17"
16,2651400.361,0.902395821,0.417779633,1,12.56480909,1.10E-05,359.9115601,"./train_model_dc5afbd8_2_batch_size=16,column_lambda=2651400.3610,dr1=0.9024,dr2=0.4178,embedding_size=1,entropy_lambda=12.5648,lr=0_2023-07-03_17-20-35"
13,1.808342122,0.316866514,0.042195563,7,1143509.079,2.31E-05,407.6333008,"./train_model_67f3a861_38_batch_size=13,column_lambda=1.8083,dr1=0.3169,dr2=0.0422,embedding_size=7,entropy_lambda=1143509.0788,lr=0_2023-07-05_16-51-46"
33,3185.150064,0.840504697,0.151069263,6,234.1473086,3.90E-05,532.6838379,"./train_model_380ac399_51_batch_size=33,column_lambda=3185.1501,dr1=0.8405,dr2=0.1511,embedding_size=6,entropy_lambda=234.1473,lr=0._2023-07-06_02-34-53"
1,194.7311097,0.824189064,0.81387208,1,3417750.045,2.52E-05,565.819519,"./train_model_34b130d5_18_batch_size=1,column_lambda=194.7311,dr1=0.8242,dr2=0.8139,embedding_size=1,entropy_lambda=3417750.0450,lr=_2023-07-04_13-08-58"
21,1677608.636,0.867738718,0.433685176,9,35247318.54,6.34E-05,1009.605408,"./train_model_cbf6f280_12_batch_size=21,column_lambda=1677608.6363,dr1=0.8677,dr2=0.4337,embedding_size=9,entropy_lambda=35247318.53_2023-07-04_02-45-05"
48,174610.8511,0.552699127,0.681047759,2,1.858817246,0.000104146,1840.128296,"./train_model_751d8014_10_batch_size=48,column_lambda=174610.8511,dr1=0.5527,dr2=0.6810,embedding_size=2,entropy_lambda=1.8588,lr=0._2023-07-04_00-07-40"
61,30910.45585,0.939397704,0.317626489,1,1153317.464,3.32E-05,3186.130615,"./train_model_6b811f8b_99_batch_size=61,column_lambda=30910.4559,dr1=0.9394,dr2=0.3176,embedding_size=1,entropy_lambda=1153317.4641,_2023-07-08_06-11-25"
1,22.91932345,0.302226679,0.088283209,6,15991858.52,0.000966961,3929.119629,"./train_model_18d215c4_103_batch_size=1,column_lambda=22.9193,dr1=0.3022,dr2=0.0883,embedding_size=6,entropy_lambda=15991858.5221,lr_2023-07-08_10-44-40"
6,17.49976374,0.896951848,0.800635464,31,47422.97382,2.89E-05,4909.439941,"./train_model_cb0111b8_37_batch_size=6,column_lambda=17.4998,dr1=0.8970,dr2=0.8006,embedding_size=31,entropy_lambda=47422.9738,lr=0._2023-07-05_16-15-54"
1,16.14139985,0.198947824,0.756819774,9,4672718.51,0.000477655,5707.723633,"./train_model_40e6167e_124_batch_size=1,column_lambda=16.1414,dr1=0.1989,dr2=0.7568,embedding_size=9,entropy_lambda=4672718.5098,lr=_2023-07-09_15-25-42"
1,1647.056821,0.586483849,0.326387246,12,8.231183367,2.26E-05,7832.914063,"./train_model_8fae3441_42_batch_size=1,column_lambda=1647.0568,dr1=0.5865,dr2=0.3264,embedding_size=12,entropy_lambda=8.2312,lr=0.00_2023-07-05_18-43-41"
31,37714990.55,0.414964972,0.746307412,11,25.9511118,0.000102099,7894.453613,"./train_model_495bc2b4_97_batch_size=31,column_lambda=37714990.5458,dr1=0.4150,dr2=0.7463,embedding_size=11,entropy_lambda=25.9511,l_2023-07-08_05-35-56"
33,96936.56644,0.99863335,0.980191911,57,10597314.05,5.93E-05,10979.83887,"./train_model_06c8b956_49_batch_size=33,column_lambda=96936.5664,dr1=0.9986,dr2=0.9802,embedding_size=57,entropy_lambda=10597314.052_2023-07-05_23-26-09"
23,53889687.08,0.650595582,0.779978734,2,537282.2057,1.26E-05,13785.5625,"./train_model_d8bf1940_135_batch_size=23,column_lambda=53889687.0803,dr1=0.6506,dr2=0.7800,embedding_size=2,entropy_lambda=537282.20_2023-07-10_02-29-46"
1,20256076.47,0.160346219,0.063373928,56,9795817.669,0.001202969,14285.49512,"./train_model_17d34e69_90_batch_size=1,column_lambda=20256076.4703,dr1=0.1603,dr2=0.0634,embedding_size=56,entropy_lambda=9795817.66_2023-07-07_22-52-48"
33,56.76051529,0.231066871,0.865583695,29,617.1072615,4.91E-05,17471.10742,"./train_model_5f2bca9b_67_batch_size=33,column_lambda=56.7605,dr1=0.2311,dr2=0.8656,embedding_size=29,entropy_lambda=617.1073,lr=0.0_2023-07-06_19-10-08"
4,86952225.15,0.043835622,0.998899861,10,69957.38447,0.000135521,19090.95508,"./train_model_29380d6d_128_batch_size=4,column_lambda=86952225.1484,dr1=0.0438,dr2=0.9989,embedding_size=10,entropy_lambda=69957.384_2023-07-09_22-15-04"
25,17943.34323,0.979106672,0.701983374,12,1285.085416,3.17E-05,21146.29883,"./train_model_40481133_36_batch_size=25,column_lambda=17943.3432,dr1=0.9791,dr2=0.7020,embedding_size=12,entropy_lambda=1285.0854,lr_2023-07-05_14-06-04"
62,248440.0419,0.163983801,0.462486985,12,1078938.96,1.28E-05,26078.51758,"./train_model_1a0c463d_39_batch_size=62,column_lambda=248440.0419,dr1=0.1640,dr2=0.4625,embedding_size=12,entropy_lambda=1078938.960_2023-07-05_17-15-34"
23,2.822277684,0.943061079,0.813354533,11,401894.5797,3.08E-05,30053.54883,"./train_model_e621d24d_63_batch_size=23,column_lambda=2.8223,dr1=0.9431,dr2=0.8134,embedding_size=11,entropy_lambda=401894.5797,lr=0_2023-07-06_15-27-22"
63,5630486.319,0.770620849,0.870036338,9,6.031964906,1.67E-05,51149.50781,"./train_model_09fe9635_24_batch_size=63,column_lambda=5630486.3188,dr1=0.7706,dr2=0.8700,embedding_size=9,entropy_lambda=6.0320,lr=0_2023-07-05_03-24-18"
1,102.2640965,0.01471269,0.170640169,9,16563786.65,0.00026909,208693.1563,"./train_model_b0406f78_57_batch_size=1,column_lambda=102.2641,dr1=0.0147,dr2=0.1706,embedding_size=9,entropy_lambda=16563786.6466,lr_2023-07-06_12-34-47"
1,1.481960303,0.557106944,0.768499811,4,12.11088404,2.47E-05,358757.8438,"./train_model_ad723c8e_106_batch_size=1,column_lambda=1.4820,dr1=0.5571,dr2=0.7685,embedding_size=4,entropy_lambda=12.1109,lr=0.0000_2023-07-08_13-22-16"
1,7927591.738,0.176349953,0.708789563,2,71.45080053,0.00016951,493045.0938,"./train_model_704ef6db_13_batch_size=1,column_lambda=7927591.7383,dr1=0.1763,dr2=0.7088,embedding_size=2,entropy_lambda=71.4508,lr=0_2023-07-04_03-27-58"
1,1219992.147,0.599068736,0.955021833,2,17520562.66,1.50E-05,7115646.5,"./train_model_1285a2b1_3_batch_size=1,column_lambda=1219992.1467,dr1=0.5991,dr2=0.9550,embedding_size=2,entropy_lambda=17520562.6629_2023-07-03_17-20-41"