name,abs_error,pool_margin 
./Ternary/a3b2d2/14/Cs2In2Sb3/CONTCAR,0.03535175,0
./Binary/a1d1/186/In1P1/CONTCAR,0.04508018,40695624.38
./Ternary/a3b2d2/14/Al2Na2Sb3/CONTCAR,0.18715596,0
./Binary/a2c2/189/Ca2P2/CONTCAR,0.08887148,0
./Ternary/a3b1e3/26/Ge3Na1P3/CONTCAR,0.12470245,0.001054279
./Binary/a7b3/61/As7Cs3/CONTCAR,0.4016354,0
./Binary/a3c1/12/P3Sr1/CONTCAR,0.15648365,0
./Ternary/a6b4d4/14/In4K4Sb6/CONTCAR,0.02984309,0
./Ternary/a1c64e32/221/Bi1Mg64Si32/CONTCAR,0.01232219,0
./Ternary/a3b2d2/14/As3In2K2/CONTCAR,0.02906656,0
./Quaternary/a3b1c2c2/62/Cd2K1Sb3Yb2/CONTCAR,0.02599382,0.000199475
./Ternary/a4c3e2/14/As4Ca3Ge2/CONTCAR,0.12666035,0
./Ternary/a3b1c4/166/K1P3Zn4/CONTCAR,0.02966547,0
./Ternary/a6b9d3/14/Bi6In3Na9/CONTCAR,0.07069993,0
./Ternary/a1b1c1/129/Li1Mn1Sb1/CONTCAR,0.6879673,0
./Ternary/a6b10e2/14/Na10P6Si2/CONTCAR,0.00547981,0
./Ternary/a1b1c1/129/Cd1K1Sb1/CONTCAR,0.31392956,0.001733093
./Ternary/a2c1e2/105/Ba1Ge2P2/CONTCAR,0.23366165,0
./Ternary/a1b1c1/62/Cd1Na1Sb1/CONTCAR,0.3945136,0.001208043
./Ternary/a9c4c9/55/Bi9Mn4Yb9/CONTCAR,0.01171064,0
./Binary/a7b3/14/Cs3Sb7/CONTCAR,0.35472918,0
./Binary/a3d1/166/In1P3/CONTCAR,0.09964705,0.002652743
./Ternary/a1b1c1/194/As1K1Zn1/CONTCAR,0.03597236,0.002383394
./Quaternary/a4b3c3d1/186/Al1Ca3Na3Sb4/CONTCAR,0.07228971,0
./Quaternary/a3b1c2c2/62/Cd2K1Sb3Sr2/CONTCAR,0.09646392,0
./Ternary/a2c1c1/139/Bi2Mn1Sr1/CONTCAR,0.0555172,0
./Ternary/a2c1e1/122/As2Ge1Mg1/CONTCAR,0.20839596,0.000923428
./Ternary/a2b2d1/14/Ga1K2P2/CONTCAR,0.06938744,0
./Ternary/a2c1c2/164/Cd2Sb2Sr1/CONTCAR,0.01714969,0
./Quaternary/a6b2b8e2/14/K2Na8Sb6Sn2/CONTCAR,0.0549202,0
./Binary/a14c3/14/Ba3P14/CONTCAR,0.03270912,0
./Ternary/a2c1c1/62/Ca1Mn1Sb2/CONTCAR,0.22726727,0.005177112
./Ternary/a2c1e1/225/Cd1Ge1P2/CONTCAR,0.13441181,0
./Binary/a3b2/69/P3Rb2/CONTCAR,0.16554499,0.000580324
./Ternary/a1b2c1/225/Cd1Li2Sb1/CONTCAR,0.15251589,0
./Ternary/a2c1d2/10/As2Ga2Sr1/CONTCAR,0.23304367,0
./Ternary/a2c1c2/139/Ba1Mn2Sb2/CONTCAR,0.70216846,0.00497082
./Binary/a1b2/189/Li2Sb1/CONTCAR,0.01072311,0
./Ternary/a1b1c1/216/Cd1Li1P1/CONTCAR,0.28599,0
./Ternary/a2b2e1/72/K2P2Si1/CONTCAR,0.08032465,0
./Binary/a2c1/11/Ca1Sb2/CONTCAR,0.00736618,0.000672989
./Ternary/a4b8e1/227/Na8Sb4Sn1/CONTCAR,0.31214285,0
./Ternary/a2c1c2/164/Mn2Sb2Sr1/CONTCAR,0.00096035,0
./Binary/a11b3/15/As11Cs3/CONTCAR,0.27431178,0
./Ternary/a2c1e1/122/Hg1P2Si1/CONTCAR,0.26497698,0
./Ternary/a2c1d2/194/Ca1Ga2P2/CONTCAR,0.015975,0.005729318
./Ternary/a2c1c2/164/As2Mg2Zn1/CONTCAR,0.39344,0
./Binary/a1b1/189/As1Cs1/CONTCAR,0.08534336,0
./Ternary/a5c3d3/167/Al3As5Ba3/CONTCAR,0.16537094,0
./Binary/a7b3/76/Cs3P7/CONTCAR,0.18759346,0
./Ternary/a4c4e1/218/Ba4Ge1P4/CONTCAR,0.15694857,0
./Binary/a1b1/14/Na1Sb1/CONTCAR,0.1556971,0
./Binary/a1b1/14/Li1P1/CONTCAR,0.41453934,0
./Binary/a3c1/12/As3Sr1/CONTCAR,0.03006935,0
./Ternary/a4c3d2/15/As4Ga2Sr3/CONTCAR,0.11416864,0
./Ternary/a2c1c2/164/As2Mn2Zn1/CONTCAR,0.39607096,0
./Ternary/a5b6e3/59/As5K6Sn3/CONTCAR,0.12346363,0
./Binary/a10c11/139/Bi10Ca11/CONTCAR,0.24610066,0
./Binary/a2b4/62/Cs4Sb2/CONTCAR,0.0540669,0
./Binary/a7b3/61/As7Li3/CONTCAR,0.2903285,0
./Binary/a1b1/19/As1K1/CONTCAR,0.04107857,0
./Ternary/a18c21c4/12/Ca21Mn4Sb18/CONTCAR,0.03947258,0
./Ternary/a4b3d3/52/As4Ga3K3/CONTCAR,0.01571488,0
./Ternary/a4c4e1/218/Ba4P4Si1/CONTCAR,0.04281187,0
./Binary/a3c1/2/As3Ca1/CONTCAR,0.03259897,0
./Ternary/a2b2d1/62/Ga1K2Sb2/CONTCAR,0.05796957,0
./Binary/a1b1/14/Cs1Sb1/CONTCAR,0.31416988,0
./Ternary/a3c3d1/62/Ba3Ga1Sb3/CONTCAR,0.38723016,0
./Quaternary/a22c13e6e8/121/As22Ba13Si6Sn8/CONTCAR,0.03323698,0
./Ternary/a3b1c4/123/As3Rb1Zn4/CONTCAR,0.0731926,0.004477419
./Ternary/a4c3d2/15/Al2As4Ca3/CONTCAR,0.15925264,0
./Ternary/a5b11c2/2/Cd2K11Sb5/CONTCAR,0.32724547,0
./Quaternary/a4b3c3d1/186/As4Ga1Na3Sr3/CONTCAR,0.07324195,0
./Ternary/a1b1c1/129/Mn1P1Rb1/CONTCAR,0.62845993,0
./Binary/a7b1/142/Li1P7/CONTCAR,0.13157701,0
./Binary/a1b1/19/As1Rb1/CONTCAR,0.07104588,90013145.5
./Binary/a10c13/2/Sb10Zn13/CONTCAR,0.28109336,0
./Binary/a4c1/92/As4Mg1/CONTCAR,0.5281911,0.004965485
./Quaternary/a4b3b6d1/194/Al1K6Na3Sb4/CONTCAR,0.11204028,0
./Binary/a3c1/12/Ba1Sb3/CONTCAR,0.01822662,0
./Binary/a4c3/43/P4Sr3/CONTCAR,0.08760023,0.001673682
./Ternary/a6b10e2/14/As6Na10Si2/CONTCAR,0.15011907,0
./Ternary/a2c1c2/164/Cd2Sb2Yb1/CONTCAR,0.07603574,0
./Ternary/a4c4e1/218/As4Ge1Sr4/CONTCAR,0.16650438,0
./Quaternary/a3b1b4e1/62/As3Ge1K1Na4/CONTCAR,0.01338291,0
./Ternary/a3c3d1/14/Ga1Sb3Sr3/CONTCAR,0.31748366,0
./Ternary/a1b1e1/186/K1Sb1Sn1/CONTCAR,0.08233571,0
./Ternary/a2b4c1/166/As2Cd1K4/CONTCAR,0.29509473,0.004711008
./Binary/a3c2/14/Sb3Sr2/CONTCAR,0.242383,0.00257333
./Ternary/a4b2c5/63/Rb2Sb4Zn5/CONTCAR,0.28376102,0.000954081
./Ternary/a6b10e2/14/K10Sb6Sn2/CONTCAR,0.07232857,0
./Ternary/a2c1e1/122/As2Si1Zn1/CONTCAR,0.0961504,0
./Ternary/a2c1e1/225/Be1P2Si1/CONTCAR,0.23609972,0.013034217
./Binary/a11b3/60/As11K3/CONTCAR,0.05474138,0
./Binary/a4c1/14/Mg1P4/CONTCAR,0.0360508,0.005121564
./Ternary/a6c6d2/64/Ba6Ga2P6/CONTCAR,0.1571002,0
./Binary/a4c1/14/Cd1P4/CONTCAR,0.22693396,0.001592665
./Ternary/a2c1c2/164/Ba1Cd2P2/CONTCAR,0.33161235,0.000209414
./Ternary/a3b2d2/14/In2Rb2Sb3/CONTCAR,0.05254292,0
./Ternary/a2c1c2/164/Mn2Sb2Yb1/CONTCAR,0.15470028,0
./Ternary/a2c1e1/225/P2Si1Zn1/CONTCAR,0.01484561,0
./Binary/a14c3/14/P14Sr3/CONTCAR,0.06031895,0
./Binary/a1c1/189/As1Ca1/CONTCAR,0.22886324,0
./Ternary/a1b1c1/129/Be1Li1P1/CONTCAR,0.11632586,0.002468779
./Ternary/a2b2d1/14/As2Ga1K2/CONTCAR,0.05834079,0
./Ternary/a3c3d1/62/Al1As3Ca3/CONTCAR,0.08875179,0
./Ternary/a4c4e1/218/As4Si1Sr4/CONTCAR,0.25924873,0
./Ternary/a2c1e1/122/Mg1Sb2Si1/CONTCAR,0.61718154,0.007084471
./Ternary/a2c1c2/36/Ca2Cd1P2/CONTCAR,0.08602762,0
./Ternary/a14c3e8/14/Ca3P14Si8/CONTCAR,0.04308319,0
./Ternary/a2c1d2/14/As2Ba1Ga2/CONTCAR,0.16227245,0.001145737
,,
,,
,,
,0.162387137,