name,abs_error,pool_margin 
./Quaternary/a3b1c2c2/62/Cd2K1Sb3Yb2/CONTCAR,[0.07802057],0.011490858204557006
./Ternary/a1b1c1/216/Cd1Li1P1/CONTCAR,[0.60737157],10561105.496056745
./Ternary/a4c4e1/218/As4Ge1Sr4/CONTCAR,[0.01520491],26310875603.448368
./Binary/a3c1/12/Ba1Sb3/CONTCAR,[0.3560791],inf
./Ternary/a2c1c2/164/As2Mg2Zn1/CONTCAR,[1.0315704],inf
./Ternary/a3b1c4/166/K1P3Zn4/CONTCAR,[0.0568614],0.0030417872237472375
./Ternary/a1b1c1/129/Cd1K1Sb1/CONTCAR,[0.26053],0.018218145999725033
./Binary/a3d1/166/In1P3/CONTCAR,[0.04444838],26725717845.309074
./Binary/a11b3/15/As11Cs3/CONTCAR,[0.1456778],279204628.44330394
./Ternary/a2c1e1/122/As2Ge1Mg1/CONTCAR,[0.4478979],1451692859.5600026
./Ternary/a3c3d1/62/Al1As3Ca3/CONTCAR,[0.02880144],9124922157.850895
./Binary/a10c11/139/Bi10Ca11/CONTCAR,[0.16635466],9.83890595631205e-05
./Ternary/a2c1d2/14/As2Ba1Ga2/CONTCAR,[0.20043659],1427279985.7516696
./Ternary/a3c3d1/62/Ba3Ga1Sb3/CONTCAR,[0.02398753],198844224.55868572
./Ternary/a2b2e1/72/K2P2Si1/CONTCAR,[0.1567297],0.0010714440668415021
./Binary/a1c1/189/As1Ca1/CONTCAR,[0.13703585],8803035590.454332
./Ternary/a1b1e1/186/K1Sb1Sn1/CONTCAR,[0.21503401],0.002890593179419046
./Ternary/a9c4c9/55/Bi9Mn4Yb9/CONTCAR,[0.00914335],6566672230.150478
./Ternary/a2c1c2/164/Cd2Sb2Yb1/CONTCAR,[0.35157347],0.009840407254012092
./Ternary/a4b8e1/227/Na8Sb4Sn1/CONTCAR,[0.10140371],0.01562695059220648
./Ternary/a4c3d2/15/Al2As4Ca3/CONTCAR,[0.02848196],17804638524.30183
./Ternary/a1b1c1/129/Mn1P1Rb1/CONTCAR,[0.8474965],5723816363.586582
./Ternary/a1b1c1/194/As1K1Zn1/CONTCAR,[0.22068906],0.07269935937191475
./Ternary/a1b2c1/225/Cd1Li2Sb1/CONTCAR,[0.3366928],2052559.4770244102
./Binary/a7b3/76/Cs3P7/CONTCAR,[0.5228319],7.737143688903321e-05
./Binary/a3c1/2/As3Ca1/CONTCAR,[0.07058954],13474815247.455181
./Ternary/a1c64e32/221/Bi1Mg64Si32/CONTCAR,[1.6681535],1182926503.9205596
./Quaternary/a4b3c3d1/186/Al1Ca3Na3Sb4/CONTCAR,[0.28667307],0.0005003113161081038
./Ternary/a4c4e1/218/As4Si1Sr4/CONTCAR,[0.07221031],5245888070.553831
./Ternary/a2c1e1/122/Hg1P2Si1/CONTCAR,[0.44941044],1586273062.5453622
./Binary/a3c2/14/Sb3Sr2/CONTCAR,[0.18265867],234897843.62572157
./Binary/a1b1/19/As1K1/CONTCAR,[0.10308099],0.0035711440039663967
./Ternary/a3b2d2/14/Cs2In2Sb3/CONTCAR,[0.13424921],0.0015912486234961557
./Binary/a1b1/14/Cs1Sb1/CONTCAR,[0.27915883],21800.877659689184
./Ternary/a3b2d2/14/As3In2K2/CONTCAR,[0.03766441],47134569.37134251
./Ternary/a14c3e8/14/Ca3P14Si8/CONTCAR,[0.15091133],9186266973122.715
./Binary/a1b2/189/Li2Sb1/CONTCAR,[0.23224783],0.005437095419027977
./Binary/a11b3/60/As11K3/CONTCAR,[0.13614798],1863889992.5231693
./Quaternary/a4b3c3d1/186/As4Ga1Na3Sr3/CONTCAR,[0.21203566],0.000561217176638284
./Ternary/a2c1c1/139/Bi2Mn1Sr1/CONTCAR,[0.12732172],10999594837.214907
./Quaternary/a22c13e6e8/121/As22Ba13Si6Sn8/CONTCAR,[0.3853197],252174854378.03134
./Ternary/a2c1e1/225/Cd1Ge1P2/CONTCAR,[0.31340575],0.0009411782303495307
./Ternary/a4c3e2/14/As4Ca3Ge2/CONTCAR,[0.00387716],57705871247.81659
./Binary/a4c1/14/Cd1P4/CONTCAR,[0.13668299],18507763233.348473
./Ternary/a1b1c1/129/Be1Li1P1/CONTCAR,[0.22361994],353808419.9785547
./Ternary/a5b6e3/59/As5K6Sn3/CONTCAR,[0.0533545],0.0021753832822726084
./Ternary/a6c6d2/64/Ba6Ga2P6/CONTCAR,[0.00382519],4458362511.901677
./Binary/a7b3/61/As7Li3/CONTCAR,[0.16640973],164704322.70594794
./Ternary/a5b11c2/2/Cd2K11Sb5/CONTCAR,[0.3104155],5771792.7043367885
./Binary/a7b3/14/Cs3Sb7/CONTCAR,[0.69233227],209652476.39524162
./Ternary/a1b1c1/129/Li1Mn1Sb1/CONTCAR,[1.0044951],198959679.93270418
./Ternary/a4c4e1/218/Ba4Ge1P4/CONTCAR,[0.05637026],349454140704.6971
./Binary/a2b4/62/Cs4Sb2/CONTCAR,[0.4213431],0.06318531912859693
./Ternary/a3b1e3/26/Ge3Na1P3/CONTCAR,[0.09352016],1039386485.5866674
./Ternary/a2c1e1/225/P2Si1Zn1/CONTCAR,[0.16943622],2088049676.0480137
./Binary/a3b2/69/P3Rb2/CONTCAR,[0.21903944],0.00016128993951627221
./Ternary/a1b1c1/62/Cd1Na1Sb1/CONTCAR,[0.23002791],0.15761697992344428
./Binary/a14c3/14/Ba3P14/CONTCAR,[0.32557774],2737387266150105.5
./Ternary/a2c1d2/194/Ca1Ga2P2/CONTCAR,[0.36815786],1050882441.1709944
./Ternary/a4b3d3/52/As4Ga3K3/CONTCAR,[0.19029737],52402303.063005194
./Binary/a7b3/61/As7Cs3/CONTCAR,[0.43364406],0.00012277670442825656
./Ternary/a2c1c2/139/Ba1Mn2Sb2/CONTCAR,[0.46856022],12645160065004.104
./Quaternary/a3b1b4e1/62/As3Ge1K1Na4/CONTCAR,[0.12997222],0.002396849385250238
./Binary/a4c3/43/P4Sr3/CONTCAR,[0.03390503],36895646961899.766
./Binary/a4c1/14/Mg1P4/CONTCAR,[0.11146355],375760085975.3836
./Ternary/a2c1c1/62/Ca1Mn1Sb2/CONTCAR,[0.37369585],15645799072.414423
./Binary/a1b1/19/As1Rb1/CONTCAR,[0.02663755],0.003999834250862152
./Binary/a1b1/14/Li1P1/CONTCAR,[0.03780174],119806392.49131688
./Ternary/a2b2d1/62/Ga1K2Sb2/CONTCAR,[0.08475542],0.0069400418103912264
./Ternary/a2c1e1/225/Be1P2Si1/CONTCAR,[0.19285583],2262452668.52209
./Quaternary/a4b3b6d1/194/Al1K6Na3Sb4/CONTCAR,[0.02164602],588684.5649540989
./Ternary/a2c1c2/36/Ca2Cd1P2/CONTCAR,[0.223176],582418919.5499
./Binary/a2c1/11/Ca1Sb2/CONTCAR,[0.44442177],3273894885.4185963
./Binary/a2c2/189/Ca2P2/CONTCAR,[0.00441456],254581170.0798948
./Ternary/a2c1e1/122/Mg1Sb2Si1/CONTCAR,[0.47651505],48736419036.44324
./Ternary/a2c1e2/105/Ba1Ge2P2/CONTCAR,[0.68390036],2.1392301706412068e+20
./Ternary/a2b2d1/14/As2Ga1K2/CONTCAR,[0.02217817],0.0011559344469047263
./Ternary/a4c4e1/218/Ba4P4Si1/CONTCAR,[0.2360549],980200425837.1149
./Binary/a14c3/14/P14Sr3/CONTCAR,[0.22485256],496015653840007.8
./Ternary/a6b10e2/14/As6Na10Si2/CONTCAR,[0.11275125],9078298.062873544
./Ternary/a3b2d2/14/Al2Na2Sb3/CONTCAR,[0.11679149],419919089.8477419
./Ternary/a4c3d2/15/As4Ga2Sr3/CONTCAR,[0.35155058],9826836206.482141
./Binary/a4c1/92/As4Mg1/CONTCAR,[0.37799883],2394586147.899462
./Ternary/a2b4c1/166/As2Cd1K4/CONTCAR,[0.14915323],0.14353749968957533
./Ternary/a2c1c2/164/As2Mn2Zn1/CONTCAR,[0.28944826],1487132756.3367484
./Binary/a1b1/14/Na1Sb1/CONTCAR,[0.04729724],0.004930819126802389
./Binary/a10c13/2/Sb10Zn13/CONTCAR,[0.1489768],2708125.7130016154
./Binary/a1d1/186/In1P1/CONTCAR,[0.13984156],232337505.34619793
./Quaternary/a3b1c2c2/62/Cd2K1Sb3Sr2/CONTCAR,[0.0812974],0.015371856017863367
./Binary/a7b1/142/Li1P7/CONTCAR,[0.16841555],359031568798.82935
./Ternary/a6b10e2/14/K10Sb6Sn2/CONTCAR,[0.18451023],0.06728185498311678
./Ternary/a5c3d3/167/Al3As5Ba3/CONTCAR,[0.00648928],9966513406.145033
./Quaternary/a6b2b8e2/14/K2Na8Sb6Sn2/CONTCAR,[0.15410113],0.03769786214310801
./Ternary/a2c1d2/10/As2Ga2Sr1/CONTCAR,[0.09183168],1113335899.54947
./Binary/a3c1/12/P3Sr1/CONTCAR,[0.07590437],1416749921780798.8
./Ternary/a2c1e1/122/As2Si1Zn1/CONTCAR,[0.03724575],926755893.1044081
./Ternary/a2b2d1/14/Ga1K2P2/CONTCAR,[0.11300206],0.00029204792531202376
./Binary/a1b1/189/As1Cs1/CONTCAR,[0.488029],64489.45870252425
./Ternary/a2c1c2/164/Cd2Sb2Sr1/CONTCAR,[0.01407027],0.025193268087585968
./Ternary/a2c1c2/164/Mn2Sb2Yb1/CONTCAR,[0.01956081],149728082009.41
./Ternary/a6b9d3/14/Bi6In3Na9/CONTCAR,[0.10388613],0.09669231456645186
./Ternary/a3b1c4/123/As3Rb1Zn4/CONTCAR,[0.01393437],0.03473635505827203
./Ternary/a6b10e2/14/Na10P6Si2/CONTCAR,[0.10312462],45183995.65897368
./Binary/a3c1/12/As3Sr1/CONTCAR,[0.09910536],30492633339.510914
./Ternary/a6b4d4/14/In4K4Sb6/CONTCAR,[0.02261758],0.002042031925810669
./Ternary/a3c3d1/14/Ga1Sb3Sr3/CONTCAR,[0.01815653],0.00014806036643592765
./Ternary/a18c21c4/12/Ca21Mn4Sb18/CONTCAR,[0.2923112],270621237.76007664
./Ternary/a4b2c5/63/Rb2Sb4Zn5/CONTCAR,[0.19264674],0.004789153826667335
./Ternary/a2c1c2/164/Ba1Cd2P2/CONTCAR,[0.01998687],655557300.2802436
./Ternary/a3b2d2/14/In2Rb2Sb3/CONTCAR,[0.00182867],0.002027169502794058
./Ternary/a2c1c2/164/Mn2Sb2Sr1/CONTCAR,[0.1806097],74173953521.64435
