,MSE,RMSE,MAE,perfect_pools,imperfect_pools,cat_greater,an_greater
"./train_model_2023-07-13_18-38-51/train_model_479f6796_41_batch_size=56,column_lambda=283.2342,dr1=0.9080,embedding_size=3,entropy_lambda=19689023.2878,fc_size=3,lr_2023-07-15_14-18-38/",0.446838021,0.668459415,0.541897416,44,67,31,13
"./train_model_2023-07-13_18-38-51/train_model_a363460a_1_batch_size=8,column_lambda=2569099.8214,dr1=0.5332,embedding_size=12,entropy_lambda=6419201.9280,fc_size=14_2023-07-13_18-39-04/",0.057660967,0.240126982,0.157072425,43,68,26,17
"./train_model_2023-07-13_18-38-51/train_model_aad439ad_36_batch_size=62,column_lambda=48.0023,dr1=0.4862,embedding_size=2,entropy_lambda=2937.9551,fc_size=17,lr=0.0_2023-07-15_08-20-09/",0.40308395,0.634888947,0.503763437,43,68,16,27
"./train_model_2023-07-13_18-38-51/train_model_3704a116_98_batch_size=25,column_lambda=230571.5512,dr1=0.6897,embedding_size=2,entropy_lambda=11245929.4950,fc_size=5_2023-07-17_15-06-41/",0.302762806,0.550238848,0.425820947,41,70,12,29
"./train_model_2023-07-13_18-38-51/train_model_29e5e09f_120_batch_size=21,column_lambda=10.5000,dr1=0.8715,embedding_size=2,entropy_lambda=849659.4590,fc_size=57,lr=_2023-07-18_08-55-56/",0.457298666,0.676238596,0.565700889,41,70,16,25
"./train_model_2023-07-13_18-38-51/train_model_a7cf74f4_77_batch_size=69,column_lambda=3.4050,dr1=0.9298,embedding_size=24,entropy_lambda=97069.4477,fc_size=104,lr=0_2023-07-16_20-49-35/",602.3208618,24.54222679,14.60902596,41,70,19,22
"./train_model_2023-07-13_18-38-51/train_model_fa3116d4_111_batch_size=15,column_lambda=0.8235,dr1=0.7224,embedding_size=1,entropy_lambda=0.2794,fc_size=43,lr=0.0002_2023-07-17_21-56-38/",0.461958498,0.679675281,0.584369779,40,71,23,17
"./train_model_2023-07-13_18-38-51/train_model_afd2dc50_139_batch_size=31,column_lambda=0.3536,dr1=0.0088,embedding_size=2,entropy_lambda=145209.4487,fc_size=68,lr=0_2023-07-19_00-49-43/",0.49595359,0.704239726,0.596012771,40,71,8,32
"./train_model_2023-07-13_18-38-51/train_model_9f9a3944_92_batch_size=37,column_lambda=96056516.8967,dr1=0.6529,embedding_size=4,entropy_lambda=58.9143,fc_size=4,lr=_2023-07-17_09-02-55/",1.729148507,1.31497097,1.08632648,40,71,28,12
"./train_model_2023-07-13_18-38-51/train_model_faeb0bfd_52_batch_size=3,column_lambda=14.9630,dr1=0.0684,embedding_size=6,entropy_lambda=14982452.1321,fc_size=5,lr=0_2023-07-15_21-58-43/",0.055042621,0.234611645,0.16228117,39,72,3,36
"./train_model_2023-07-13_18-38-51/train_model_2fc3cccf_132_batch_size=17,column_lambda=56100.0677,dr1=0.7651,embedding_size=10,entropy_lambda=333.5964,fc_size=1,lr=_2023-07-18_21-05-33/",4.398170948,2.097181559,1.934607029,39,72,9,30
"./train_model_2023-07-13_18-38-51/train_model_d464dad1_22_batch_size=15,column_lambda=598.0190,dr1=0.1352,embedding_size=1,entropy_lambda=703601.2199,fc_size=2,lr=0_2023-07-14_15-15-18/",0.12481235,0.353287905,0.278500974,38,73,28,10
"./train_model_2023-07-13_18-38-51/train_model_c7f2f7bb_58_batch_size=28,column_lambda=64219.2381,dr1=0.9155,embedding_size=52,entropy_lambda=37.8365,fc_size=9,lr=0._2023-07-16_02-22-05/",10.48254395,3.237675667,3.133381128,38,73,22,16
"./train_model_2023-07-13_18-38-51/train_model_9a24f515_24_batch_size=1,column_lambda=7812.6917,dr1=0.9276,embedding_size=23,entropy_lambda=2290.4923,fc_size=23,lr=0_2023-07-14_15-51-34/",710.8029785,26.66088867,13.40280342,38,73,17,21
"./train_model_2023-07-13_18-38-51/train_model_78944746_136_batch_size=3,column_lambda=1.1247,dr1=0.4384,embedding_size=13,entropy_lambda=58.0876,fc_size=43,lr=0.000_2023-07-18_22-51-05/",0.068691596,0.262090802,0.194179058,37,74,30,7
"./train_model_2023-07-13_18-38-51/train_model_56faf0e3_9_batch_size=3,column_lambda=1906180.9122,dr1=0.8071,embedding_size=2,entropy_lambda=183.0639,fc_size=7,lr=0._2023-07-13_22-58-22/",2.304024935,1.51790154,1.176722765,37,74,16,21
"./train_model_2023-07-13_18-38-51/train_model_5739b347_80_batch_size=18,column_lambda=3.8992,dr1=0.2548,embedding_size=1,entropy_lambda=1942.0095,fc_size=1,lr=0.000_2023-07-16_22-11-16/",5.651874065,2.37736702,2.195705652,37,74,16,21
"./train_model_2023-07-13_18-38-51/train_model_f13cfacf_138_batch_size=1,column_lambda=4.7398,dr1=0.0201,embedding_size=7,entropy_lambda=16796.2395,fc_size=10,lr=0.0_2023-07-18_23-50-05/",1.071432829,1.035100341,0.853777826,36,75,19,17
"./train_model_2023-07-13_18-38-51/train_model_483dc74c_38_batch_size=1,column_lambda=25299.0134,dr1=0.0445,embedding_size=1,entropy_lambda=935211.8736,fc_size=1,lr=_2023-07-15_12-10-23/",1.185470581,1.088793159,0.849881351,36,75,24,12
"./train_model_2023-07-13_18-38-51/train_model_8b2a34c0_99_batch_size=9,column_lambda=2.7342,dr1=0.9680,embedding_size=55,entropy_lambda=150621.0888,fc_size=26,lr=0._2023-07-17_15-20-17/",3.090777397,1.758060694,1.44970727,36,75,14,22
"./train_model_2023-07-13_18-38-51/train_model_23a0255d_135_batch_size=17,column_lambda=2531340.8500,dr1=0.3428,embedding_size=57,entropy_lambda=47.6544,fc_size=4,lr_2023-07-18_21-53-37/",0.664499462,0.815168381,0.700663328,35,76,27,8
"./train_model_2023-07-13_18-38-51/train_model_554b93a6_121_batch_size=11,column_lambda=465662.2448,dr1=0.8070,embedding_size=1,entropy_lambda=5.5289,fc_size=5,lr=0._2023-07-18_09-25-08/",22.87016869,4.78227663,4.364059448,35,76,16,19
"./train_model_2023-07-13_18-38-51/train_model_04556ac0_142_batch_size=2,column_lambda=483.0725,dr1=0.0736,embedding_size=5,entropy_lambda=297.1601,fc_size=49,lr=0.0_2023-07-19_04-33-01/",0.083173536,0.288398236,0.227965489,34,77,22,12
"./train_model_2023-07-13_18-38-51/train_model_1846d4e0_134_batch_size=5,column_lambda=4000520.1276,dr1=0.5349,embedding_size=4,entropy_lambda=17249702.2250,fc_size=_2023-07-18_21-53-12/",0.66313231,0.814329386,0.699786365,34,77,14,20
"./train_model_2023-07-13_18-38-51/train_model_84b26f7b_11_batch_size=121,column_lambda=462.5819,dr1=0.7885,embedding_size=35,entropy_lambda=1100734.5598,fc_size=68,_2023-07-14_01-51-11/",91.30020905,9.555114746,6.128008366,34,77,9,25
"./train_model_2023-07-13_18-38-51/train_model_e95a0b82_49_batch_size=8,column_lambda=325.4905,dr1=0.7746,embedding_size=15,entropy_lambda=0.1584,fc_size=17,lr=0.000_2023-07-15_20-29-53/",1.134343386,1.065055609,0.757138431,33,78,19,14
"./train_model_2023-07-13_18-38-51/train_model_b2e8c50a_7_batch_size=62,column_lambda=3.3611,dr1=0.2353,embedding_size=3,entropy_lambda=34411.7917,fc_size=10,lr=0.00_2023-07-13_21-17-24/",2.60814023,1.614973783,1.174491167,33,78,16,17
"./train_model_2023-07-13_18-38-51/train_model_3d8a36ae_76_batch_size=65,column_lambda=181.9498,dr1=0.5039,embedding_size=2,entropy_lambda=2612.5315,fc_size=69,lr=0._2023-07-16_20-16-36/",104.7670975,10.23558044,6.369661808,33,78,15,18
"./train_model_2023-07-13_18-38-51/train_model_d427d684_74_batch_size=68,column_lambda=820999.9963,dr1=0.0339,embedding_size=1,entropy_lambda=17.8694,fc_size=6,lr=0._2023-07-16_15-06-27/",0.573099136,0.75703311,0.652289867,32,79,18,14
"./train_model_2023-07-13_18-38-51/train_model_46f89050_102_batch_size=36,column_lambda=12221307.5921,dr1=0.9505,embedding_size=2,entropy_lambda=3998.2416,fc_size=9,_2023-07-17_17-06-35/",0.591452539,0.769059539,0.659971297,32,79,18,14
"./train_model_2023-07-13_18-38-51/train_model_f0a7930e_40_batch_size=19,column_lambda=0.5437,dr1=0.5617,embedding_size=111,entropy_lambda=0.2981,fc_size=9,lr=0.0014_2023-07-15_13-29-37/",0.657774806,0.811033189,0.696987331,32,79,23,9
"./train_model_2023-07-13_18-38-51/train_model_aabad9ee_115_batch_size=22,column_lambda=432.1337,dr1=0.7742,embedding_size=12,entropy_lambda=28412.0186,fc_size=1,lr=_2023-07-18_06-08-43/",13.57927227,3.68500638,3.594969988,32,79,12,20
"./train_model_2023-07-13_18-38-51/train_model_89013358_67_batch_size=90,column_lambda=25.8785,dr1=0.6924,embedding_size=59,entropy_lambda=6875.4571,fc_size=10,lr=0._2023-07-16_06-50-54/",650.024231,25.49557304,12.99954224,32,79,16,16
"./train_model_2023-07-13_18-38-51/train_model_4914c3d9_97_batch_size=14,column_lambda=0.2658,dr1=0.6996,embedding_size=4,entropy_lambda=41234.5744,fc_size=6,lr=0.02_2023-07-17_14-51-16/",0.088506795,0.297500908,0.226192579,31,80,16,15
"./train_model_2023-07-13_18-38-51/train_model_278c2d5a_6_batch_size=2,column_lambda=7.2818,dr1=0.3462,embedding_size=11,entropy_lambda=351759.8151,fc_size=17,lr=0.0_2023-07-13_21-16-58/",0.186526284,0.431886882,0.307931274,31,80,19,12
"./train_model_2023-07-13_18-38-51/train_model_e81c81eb_61_batch_size=94,column_lambda=3079421.5531,dr1=0.8300,embedding_size=3,entropy_lambda=119.6178,fc_size=22,lr_2023-07-16_03-16-43/",0.660592914,0.812768698,0.693485498,31,80,15,16
"./train_model_2023-07-13_18-38-51/train_model_d510e6ea_64_batch_size=87,column_lambda=623.0308,dr1=0.2780,embedding_size=24,entropy_lambda=135010.0338,fc_size=43,lr_2023-07-16_05-57-53/",1.192415476,1.091977835,0.782730162,31,80,25,6
"./train_model_2023-07-13_18-38-51/train_model_fa2ba944_69_batch_size=56,column_lambda=0.9247,dr1=0.6230,embedding_size=15,entropy_lambda=22895.5566,fc_size=1,lr=0.0_2023-07-16_11-56-28/",2.574667931,1.604577184,1.390103459,31,80,8,23
"./train_model_2023-07-13_18-38-51/train_model_5eae0835_79_batch_size=18,column_lambda=3155.0372,dr1=0.4065,embedding_size=11,entropy_lambda=656305.2276,fc_size=26,l_2023-07-16_21-35-55/",0.081529856,0.285534322,0.206234753,30,81,19,11
"./train_model_2023-07-13_18-38-51/train_model_bf40feec_47_batch_size=10,column_lambda=1946.8368,dr1=0.3058,embedding_size=1,entropy_lambda=2139480.5031,fc_size=37,l_2023-07-15_18-41-55/",0.562435865,0.749957263,0.620322406,30,81,21,9
"./train_model_2023-07-13_18-38-51/train_model_32284753_95_batch_size=26,column_lambda=531107.4576,dr1=0.1467,embedding_size=1,entropy_lambda=9640070.2973,fc_size=26_2023-07-17_13-48-49/",0.700697243,0.837076604,0.714147627,30,81,17,13
"./train_model_2023-07-13_18-38-51/train_model_b99cbf01_50_batch_size=122,column_lambda=33460.5169,dr1=0.1372,embedding_size=8,entropy_lambda=337956.9274,fc_size=1,l_2023-07-15_21-03-55/",2.724564314,1.650625467,1.425410032,30,81,9,21
"./train_model_2023-07-13_18-38-51/train_model_e332ab1c_127_batch_size=2,column_lambda=3417700.7227,dr1=0.2083,embedding_size=14,entropy_lambda=953.6511,fc_size=5,lr_2023-07-18_15-33-05/",7.03164053,2.6517241,1.191705108,30,81,14,16
"./train_model_2023-07-13_18-38-51/train_model_049eae52_45_batch_size=23,column_lambda=1580.8779,dr1=0.9634,embedding_size=11,entropy_lambda=318934.6593,fc_size=10,l_2023-07-15_17-37-31/",33.97109604,5.828473091,4.197428703,30,81,12,18
"./train_model_2023-07-13_18-38-51/train_model_ef0ba838_104_batch_size=2,column_lambda=0.2335,dr1=0.1408,embedding_size=1,entropy_lambda=1118287.8650,fc_size=1,lr=0._2023-07-17_17-26-37/",0.595683753,0.771805525,0.664288759,29,82,14,15
"./train_model_2023-07-13_18-38-51/train_model_44025395_90_batch_size=42,column_lambda=1.9648,dr1=0.7138,embedding_size=80,entropy_lambda=12378.4840,fc_size=1,lr=0.0_2023-07-17_06-58-58/",0.66529125,0.815653861,0.701140881,29,82,17,12
"./train_model_2023-07-13_18-38-51/train_model_ffbd2c35_93_batch_size=2,column_lambda=7983230.9073,dr1=0.7016,embedding_size=58,entropy_lambda=15656302.6949,fc_size=_2023-07-17_10-02-26/",0.924159706,0.961332262,0.79969734,29,82,8,21
"./train_model_2023-07-13_18-38-51/train_model_915e9156_103_batch_size=8,column_lambda=192.5104,dr1=0.2469,embedding_size=9,entropy_lambda=1687.7551,fc_size=4,lr=0.0_2023-07-17_17-24-30/",82.01118469,9.056002617,5.769302368,29,82,17,12
"./train_model_2023-07-13_18-38-51/train_model_5214d484_143_batch_size=1,column_lambda=3634.7243,dr1=0.7651,embedding_size=41,entropy_lambda=25724331.7687,fc_size=80_2023-07-19_05-27-57/",1867.557251,43.21524429,22.27203369,29,82,12,17
"./train_model_2023-07-13_18-38-51/train_model_be711b18_28_batch_size=99,column_lambda=534.7807,dr1=0.3203,embedding_size=13,entropy_lambda=0.1627,fc_size=22,lr=0.00_2023-07-14_23-11-14/",6055.484863,77.81699371,46.34743118,29,82,8,21
"./train_model_2023-07-13_18-38-51/train_model_011ecd63_42_batch_size=9,column_lambda=911287.4793,dr1=0.0896,embedding_size=83,entropy_lambda=4004.1832,fc_size=1,lr=_2023-07-15_15-34-30/",0.640443146,0.800276935,0.688797772,28,83,22,6
"./train_model_2023-07-13_18-38-51/train_model_a7d85228_146_batch_size=104,column_lambda=21.0016,dr1=0.8159,embedding_size=11,entropy_lambda=0.6954,fc_size=15,lr=0.0_2023-07-19_09-39-04/",0.549473107,0.741264522,0.61571008,27,84,13,14
"./train_model_2023-07-13_18-38-51/train_model_861a5c6a_44_batch_size=59,column_lambda=40121371.2088,dr1=0.4547,embedding_size=14,entropy_lambda=29224376.0340,fc_siz_2023-07-15_16-29-29/",0.81031096,0.90017271,0.755712152,27,84,17,10
"./train_model_2023-07-13_18-38-51/train_model_a5322807_12_batch_size=27,column_lambda=662.7352,dr1=0.3513,embedding_size=106,entropy_lambda=2.9061,fc_size=1,lr=0.00_2023-07-14_04-32-37/",4.909567356,2.215754271,2.062546968,27,84,17,10
"./train_model_2023-07-13_18-38-51/train_model_ad2578d6_78_batch_size=35,column_lambda=4148317.4686,dr1=0.4616,embedding_size=21,entropy_lambda=1079.9261,fc_size=3,l_2023-07-16_21-09-14/",9.828264236,3.135006189,3.023729086,27,84,11,16
"./train_model_2023-07-13_18-38-51/train_model_2e8b2d63_87_batch_size=3,column_lambda=182444.5326,dr1=0.4160,embedding_size=4,entropy_lambda=2533.6762,fc_size=5,lr=0_2023-07-17_03-51-02/",0.56502682,0.751682639,0.603752494,26,85,12,14
"./train_model_2023-07-13_18-38-51/train_model_195414df_46_batch_size=30,column_lambda=1.5149,dr1=0.8239,embedding_size=60,entropy_lambda=0.6678,fc_size=3,lr=0.0000_2023-07-15_18-03-16/",14.31857491,3.783989191,3.696372032,26,85,19,7
"./train_model_2023-07-13_18-38-51/train_model_e9d4537f_13_batch_size=76,column_lambda=43.6357,dr1=0.0237,embedding_size=15,entropy_lambda=17.2857,fc_size=47,lr=0.00_2023-07-14_04-58-29/",32.74205017,5.722066879,3.449054956,26,85,15,11
"./train_model_2023-07-13_18-38-51/train_model_dba29b36_25_batch_size=16,column_lambda=1953910.6855,dr1=0.3003,embedding_size=8,entropy_lambda=2701037.1315,fc_size=3_2023-07-14_16-32-02/",148.4153137,12.18258286,8.540550232,26,85,14,12
"./train_model_2023-07-13_18-38-51/train_model_8d2c6303_101_batch_size=65,column_lambda=2536947.4317,dr1=0.4547,embedding_size=3,entropy_lambda=0.1103,fc_size=76,lr=_2023-07-17_15-55-24/",375.3209534,19.37320137,9.262617111,26,85,13,13
"./train_model_2023-07-13_18-38-51/train_model_442b4b4f_123_batch_size=33,column_lambda=73.4265,dr1=0.6476,embedding_size=40,entropy_lambda=0.3894,fc_size=24,lr=0.00_2023-07-18_10-56-22/",702.085022,26.49688721,16.66642189,26,85,17,9
"./train_model_2023-07-13_18-38-51/train_model_3b8ce68a_109_batch_size=1,column_lambda=25143.3156,dr1=0.1018,embedding_size=6,entropy_lambda=39.2552,fc_size=12,lr=0._2023-07-17_21-26-22/",43135.22656,207.6902161,95.8300705,26,85,17,9
"./train_model_2023-07-13_18-38-51/train_model_70a98b16_39_batch_size=14,column_lambda=1.4908,dr1=0.7022,embedding_size=4,entropy_lambda=34860.0544,fc_size=12,lr=0.0_2023-07-15_12-58-22/",0.129021555,0.359195709,0.289272785,25,86,15,10
"./train_model_2023-07-13_18-38-51/train_model_ae1e6b22_91_batch_size=14,column_lambda=601071.1477,dr1=0.8581,embedding_size=23,entropy_lambda=3222.6094,fc_size=1,lr_2023-07-17_08-16-53/",12.34051228,3.512906551,3.418339729,25,86,18,7
"./train_model_2023-07-13_18-38-51/train_model_f76d13a7_31_batch_size=76,column_lambda=9.4574,dr1=0.5636,embedding_size=8,entropy_lambda=22701251.5997,fc_size=1,lr=0_2023-07-15_02-15-01/",13.73716831,3.706368685,3.563742876,25,86,8,17
"./train_model_2023-07-13_18-38-51/train_model_e3d00f49_118_batch_size=26,column_lambda=0.4947,dr1=0.2200,embedding_size=9,entropy_lambda=13775.2056,fc_size=1,lr=0.0_2023-07-18_08-14-25/",740.9638672,27.22065163,11.34103394,25,86,14,11
"./train_model_2023-07-13_18-38-51/train_model_ca62b9b9_72_batch_size=116,column_lambda=391.8751,dr1=0.1808,embedding_size=2,entropy_lambda=2.7255,fc_size=116,lr=0.0_2023-07-16_14-45-07/",1706.349121,41.30797958,22.95551872,25,86,9,16
"./train_model_2023-07-13_18-38-51/train_model_8700397c_18_batch_size=4,column_lambda=994933.5654,dr1=0.6650,embedding_size=78,entropy_lambda=39123924.3844,fc_size=1_2023-07-14_07-26-11/",0.662285209,0.813809097,0.699203193,24,87,6,18
"./train_model_2023-07-13_18-38-51/train_model_a30a4dbd_63_batch_size=112,column_lambda=52.3443,dr1=0.5127,embedding_size=30,entropy_lambda=1265.0553,fc_size=3,lr=0._2023-07-16_04-54-45/",0.669027567,0.81794107,0.703166783,24,87,3,21
"./train_model_2023-07-13_18-38-51/train_model_a13c8858_81_batch_size=3,column_lambda=3204482.7885,dr1=0.1469,embedding_size=50,entropy_lambda=2.7876,fc_size=4,lr=0._2023-07-16_22-46-19/",3.033363104,1.741655231,1.542053223,24,87,14,10
"./train_model_2023-07-13_18-38-51/train_model_4c413218_141_batch_size=20,column_lambda=12066.7260,dr1=0.4967,embedding_size=58,entropy_lambda=0.5029,fc_size=2,lr=0._2023-07-19_03-09-58/",5.855846405,2.419885635,2.277869463,24,87,17,7
"./train_model_2023-07-13_18-38-51/train_model_d195cec3_19_batch_size=3,column_lambda=8.5487,dr1=0.4247,embedding_size=1,entropy_lambda=18937.1479,fc_size=20,lr=0.00_2023-07-14_10-14-02/",0.158051237,0.397556573,0.3127653,23,88,9,14
"./train_model_2023-07-13_18-38-51/train_model_f01173ba_54_batch_size=6,column_lambda=12115.4111,dr1=0.2191,embedding_size=2,entropy_lambda=91493.5748,fc_size=73,lr=_2023-07-16_00-32-57/",0.327558368,0.572327137,0.46355617,23,88,22,1
"./train_model_2023-07-13_18-38-51/train_model_fc14a9a0_108_batch_size=123,column_lambda=314.5630,dr1=0.2800,embedding_size=10,entropy_lambda=4.0533,fc_size=1,lr=0.0_2023-07-17_19-18-57/",2.390712738,1.546193004,1.334302902,23,88,10,13
"./train_model_2023-07-13_18-38-51/train_model_02c8b645_53_batch_size=68,column_lambda=961350.7327,dr1=0.4790,embedding_size=14,entropy_lambda=39675.7904,fc_size=16,_2023-07-15_22-24-24/",24.72530365,4.972454548,3.308163166,23,88,12,11
"./train_model_2023-07-13_18-38-51/train_model_2641a02e_59_batch_size=1,column_lambda=6.6747,dr1=0.5670,embedding_size=76,entropy_lambda=14639.9544,fc_size=28,lr=0.0_2023-07-16_02-27-37/",7704.599609,87.77584839,45.95500946,23,88,11,12
"./train_model_2023-07-13_18-38-51/train_model_0283cdbd_129_batch_size=14,column_lambda=580150.7488,dr1=0.3828,embedding_size=15,entropy_lambda=5085112.6808,fc_size=_2023-07-18_17-36-44/",9827.494141,99.1337204,36.86813736,23,88,16,7
"./train_model_2023-07-13_18-38-51/train_model_08f79020_117_batch_size=37,column_lambda=1072520.2320,dr1=0.2029,embedding_size=42,entropy_lambda=86483340.0169,fc_siz_2023-07-18_07-18-14/",771.260376,27.77157402,16.18093109,22,89,5,17
"./train_model_2023-07-13_18-38-51/train_model_c4ea3e80_5_batch_size=1,column_lambda=55.1488,dr1=0.1684,embedding_size=5,entropy_lambda=317097.0464,fc_size=9,lr=0.00_2023-07-13_20-10-39/",7060.455566,84.02651978,38.57289124,22,89,7,15
"./train_model_2023-07-13_18-38-51/train_model_06ea7517_48_batch_size=8,column_lambda=49.5576,dr1=0.0073,embedding_size=1,entropy_lambda=5652.7662,fc_size=50,lr=0.01_2023-07-15_19-30-43/",0.158298075,0.397866905,0.304362535,21,90,18,3
"./train_model_2023-07-13_18-38-51/train_model_a277062e_125_batch_size=4,column_lambda=3506.6382,dr1=0.5012,embedding_size=1,entropy_lambda=0.7006,fc_size=50,lr=0.01_2023-07-18_13-50-45/",0.424633384,0.651638985,0.527494013,21,90,12,9
"./train_model_2023-07-13_18-38-51/train_model_595cdad6_113_batch_size=4,column_lambda=35.6499,dr1=0.3590,embedding_size=27,entropy_lambda=69389615.2602,fc_size=8,lr_2023-07-18_04-36-49/",0.58251965,0.763229728,0.653655648,21,90,8,13
"./train_model_2023-07-13_18-38-51/train_model_5978d1e9_30_batch_size=3,column_lambda=7715959.7516,dr1=0.0145,embedding_size=33,entropy_lambda=0.2041,fc_size=1,lr=0._2023-07-15_00-55-58/",0.663641453,0.814641893,0.700121343,21,90,7,14
"./train_model_2023-07-13_18-38-51/train_model_425dc757_68_batch_size=1,column_lambda=3553831.1087,dr1=0.1665,embedding_size=2,entropy_lambda=720339.9276,fc_size=25,_2023-07-16_11-20-37/",1030.052612,32.09443283,12.91334629,21,90,13,8
"./train_model_2023-07-13_18-38-51/train_model_01b66100_73_batch_size=1,column_lambda=12532.0172,dr1=0.0673,embedding_size=124,entropy_lambda=865.2115,fc_size=1,lr=0_2023-07-16_14-50-28/",241659.375,491.588623,161.3718262,19,92,11,8
"./train_model_2023-07-13_18-38-51/train_model_afd79074_100_batch_size=3,column_lambda=0.5758,dr1=0.6122,embedding_size=1,entropy_lambda=4751.4299,fc_size=15,lr=0.00_2023-07-17_15-52-27/",0.201010689,0.448342144,0.336219519,18,93,9,9
"./train_model_2023-07-13_18-38-51/train_model_4677cc7c_96_batch_size=4,column_lambda=6.6274,dr1=0.5727,embedding_size=3,entropy_lambda=700.3249,fc_size=6,lr=0.0002_2023-07-17_14-21-33/",0.347082168,0.589136779,0.48056224,18,93,5,13
"./train_model_2023-07-13_18-38-51/train_model_f2bad073_8_batch_size=3,column_lambda=6582077.3454,dr1=0.9051,embedding_size=1,entropy_lambda=0.6799,fc_size=7,lr=0.00_2023-07-13_22-34-20/",0.219803721,0.468832284,0.355450958,17,94,8,9
"./train_model_2023-07-13_18-38-51/train_model_1300ae8f_71_batch_size=1,column_lambda=20900.4679,dr1=0.9698,embedding_size=1,entropy_lambda=381.1516,fc_size=2,lr=0.0_2023-07-16_12-40-15/",0.653798342,0.808577955,0.69039923,17,94,9,8
"./train_model_2023-07-13_18-38-51/train_model_950c8a78_145_batch_size=1,column_lambda=5554.8729,dr1=0.8984,embedding_size=21,entropy_lambda=573517.2531,fc_size=2,lr_2023-07-19_09-08-54/",0.65986532,0.812320948,0.697098136,17,94,10,7
"./train_model_2023-07-13_18-38-51/train_model_1367a0a7_114_batch_size=66,column_lambda=369829.0767,dr1=0.7236,embedding_size=50,entropy_lambda=8.0658,fc_size=2,lr=0_2023-07-18_05-44-55/",0.661815286,0.813520312,0.698864043,17,94,7,10
"./train_model_2023-07-13_18-38-51/train_model_94c74810_55_batch_size=12,column_lambda=32.5851,dr1=0.8909,embedding_size=4,entropy_lambda=21978.0829,fc_size=4,lr=0.0_2023-07-16_00-55-25/",0.130597278,0.361382455,0.283860087,16,95,10,6
"./train_model_2023-07-13_18-38-51/train_model_c0333bfb_62_batch_size=11,column_lambda=4.5463,dr1=0.5201,embedding_size=13,entropy_lambda=4823261.0454,fc_size=5,lr=0_2023-07-16_04-35-29/",0.655334532,0.809527338,0.692893088,16,95,4,12
"./train_model_2023-07-13_18-38-51/train_model_44e837cc_106_batch_size=21,column_lambda=23383.9444,dr1=0.8976,embedding_size=2,entropy_lambda=980215.6603,fc_size=13,_2023-07-17_18-42-17/",0.165699363,0.407061875,0.335232645,15,96,8,7
"./train_model_2023-07-13_18-38-51/train_model_28da5356_29_batch_size=3,column_lambda=10892.9106,dr1=0.5725,embedding_size=1,entropy_lambda=3876.4359,fc_size=1,lr=0._2023-07-15_00-35-53/",0.562877536,0.750251651,0.628698885,15,96,9,6
"./train_model_2023-07-13_18-38-51/train_model_1ef825bc_122_batch_size=1,column_lambda=1.5137,dr1=0.4152,embedding_size=81,entropy_lambda=1105671.2000,fc_size=2,lr=0_2023-07-18_10-00-51/",0.671135902,0.819228828,0.704278469,15,96,6,9
"./train_model_2023-07-13_18-38-51/train_model_20a6b458_26_batch_size=1,column_lambda=4087.9084,dr1=0.4605,embedding_size=66,entropy_lambda=35132985.4878,fc_size=1,l_2023-07-14_16-50-54/",32.3804245,5.690380096,1.352760196,15,96,11,4
"./train_model_2023-07-13_18-38-51/train_model_a468d652_43_batch_size=1,column_lambda=3455.2417,dr1=0.9206,embedding_size=1,entropy_lambda=79243680.8388,fc_size=36,l_2023-07-15_15-56-16/",0.646729767,0.804195106,0.680962622,13,98,10,3
"./train_model_2023-07-13_18-38-51/train_model_0f0c06e5_86_batch_size=1,column_lambda=367382.3462,dr1=0.7413,embedding_size=127,entropy_lambda=6412.4454,fc_size=1,lr_2023-07-17_03-26-58/",0.663294733,0.814429104,0.699894369,13,98,4,9
"./train_model_2023-07-13_18-38-51/train_model_5d48865e_110_batch_size=1,column_lambda=4664.0341,dr1=0.0942,embedding_size=15,entropy_lambda=63.5918,fc_size=3,lr=0.0_2023-07-17_21-44-34/",8335.542969,91.29919434,33.23299026,13,98,9,4
"./train_model_2023-07-13_18-38-51/train_model_07787ed0_148_batch_size=13,column_lambda=0.9689,dr1=0.8531,embedding_size=1,entropy_lambda=0.1063,fc_size=1,lr=0.0464_2023-07-19_11-07-54/",0.203802198,0.451444566,0.348015696,12,99,2,10
"./train_model_2023-07-13_18-38-51/train_model_cbdb45e3_130_batch_size=4,column_lambda=13620.9318,dr1=0.0985,embedding_size=13,entropy_lambda=7.6378,fc_size=5,lr=0.0_2023-07-18_20-12-03/",0.330042392,0.57449317,0.442124099,12,99,5,7
"./train_model_2023-07-13_18-38-51/train_model_2ec1d0c1_133_batch_size=1,column_lambda=370.3656,dr1=0.0373,embedding_size=33,entropy_lambda=7143.2700,fc_size=1,lr=0._2023-07-18_21-09-21/",0.657894313,0.811106861,0.695658386,12,99,6,6
"./train_model_2023-07-13_18-38-51/train_model_ff1732d9_128_batch_size=3,column_lambda=79241.7281,dr1=0.5238,embedding_size=7,entropy_lambda=18060636.2991,fc_size=2,_2023-07-18_16-55-24/",0.449560106,0.670492411,0.377987653,11,100,2,9
"./train_model_2023-07-13_18-38-51/train_model_4964170d_56_batch_size=12,column_lambda=192638.3451,dr1=0.4595,embedding_size=11,entropy_lambda=1174.9795,fc_size=24,l_2023-07-16_01-16-46/",1881.403198,43.37514496,24.57792282,11,100,6,5
"./train_model_2023-07-13_18-38-51/train_model_82fcdc27_126_batch_size=7,column_lambda=9233.7584,dr1=0.4232,embedding_size=100,entropy_lambda=19.8791,fc_size=5,lr=0._2023-07-18_14-46-58/",0.614061713,0.783620894,0.580134749,10,101,6,4
"./train_model_2023-07-13_18-38-51/train_model_489c622b_75_batch_size=32,column_lambda=1055939.7071,dr1=0.6379,embedding_size=13,entropy_lambda=4954266.2629,fc_size=_2023-07-16_19-58-48/",0.658787727,0.811657369,0.696365952,10,101,5,5
"./train_model_2023-07-13_18-38-51/train_model_aa8f8866_88_batch_size=4,column_lambda=0.4765,dr1=0.8171,embedding_size=127,entropy_lambda=221376.8877,fc_size=4,lr=0._2023-07-17_04-04-48/",0.659245074,0.811939061,0.696746528,10,101,4,6
"./train_model_2023-07-13_18-38-51/train_model_522d73bb_85_batch_size=22,column_lambda=38769.1519,dr1=0.5129,embedding_size=7,entropy_lambda=95.4817,fc_size=10,lr=0._2023-07-17_02-24-32/",874.9255981,29.57914162,20.67111969,10,101,8,2
"./train_model_2023-07-13_18-38-51/train_model_b87b6773_112_batch_size=2,column_lambda=4852885.3594,dr1=0.3694,embedding_size=18,entropy_lambda=77.4854,fc_size=27,lr_2023-07-18_03-54-08/",2794.404785,52.86212921,29.38389206,10,101,3,7
"./train_model_2023-07-13_18-38-51/train_model_d0f7a3ec_89_batch_size=1,column_lambda=1.8011,dr1=0.4240,embedding_size=5,entropy_lambda=107566.9052,fc_size=43,lr=0.0_2023-07-17_04-49-53/",48378.71484,219.9516144,93.97104645,10,101,3,7
"./train_model_2023-07-13_18-38-51/train_model_7652f61f_32_batch_size=2,column_lambda=1.3833,dr1=0.5774,embedding_size=35,entropy_lambda=10717.5972,fc_size=1,lr=0.00_2023-07-15_03-38-08/",0.659792542,0.812276125,0.697235227,8,103,4,4
"./train_model_2023-07-13_18-38-51/train_model_10b71be9_21_batch_size=1,column_lambda=94899195.6840,dr1=0.9151,embedding_size=8,entropy_lambda=82566.1171,fc_size=115_2023-07-14_13-58-34/",4179.791992,64.65131378,33.73270798,7,104,4,3
"./train_model_2023-07-13_18-38-51/train_model_9b9da313_33_batch_size=1,column_lambda=4.6028,dr1=0.4046,embedding_size=10,entropy_lambda=0.8945,fc_size=1,lr=0.0076_2023-07-15_03-57-44/",0.655544341,0.809656918,0.692379534,6,105,4,2
"./train_model_2023-07-13_18-38-51/train_model_07d6e99e_124_batch_size=21,column_lambda=19.2955,dr1=0.1225,embedding_size=62,entropy_lambda=11778.7142,fc_size=33,lr=_2023-07-18_13-11-25/",0.999862969,0.999931455,0.681579232,6,105,1,5
"./train_model_2023-07-13_18-38-51/train_model_5319c7bb_70_batch_size=4,column_lambda=2951618.3149,dr1=0.2115,embedding_size=1,entropy_lambda=15675160.5129,fc_size=1_2023-07-16_12-15-40/",0.146595329,0.382877707,0.313356191,5,106,3,2
"./train_model_2023-07-13_18-38-51/train_model_c74f9d9b_23_batch_size=13,column_lambda=107.9339,dr1=0.6354,embedding_size=23,entropy_lambda=337811.8115,fc_size=7,lr=_2023-07-14_15-49-22/",0.391598463,0.625778258,0.527568638,5,106,3,2
"./train_model_2023-07-13_18-38-51/train_model_144bedc3_149_batch_size=9,column_lambda=22.0134,dr1=0.8783,embedding_size=1,entropy_lambda=18.5258,fc_size=1,lr=0.0003_2023-07-19_14-26-35/",0.627548814,0.792179763,0.672159016,5,106,4,1
"./train_model_2023-07-13_18-38-51/train_model_c64df619_27_batch_size=1,column_lambda=141.2777,dr1=0.1423,embedding_size=4,entropy_lambda=58.2090,fc_size=1,lr=0.0068_2023-07-14_17-36-10/",0.649633348,0.805998325,0.69216162,5,106,2,3
"./train_model_2023-07-13_18-38-51/train_model_f603ba31_14_batch_size=1,column_lambda=1.5736,dr1=0.7992,embedding_size=1,entropy_lambda=13.7532,fc_size=2,lr=0.0554_2023-07-14_05-56-12/",0.655548394,0.809659421,0.692397594,5,106,1,4
"./train_model_2023-07-13_18-38-51/train_model_748e2549_51_batch_size=2,column_lambda=2962.2394,dr1=0.3073,embedding_size=19,entropy_lambda=462.9800,fc_size=1,lr=0.0_2023-07-15_21-40-45/",0.662795067,0.81412226,0.699558437,5,106,4,1
"./train_model_2023-07-13_18-38-51/train_model_5f129c8b_144_batch_size=6,column_lambda=0.2235,dr1=0.5340,embedding_size=13,entropy_lambda=2232597.1783,fc_size=65,lr=_2023-07-19_06-11-51/",0.51816237,0.719834983,0.596492708,4,107,3,1
"./train_model_2023-07-13_18-38-51/train_model_3250549b_17_batch_size=3,column_lambda=13737311.1636,dr1=0.2469,embedding_size=3,entropy_lambda=5.6911,fc_size=84,lr=0_2023-07-14_07-03-20/",0.62061435,0.787790775,0.671749711,4,107,1,3
"./train_model_2023-07-13_18-38-51/train_model_3143c021_60_batch_size=8,column_lambda=989.2617,dr1=0.1844,embedding_size=12,entropy_lambda=2383.7449,fc_size=2,lr=0.0_2023-07-16_03-13-11/",0.65736419,0.810779989,0.695195377,3,108,1,2
"./train_model_2023-07-13_18-38-51/train_model_ccb7a84d_84_batch_size=4,column_lambda=179310.1654,dr1=0.0558,embedding_size=18,entropy_lambda=2939.3681,fc_size=5,lr=_2023-07-17_00-49-37/",0.616778135,0.78535223,0.603164852,2,109,1,1
"./train_model_2023-07-13_18-38-51/train_model_a7d0f2f2_83_batch_size=3,column_lambda=2.6600,dr1=0.7863,embedding_size=17,entropy_lambda=51863002.3891,fc_size=1,lr=0_2023-07-16_23-24-24/",0.65555352,0.80966258,0.692420542,2,109,1,1
"./train_model_2023-07-13_18-38-51/train_model_a89c45ee_116_batch_size=1,column_lambda=1741826.1706,dr1=0.4146,embedding_size=7,entropy_lambda=21456131.2810,fc_size=_2023-07-18_06-39-58/",0.63320756,0.795743406,0.681126952,1,110,1,0
"./train_model_2023-07-13_18-38-51/train_model_b2ce4a5d_35_batch_size=1,column_lambda=2.4166,dr1=0.4685,embedding_size=3,entropy_lambda=35331.5798,fc_size=1,lr=0.002_2023-07-15_07-06-13/",0.653369784,0.808312953,0.695627451,1,110,1,0
"./train_model_2023-07-13_18-38-51/train_model_f3e33e44_105_batch_size=1,column_lambda=217.8930,dr1=0.7433,embedding_size=106,entropy_lambda=510058.8594,fc_size=43,l_2023-07-17_17-49-58/",1.15811801,1.076158881,0.764878511,1,110,1,0
"./train_model_2023-07-13_18-38-51/train_model_9b876682_10_batch_size=2,column_lambda=9.2355,dr1=0.6464,embedding_size=73,entropy_lambda=159.9632,fc_size=50,lr=0.000_2023-07-14_01-45-44/",20.30363846,4.505955696,2.426856518,1,110,1,0
"./train_model_2023-07-13_18-38-51/train_model_787b5118_140_batch_size=10,column_lambda=894680.2582,dr1=0.5504,embedding_size=61,entropy_lambda=29234771.3947,fc_size_2023-07-19_02-42-16/",1011.091553,31.79766655,15.24422646,1,110,1,0
"./train_model_2023-07-13_18-38-51/train_model_5b82f5ca_131_batch_size=13,column_lambda=135.5071,dr1=0.2526,embedding_size=1,entropy_lambda=4434.1788,fc_size=103,lr=_2023-07-18_20-32-31/",0.153565362,0.391874164,0.300594985,0,111,0,0
"./train_model_2023-07-13_18-38-51/train_model_496ae9a3_107_batch_size=4,column_lambda=7031011.7313,dr1=0.4446,embedding_size=1,entropy_lambda=11573400.6484,fc_size=_2023-07-17_18-43-30/",0.158808902,0.39850834,0.329465747,0,111,0,0
"./train_model_2023-07-13_18-38-51/train_model_3e446cd1_137_batch_size=10,column_lambda=14291.6785,dr1=0.4206,embedding_size=1,entropy_lambda=19.9403,fc_size=10,lr=0_2023-07-18_23-44-37/",0.188487008,0.434150904,0.339800656,0,111,0,0
"./train_model_2023-07-13_18-38-51/train_model_8cb871e7_82_batch_size=2,column_lambda=6027.3146,dr1=0.1900,embedding_size=1,entropy_lambda=16.9379,fc_size=101,lr=0.0_2023-07-16_22-56-20/",0.264769316,0.514557421,0.397206157,0,111,0,0
"./train_model_2023-07-13_18-38-51/train_model_0d8674ab_57_batch_size=2,column_lambda=1.0619,dr1=0.0918,embedding_size=5,entropy_lambda=89691623.7465,fc_size=21,lr=0_2023-07-16_02-10-20/",0.325300992,0.57035166,0.426350325,0,111,0,0
"./train_model_2023-07-13_18-38-51/train_model_daaa3218_2_batch_size=6,column_lambda=498463.3019,dr1=0.7440,embedding_size=124,entropy_lambda=45086.7653,fc_size=103,_2023-07-13_18-39-10/",0.491846591,0.701317728,0.597243369,0,111,0,0
"./train_model_2023-07-13_18-38-51/train_model_d4edc17e_119_batch_size=2,column_lambda=187.4933,dr1=0.5369,embedding_size=23,entropy_lambda=0.2646,fc_size=2,lr=0.000_2023-07-18_08-51-26/",0.61966753,0.787189662,0.676181376,0,111,0,0
"./train_model_2023-07-13_18-38-51/train_model_f2d27791_20_batch_size=7,column_lambda=0.1312,dr1=0.8443,embedding_size=1,entropy_lambda=8.7019,fc_size=3,lr=0.0471_2023-07-14_13-07-44/",0.62550807,0.790890694,0.677596986,0,111,0,0
"./train_model_2023-07-13_18-38-51/train_model_8308dad4_65_batch_size=2,column_lambda=6.6033,dr1=0.2269,embedding_size=41,entropy_lambda=16614180.9693,fc_size=2,lr=0_2023-07-16_06-23-47/",0.633842647,0.79614234,0.684206009,0,111,0,0
"./train_model_2023-07-13_18-38-51/train_model_624ebd6b_66_batch_size=1,column_lambda=15999.8684,dr1=0.9113,embedding_size=1,entropy_lambda=0.1702,fc_size=15,lr=0.00_2023-07-16_06-47-37/",0.635733247,0.79732883,0.670331538,0,111,0,0
"./train_model_2023-07-13_18-38-51/train_model_72bdd0c6_3_batch_size=4,column_lambda=0.1479,dr1=0.8783,embedding_size=4,entropy_lambda=8318575.4999,fc_size=1,lr=0.03_2023-07-13_18-39-16/",0.655543089,0.809656143,0.692373693,0,111,0,0
"./train_model_2023-07-13_18-38-51/train_model_f60fc428_15_batch_size=1,column_lambda=29.4570,dr1=0.7119,embedding_size=114,entropy_lambda=19130907.8210,fc_size=6,lr_2023-07-14_06-02-16/",0.655545413,0.809657574,0.692384005,0,111,0,0
"./train_model_2023-07-13_18-38-51/train_model_a38485ee_4_batch_size=7,column_lambda=854.4434,dr1=0.7738,embedding_size=112,entropy_lambda=5553.2787,fc_size=4,lr=0.0_2023-07-13_18-39-22/",0.655647159,0.809720397,0.692753434,0,111,0,0
"./train_model_2023-07-13_18-38-51/train_model_aa24ca4f_37_batch_size=25,column_lambda=2.8251,dr1=0.6530,embedding_size=54,entropy_lambda=127164.8476,fc_size=2,lr=0._2023-07-15_11-49-22/",0.656072676,0.809983134,0.693659782,0,111,0,0
"./train_model_2023-07-13_18-38-51/train_model_11aa4a25_34_batch_size=2,column_lambda=393278.8117,dr1=0.8230,embedding_size=64,entropy_lambda=25719526.3039,fc_size=3_2023-07-15_05-23-03/",0.656260669,0.810099185,0.693948328,0,111,0,0
"./train_model_2023-07-13_18-38-51/train_model_f8cbd7d2_147_batch_size=1,column_lambda=1352.8181,dr1=0.7552,embedding_size=45,entropy_lambda=5136316.9410,fc_size=12,_2023-07-19_10-47-37/",0.656555533,0.810281157,0.694339037,0,111,0,0
"./train_model_2023-07-13_18-38-51/train_model_e134dca5_94_batch_size=54,column_lambda=1068.3220,dr1=0.0990,embedding_size=50,entropy_lambda=4.4834,fc_size=19,lr=0.0_2023-07-17_10-28-08/",0.661051571,0.813050807,0.697138429,0,111,0,0
"./train_model_2023-07-13_18-38-51/train_model_471f4ab6_16_batch_size=66,column_lambda=23054833.4660,dr1=0.1965,embedding_size=12,entropy_lambda=473203.3735,fc_size=_2023-07-14_06-20-21/",0.661373675,0.813248813,0.698533535,0,111,0,0
./train_model_2023-07-13_18-38-51/search_gen_state-2023-07-13_18-39-04.json/,,,,,,,
"./train_model_2023-07-13_18-38-51/train_model_c7485d21_150_batch_size=1,column_lambda=2593.7557,dr1=0.8562,embedding_size=44,entropy_lambda=81473241.7347,fc_size=3,_2023-07-19_15-12-41/",,,,,,,
./train_model_2023-07-13_18-38-51/tuner.pkl/,,,,,,,
./train_model_2023-07-13_18-38-51/experiment_state-2023-07-13_18-39-04.json/,,,,,,,
./train_model_2023-07-13_18-38-51/searcher-state-2023-07-13_18-39-04.pkl/,,,,,,,