name,abs_error 
./Ternary/a2c1e1/225/P2Si1Zn1/CONTCAR,[0.03346753]
./Ternary/a3b1c4/166/K1P3Zn4/CONTCAR,[0.00834513]
./Ternary/a2c1e1/122/As2Si1Zn1/CONTCAR,[0.07812119]
./Binary/a3c2/14/Sb3Sr2/CONTCAR,[0.10906458]
./Binary/a2c1/11/Ca1Sb2/CONTCAR,[0.15474725]
./Binary/a7b3/61/As7Li3/CONTCAR,[0.7535982]
./Ternary/a1b1c1/62/Cd1Na1Sb1/CONTCAR,[0.4271989]
./Ternary/a3c3d1/62/Al1As3Ca3/CONTCAR,[0.20648718]
./Binary/a10c11/139/Bi10Ca11/CONTCAR,[0.34476614]
./Ternary/a6b10e2/14/As6Na10Si2/CONTCAR,[0.05812979]
