,num,species,a,b,c,P1,P2,ground_truth_P1,SVM_pred_P1
0,0,Na,0.8749999621512785,0.8749999569754863,0.3749999486622571,0.9946300983428956,0.0053699137642979,0.0,0.0
1,1,Na,0.8750001081423875,0.374999939481917,0.8749999368117258,0.98704195022583,0.0129580236971378,0.0,0.0
2,2,Na,0.874999955797847,0.8749999701759847,0.8750000791673145,0.9945439100265504,0.0054560368880629,0.0,0.0
3,3,Na,0.3750000019369679,0.8750001379292485,0.8749998971085091,0.9928807020187378,0.0071192407049238,0.0,0.0
4,4,Na,0.4806674110047666,0.0193304905931484,0.4806673205816878,0.9911872744560242,0.0088127041235566,0.0,0.0
5,5,Na,0.019333270008822,0.0193331209236405,0.4806666233704675,0.9901427030563354,0.0098572950810194,0.0,0.0
6,6,Na,0.0193304879388165,0.4806674877129353,0.4806674401100679,0.990537703037262,0.0094623640179634,0.0,0.0
7,7,Na,0.0193331410572668,0.4806664923868027,0.0193334261728282,0.9903501868247986,0.0096498299390077,0.0,0.0
8,8,Na,0.4806676508596297,0.4806676216929731,0.0193303457801051,0.9900847673416138,0.0099152764305472,0.0,0.0
9,9,Na,0.4806664858014642,0.019333201435245,0.0193334735411099,0.9910199046134948,0.0089800981804728,0.0,0.0
10,10,Na,0.2693324739618248,0.7306694623319885,0.2693326036569275,0.9909560084342957,0.0090439617633819,0.0,0.0
11,11,Na,0.7306667551582606,0.7306666623014664,0.2693334302718569,0.9901339411735536,0.0098659871146082,0.0,0.0
12,12,Na,0.730669460638957,0.2693325122859065,0.2693327065954136,0.99077045917511,0.0092295054346323,0.0,0.0
13,13,Na,0.730666912708493,0.2693334433251522,0.7306665531016847,0.9910037517547609,0.0089962799102067,0.0,0.0
14,14,Na,0.2693324960910957,0.2693324174894798,0.73066954213526,0.9901316165924072,0.009868374094367,0.0,0.0
15,15,Na,0.2693334549731148,0.7306667961757611,0.7306666799841111,0.9903371334075928,0.0096629317849874,0.0,0.0
16,16,Sn,0.7500001780536039,0.7499999024999866,0.7500000951704706,0.9931625127792358,0.0068375156261026,1.0,0.0
17,17,Sn,0.9999999878510336,0.9999997783997614,0.9999999055558532,0.9932903051376344,0.0067096217535436,1.0,0.0
18,18,Sb,0.1113600624261792,0.111360083284147,0.6659203916753569,0.9788297414779664,0.0211702268570661,1.0,1.0
19,19,Sb,0.11136007296966,0.66592042739601,0.1113600562440666,0.97953200340271,0.0204680785536766,1.0,1.0
20,20,Sb,0.1113611362723077,0.1113611552105738,0.1113611444609148,0.9802103638648988,0.0197896640747785,1.0,1.0
21,21,Sb,0.6659203467353123,0.1113601663650527,0.1113600780445481,0.9787403345108032,0.0212596822530031,1.0,1.0
22,22,Sb,0.6386398748925117,0.638639942747588,0.0840796431446691,0.9788538217544556,0.0211461465805768,1.0,1.0
23,23,Sb,0.638639820599991,0.0840798789179686,0.6386398279858838,0.9788560271263124,0.0211439654231071,1.0,1.0
24,24,Sb,0.6386389459969308,0.6386389903767125,0.6386389358854672,0.9796084761619568,0.0203915070742368,1.0,1.0
25,25,Sb,0.0840795459714769,0.6386399615850777,0.6386399147814572,0.9795379042625428,0.020462030544877,1.0,1.0
