num,species,P1,P2,ground_truth_P1 
0,Mg,0.484884053,0.515115976,0
1,Mg,0.484882414,0.515117586,0
2,Mg,0.484884053,0.515115976,0
3,Mg,0.484882414,0.515117586,0
4,Mg,0.484882444,0.515117645,0
5,Mg,0.484884053,0.515115976,0
6,Mg,0.484882414,0.515117586,0
7,Mg,0.484884053,0.515115976,0
8,Mg,0.485876709,0.514123321,0
9,Mg,0.484904736,0.515095294,0
10,Mg,0.482996434,0.517003596,0
11,Mg,0.486937612,0.513062298,0
12,Mg,0.484906316,0.515093684,0
13,Mg,0.48237446,0.517625511,0
14,Mg,0.485876709,0.514123321,0
15,Mg,0.484904706,0.515095294,0
16,Mg,0.482996404,0.517003596,0
17,Mg,0.486937612,0.513062298,0
18,Mg,0.484906316,0.515093684,0
19,Mg,0.482374489,0.517625511,0
20,Mg,0.486937612,0.513062298,0
21,Mg,0.484906316,0.515093684,0
22,Mg,0.48237446,0.517625511,0
23,Mg,0.485876709,0.514123321,0
24,Mg,0.484904736,0.515095294,0
25,Mg,0.482996434,0.517003596,0
26,Mg,0.486937612,0.513062298,0
27,Mg,0.484906316,0.515093684,0
28,Mg,0.482374489,0.517625511,0
29,Mg,0.485876709,0.514123321,0
30,Mg,0.484904706,0.515095294,0
31,Mg,0.482996404,0.517003596,0
32,Mg,0.487273544,0.512726486,0
33,Mg,0.48606509,0.51393497,0
34,Mg,0.483849406,0.516150534,0
35,Mg,0.483227074,0.516772926,0
36,Mg,0.485004276,0.514995754,0
37,Mg,0.487273574,0.512726486,0
38,Mg,0.487271935,0.512728035,0
39,Mg,0.483227074,0.516772926,0
40,Mg,0.483849406,0.516150534,0
41,Mg,0.487271935,0.512728035,0
42,Mg,0.48606509,0.51393497,0
43,Mg,0.485004276,0.514995754,0
44,Mg,0.487271935,0.512728035,0
45,Mg,0.485004276,0.514995754,0
46,Mg,0.483227074,0.516772926,0
47,Mg,0.483849406,0.516150534,0
48,Mg,0.48606509,0.51393497,0
49,Mg,0.487271935,0.512728035,0
50,Mg,0.487273574,0.512726486,0
51,Mg,0.483849406,0.516150534,0
52,Mg,0.483227074,0.516772926,0
53,Mg,0.487273574,0.512726486,0
54,Mg,0.485004276,0.514995754,0
55,Mg,0.48606509,0.51393497,0
56,Mg,0.487129748,0.512870312,0
57,Mg,0.487131327,0.512868643,0
58,Mg,0.487129748,0.512870312,0
59,Mg,0.487131327,0.512868643,0
60,Mg,0.487131327,0.512868643,0
61,Mg,0.487129748,0.512870312,0
62,Mg,0.487131327,0.512868643,0
63,Mg,0.487129748,0.512870312,0
64,Si,0.479744285,0.520255744,1
65,Si,0.477653921,0.522346079,1
66,Si,0.479744285,0.520255744,1
67,Si,0.477653921,0.522346079,1
68,Si,0.477653921,0.522346079,1
69,Si,0.478275418,0.521724582,1
70,Si,0.480803758,0.519196153,1
71,Si,0.478275418,0.521724582,1
72,Si,0.481906116,0.518093944,1
73,Si,0.486299038,0.513700962,1
74,Si,0.484143943,0.515856087,1
75,Si,0.481286168,0.518713832,1
76,Si,0.486299723,0.513700306,1
77,Si,0.484143943,0.515856087,1
78,Si,0.475612253,0.524387717,1
79,Si,0.481379211,0.518620789,1
80,Si,0.48099184,0.519008219,1
81,Si,0.479501605,0.520498395,1
82,Si,0.480439931,0.519560158,1
83,Si,0.480668068,0.519331872,1
84,Si,0.475612253,0.524387717,1
85,Si,0.48244068,0.51755935,1
86,Si,0.478879482,0.521120489,1
87,Si,0.480439931,0.519560158,1
88,Si,0.48099184,0.519008219,1
89,Si,0.480668098,0.519331872,1
90,Si,0.487104684,0.512895405,1
91,Si,0.486198664,0.513801336,1
92,Si,0.486198485,0.513801575,1
93,Si,0.487104684,0.512895405,1
94,Si,0.486192971,0.513806999,1
95,Si,0.486198485,0.513801575,1
96,Bi,0.48598811,0.514011919,1