cif,pool_num,f0,f1,f2,f3,f4,f5,f6,f7,f8,f9,f10,f11,total_energy,avg_electronegativity,avg_label,embedding0,embedding1
./Binary/a2c2/189/Ca2P2/CONTCAR,0,0.055134237,0.279587626,0.330441803,0.005387032,0.001206367,0.001152853,0.520445704,0.010037821,0.001263443,0.00033305,0.173350498,0.004216627,-4.795724373,0.928620448,0.289724688,10.984921,-0.86076087
./Binary/a4c1/14/Mg1P4/CONTCAR,0,0.038061079,0.176552147,1.012260675,0.002991851,0.008325646,0.00217425,1.417967558,0.009903823,0.006466237,0.005222755,1.017468691,0.001262075,-4.944226252,1.384230321,0.552567315,11.471431,-0.83414507
./Binary/a4c1/14/Cd1P4/CONTCAR,0,0.009645022,0.2477763,0.085877046,0.002262765,0.005233819,0.007056256,1.355597258,0.018749926,0.010257415,0.002001286,0.193638876,0.00284119,-4.572794627,1.189503259,0.110230905,10.927303,-0.8278249
./Ternary/a1b1c1/129/Be1Li1P1/CONTCAR,0,0.02382914,0.136891216,0.031137124,0.123265781,0.030519202,0.059503924,0.718270779,0.285837501,0.029040385,0.017403586,0.155325517,0.008143191,-4.269964573,0.95969949,0.202478508,10.720078,-0.7270579
./Ternary/a2c1c2/164/Mn2Sb2Sr1/CONTCAR,0,0.022251476,0.287914932,8.275452614,0.000223396,0.000299246,6.06E-05,0.210148439,0.002426028,0.0002121,0.000115892,0.907954514,0.003332246,-5.413648417,1.105962518,0.539873978,11.831292,-0.718524
./Ternary/a2c1c2/139/Ba1Mn2Sb2/CONTCAR,0,0.103703894,0.022502108,1.928794861,0.000925057,0.000778545,0.000242373,0.50768441,0.001163265,0.000448844,0.000294693,0.262672186,0.000599487,-5.480567106,0.887207332,0.435820642,11.298202,-0.70960754
./Ternary/a2c1e2/105/Ba1Ge2P2/CONTCAR,0,0.070617281,0.089936197,0.622159719,0.000749658,0.000810071,0.00016512,0.542936802,0.000491389,0.000544682,0.000732113,0.324805647,0.000146777,-4.899481017,1.033080479,0.44599039,11.058622,-0.6694853
./Ternary/a2c1c2/164/Mn2Sb2Yb1/CONTCAR,0,0.013369994,0.011750205,16.88874054,6.90E-05,0.000401335,6.12E-05,0.099788368,0.166054159,0.000244536,0.00042172,3.12414813,0.057868566,-5.345152665,1.319794119,0.640462202,12.013164,-0.6628166
./Ternary/a14c3e8/14/Ca3P14Si8/CONTCAR,0,0.010248135,0.143849328,7.115730286,0.001305836,0.001463447,0.002099046,3.85126543,0.002617882,0.001698586,0.000614387,3.078779936,0.001198677,-5.405697833,1.294377945,0.58248426,11.933379,-0.6045449
./Binary/a3c1/12/P3Sr1/CONTCAR,0,0.003703529,0.512202978,0.687592864,0.001161885,0.000306458,0.000937137,1.848527193,0.000825504,0.000641744,7.40E-05,0.38084951,0.001796646,-5.117678971,1.150262807,0.460435372,11.369757,-0.5998936
./Ternary/a1b1c1/129/Li1Mn1Sb1/CONTCAR,0,0.006605999,0.16523385,2.099387646,0.003095347,0.000396647,0.000480157,0.110116996,0.545090616,0.000350507,0.000109004,1.017896414,0.03900582,-3.715740617,0.879050467,0.382309966,11.132253,-0.5403642
./Binary/a3d1/166/In1P3/CONTCAR,0,0.0945163,0.456904441,0.452677608,0.008242571,0.009805801,0.00994946,0.783468604,0.010931298,0.008017195,0.007233575,0.419015706,0.00419852,-4.792566755,1.422667703,0.162508577,10.950499,-0.5314849
./Binary/a14c3/14/P14Sr3/CONTCAR,0,0.006238081,0.510400832,1.795674086,0.002138163,0.0008017,0.001887889,3.259041548,0.003005524,0.000761468,0.000234084,0.833920181,0.002032624,-5.218524141,1.165736414,0.487292919,11.74009,-0.5155019
./Binary/a14c3/14/Ba3P14/CONTCAR,0,0.005077825,0.279471695,1.338408232,0.001525318,0.00078848,0.001304792,2.972856045,0.004426149,0.000649312,0.000234501,0.71569562,0.001517552,-5.300945051,1.10910175,0.465403634,11.589712,-0.3996471
./Binary/a1c1/189/As1Ca1/CONTCAR,0,0.227935791,0.805288017,0.355872989,0.03817147,0.00133931,0.005719707,0.563506782,0.039774928,0.00642992,0.000345033,0.197078854,0.011595794,-4.441548981,1.040971895,0.324919711,10.756025,-0.28412956
./Binary/a7b1/142/Li1P7/CONTCAR,0,0.169652462,1.81116271,3.624303102,0.002190622,0.002000939,0.004516062,3.906532288,0.035461701,0.00147067,0.000652779,2.032598734,0.011279588,-5.128984011,1.275492759,0.547487672,12.029119,-0.24428533
./Ternary/a2c1e1/122/Hg1P2Si1/CONTCAR,0,0.108482093,0.952939868,0.184078068,0.012817615,0.013595991,0.023433506,0.59236598,0.031542767,0.012227736,0.007445883,0.377203226,0.001078591,-4.187381848,1.508267429,0.534088477,10.78734,-0.18575989
./Binary/a4c1/92/As4Mg1/CONTCAR,0,0.632254183,1.467275977,1.402915001,0.098690771,0.013260864,0.02428725,0.991361439,0.713305414,0.014119398,0.006031882,1.443475485,0.035542846,-4.26105304,1.474137291,0.591642427,11.4356985,0.14226645
./Binary/a4c3/43/P4Sr3/CONTCAR,0,0.069716997,1.565103769,0.216022342,0.002611596,0.001238987,0.001773249,0.481271327,0.008123337,0.002240846,0.000501405,0.182868794,0.002260145,-4.77181514,1.164706049,0.401940039,10.992231,0.1649078
./Ternary/a4c3e2/14/As4Ca3Ge2/CONTCAR,0,0.238814354,1.640525937,0.188703701,0.014375182,0.000614759,0.00479389,0.719441533,0.051645733,0.000956422,0.000137005,0.157288775,0.006148161,-4.540142855,1.048118537,0.399824989,11.045339,0.41148683
./Ternary/a4c3d2/15/Al2As4Ca3/CONTCAR,0,0.31287998,1.85624826,0.176731512,0.009826657,0.000390273,0.004309434,0.51025182,0.017681532,0.000290279,8.17E-05,0.117519259,0.006520384,-4.516308563,1.140152626,0.45919315,11.132899,0.54595226
./Binary/a1b2/189/Li2Sb1/CONTCAR,0,0.051171802,0.262823462,0.030128587,0.125861332,0.00775907,1.679769516,0.093248144,1.501246691,0.523110032,0.002749713,0.199340731,1.755408406,-3.240191453,0.993777385,0.248038868,10.189145,0.5933588
./Ternary/a2c1c2/164/As2Mn2Zn1/CONTCAR,0,0.009949406,1.105961323,0.464083701,0.001847429,0.000283016,0.001855686,0.113774449,1.981168509,0.000272912,5.47E-05,0.681908369,0.006842655,-4.048159084,1.099847385,0.360351524,10.536663,0.60819227
./Binary/a7b3/76/Cs3P7/CONTCAR,0,0.011156159,3.501664877,0.752915084,0.071487442,0.000346433,0.002262654,4.474208832,0.000220508,0.069923334,6.45E-05,0.600450695,0.009986692,-4.494345521,1.193524238,0.475021766,11.960568,0.7241007
./Quaternary/a22c13e6e8/121/As22Ba13Si6Sn8/CONTCAR,0,0.399965823,2.401416302,0.998923659,0.023885543,0.000776627,0.009392833,1.071689248,0.091730163,0.000741294,0.00021053,0.591118991,0.024995515,-4.601122201,1.108772251,0.467545782,11.567482,0.77600956
./Ternary/a2c1c2/36/Ca2Cd1P2/CONTCAR,0,0.294785917,2.302633524,0.270001084,0.118077248,0.007759444,0.042888205,0.404877752,0.618869901,0.077255115,0.005582911,0.451104045,0.053292301,-4.052252915,1.358258231,0.506771529,11.1083355,0.9407685
./Binary/a3c1/12/Ba1Sb3/CONTCAR,0,0.727462351,2.423882723,0.292718291,0.101032101,0.008440201,0.061432663,0.609408855,0.850638449,0.02762714,0.003366133,0.399772555,0.05718036,-4.113842755,1.561642229,0.665892318,11.365523,0.950015
./Ternary/a2c1c2/164/As2Mg2Zn1/CONTCAR,0,0.752343714,1.581190586,0.083046958,0.533448398,0.053714916,0.10369774,0.312456101,1.865053058,0.1187796,0.036610205,0.30378598,0.201258138,-3.029898174,1.610306208,0.561349797,10.619971,1.07188
./Ternary/a5c3d3/167/Al3As5Ba3/CONTCAR,0,1.7481668,2.388965368,0.274221689,0.03949964,0.000838339,0.023141103,1.141033053,0.038442459,0.000503747,0.000228832,0.14983587,0.004232168,-4.549559603,0.973599644,0.422905111,12.37328,1.0882293
./Ternary/a2c1c2/164/Ba1Cd2P2/CONTCAR,0,0.572389364,1.452105403,0.063973904,1.045719385,0.053482488,0.661114633,0.326536059,1.870316982,1.397599101,0.05320641,0.302280396,0.870317101,-3.494361134,1.656274044,0.765994358,10.207383,1.124059
./Binary/a10c11/139/Bi10Ca11/CONTCAR,0,0.249679744,2.442434788,0.577288926,1.480330825,0.000432994,0.016093267,1.057552695,0.639739871,0.124839924,8.73E-05,0.68807143,0.274656862,-3.792057,0.988099628,0.31860352,11.205435,1.1803523
./Ternary/a2c1e1/122/Mg1Sb2Si1/CONTCAR,0,2.225287437,2.547699451,0.413989723,0.184933677,0.015526287,0.013082699,1.316405296,0.486357242,0.015211282,0.006352258,0.412621677,0.015764536,-3.844445923,1.619632951,0.660244569,12.472677,1.1944202
./Binary/a1b1/14/Li1P1/CONTCAR,0,0.016355403,3.07881856,0.152365521,0.146924675,0.001562881,0.001169121,0.299018115,1.292409658,0.001382965,0.000440924,0.492310792,0.028222583,-4.181738733,1.285267762,0.410808217,11.131121,1.2421441
./Ternary/a2c1e1/122/As2Ge1Mg1/CONTCAR,0,2.429438591,2.419410706,0.291418701,0.033502959,0.015920622,0.012783881,0.522877574,0.37695089,0.011226648,0.009245075,0.491569072,0.0032689,-4.139878243,1.684943382,0.654412441,12.590562,1.2489319
./Ternary/a2c1e1/122/As2Si1Zn1/CONTCAR,0,1.122101068,3.094981194,0.202679902,0.077243268,0.01655275,0.100388005,0.51625371,0.359524399,0.018661557,0.008613938,0.554429054,0.001001472,-4.19487359,1.80190129,0.67921789,12.030762,1.262867
./Binary/a3c1/2/As3Ca1/CONTCAR,0,0.313845754,3.463670254,0.494279861,0.071280219,0.008792115,0.042758211,1.072870731,0.162354544,0.0294019,0.003835147,0.803178132,0.02187543,-4.556354243,1.762601864,0.700659782,11.652646,1.3557652
./Ternary/a2c1c2/164/Cd2Sb2Yb1/CONTCAR,0,0.314254999,0.393567324,0.031774059,2.871742487,0.054076478,5.248170853,0.093101278,2.302767277,2.418972254,0.036459338,0.193117082,5.961194038,-2.769512434,1.698855188,0.792137098,9.750121,1.4002819
./Ternary/a2c1e1/225/P2Si1Zn1/CONTCAR,0,2.247972012,2.25586319,0.085975081,0.162500054,0.257238299,0.349650234,0.388305426,3.048027277,0.363798887,0.185189098,0.498633116,0.075247668,-3.855079405,1.953623431,0.737423271,10.611892,1.4042989
./Ternary/a2c1d2/14/As2Ba1Ga2/CONTCAR,0,0.425972879,3.809132814,0.187815502,0.201249942,0.00042026,0.010016379,0.662964165,0.144393176,0.004091708,0.00011685,0.300290287,0.018345211,-4.111002102,1.395666876,0.631211865,11.917257,1.4287496
./Ternary/a2c1e1/225/Cd1Ge1P2/CONTCAR,0,1.86115253,2.271832943,0.091484517,0.230943099,0.252546996,0.52485913,0.45724532,5.071800232,1.060071468,0.171286076,0.519511282,0.474853963,-3.57815482,2.007323492,0.744486615,10.22622,1.5084366
./Ternary/a2c1d2/10/As2Ga2Sr1/CONTCAR,0,2.567406893,3.856217146,0.374899983,0.299529463,0.013705494,0.059167407,1.184956789,0.364791542,0.040399719,0.005928108,0.48887676,0.018882647,-4.055327887,1.417266086,0.632232043,12.53941,1.5324852
./Ternary/a2c1e1/225/Be1P2Si1/CONTCAR,0,4.060278416,3.401540041,0.255899012,0.034204748,0.262867779,0.089618973,1.148423791,0.995695174,0.213406861,0.177863851,0.804354548,0.015644748,-4.414493003,1.952317746,0.745875522,12.588054,1.5904808
./Binary/a3c1/12/As3Sr1/CONTCAR,0,0.478794634,3.827586651,0.52971679,0.076244704,0.008919483,0.049053352,0.938499451,0.140290856,0.025906151,0.004554472,0.807160437,0.022447705,-4.514720008,1.772602412,0.709344253,11.66139,1.6417084
./Ternary/a1b1c1/216/Cd1Li1P1/CONTCAR,0,0.692170739,0.725834012,0.013399172,0.469821095,0.188442737,1.380770206,0.086999208,7.949326992,0.780964017,0.124655664,0.085495606,1.142432213,-2.860021833,1.613026025,0.664033234,10.336684,1.6960034
./Ternary/a3b1c4/166/K1P3Zn4/CONTCAR,0,0.490556657,1.421869397,0.023771789,2.55247736,0.105239607,3.582180977,0.169489518,5.230984211,1.528714776,0.097931698,0.357552737,1.097686291,-3.100019521,1.652349728,0.824186355,10.00136,1.728054
./Ternary/a4c4e1/218/As4Si1Sr4/CONTCAR,0,0.449330747,15.86299706,0.322068542,0.077215083,0.002391485,0.011125664,0.971108735,0.011199533,0.00756468,0.000680172,0.35320273,0.019540638,-4.442774111,1.27092969,0.439984393,5.3935537,1.7368104
./Ternary/a2c1c2/164/Cd2Sb2Sr1/CONTCAR,0,0.320097983,0.743158102,0.036588509,3.953291893,0.080731072,7.419028759,0.154318988,2.848380566,2.206393003,0.049516212,0.227528244,6.946258545,-2.85921905,1.680699261,0.797474384,9.670703,1.7574669
./Binary/a1d1/186/In1P1/CONTCAR,0,10.28150749,3.932246208,0.136797801,0.037687283,0.092375576,0.061852716,4.993652344,0.153850585,0.070976831,0.048237804,0.244889766,0.004079963,-4.272867443,1.972584168,0.49672839,12.680008,1.7599032
./Binary/a3b2/69/P3Rb2/CONTCAR,0,0.025003728,4.074746609,0.263334811,0.117631137,0.002997678,0.199307397,2.049499035,0.58171618,0.162693039,0.00103465,0.664357662,0.12734589,-4.070631251,1.523467996,0.564568174,11.805854,1.7930201
./Binary/a2c1/11/Ca1Sb2/CONTCAR,0,1.646744728,4.366037846,0.471147478,0.260509312,0.028683262,0.233652294,1.144486785,1.104555964,0.233600453,0.019018646,0.833354473,0.105584808,-4.026223875,1.680706992,0.6594311,12.16436,1.7934028
./Binary/a7b3/61/As7Cs3/CONTCAR,0,1.073122025,13.43075562,0.395696819,2.187561989,0.000752415,0.012689769,1.938628912,0.02356289,0.256545484,0.000180298,0.718549192,0.080214851,-3.916481144,1.355903048,0.541460532,5.09898,1.8033199
./Ternary/a3b1e3/26/Ge3Na1P3/CONTCAR,0,0.432618916,3.873791695,1.200588107,0.16715613,0.011152272,0.054280732,0.770395696,0.794325829,0.046338897,0.007492267,1.475377798,0.075824246,-4.655031604,1.719051233,0.760145732,11.579537,1.8987169
./Ternary/a1b1c1/129/Mn1P1Rb1/CONTCAR,0,0.077898704,15.6132021,1.521259665,0.261931598,0.000642847,0.003107578,0.390085459,0.73760432,0.07604707,0.000454067,1.894186139,0.480261564,-5.001238591,1.345043001,0.589294338,5.308465,1.9104323
./Binary/a11b3/60/As11K3/CONTCAR,0,0.901973426,17.93560982,0.566400707,0.34351024,0.00133322,0.075125895,1.64476335,1.303323388,0.025747266,0.00037397,0.992348552,0.175176531,-4.167932236,1.647460743,0.689449047,5.4550824,1.9135579
./Ternary/a4c4e1/218/Ba4Ge1P4/CONTCAR,0,2.143169403,22.38932991,2.432890892,0.133997589,0.002573383,0.045872513,4.532968998,0.006916092,0.004377301,0.000768672,0.815616131,0.017454185,-4.6894729,1.372807073,0.48182287,5.8374057,1.9396769
./Ternary/a1b1e1/186/K1Sb1Sn1/CONTCAR,0,2.552193642,3.436946154,0.045762338,2.893285275,0.226098299,0.731287062,0.923051417,6.2097435,2.02867651,0.124825142,0.343093634,1.110406637,-3.410212435,1.605060583,0.66494139,10.281539,1.9531238
./Ternary/a6c6d2/64/Ba6Ga2P6/CONTCAR,0,0.831578314,14.99757195,0.368642032,0.056775287,0.001236974,0.046325922,2.251978397,0.015763415,0.011343434,0.000413838,0.342295498,0.009781185,-4.521186459,1.486132513,0.537271423,5.0858135,1.9592435
./Ternary/a4c3d2/15/As4Ga2Sr3/CONTCAR,0,0.586883962,5.013158798,0.241226554,0.069698155,0.000478419,0.009775297,0.559648573,0.036083471,0.004426925,0.000148002,0.239631698,0.013224614,-4.171047873,1.421891435,0.56015616,11.764218,1.9830505
./Ternary/a2b4c1/166/As2Cd1K4/CONTCAR,0,0.091365568,0.211524621,0.014104237,8.412991524,0.050857019,17.39713097,0.042980794,3.242205858,4.180979252,0.049708087,0.082915954,12.13201332,-2.520156066,1.330046334,0.427481558,9.46106,2.0090709
./Ternary/a4c4e1/218/Ba4P4Si1/CONTCAR,0,0.780225456,14.48290539,3.075905561,0.114683837,0.002378336,0.026021393,4.189495564,0.003485051,0.003099357,0.000743964,0.960657597,0.013723907,-4.831342873,1.257442686,0.445674337,5.1373725,2.055728
./Ternary/a2c1d2/194/Ca1Ga2P2/CONTCAR,0,7.192378521,7.786008835,0.470230818,0.044856209,0.405165851,0.286348522,1.886945367,2.457928419,0.474101305,0.266862392,1.403716564,0.070429146,-4.447616871,1.783727645,0.792702675,12.677699,2.0628097
./Ternary/a1b1c1/194/As1K1Zn1/CONTCAR,0,0.280086637,1.412671328,0.009638867,4.088757515,0.134139195,4.911715508,0.098134205,12.73840904,3.070823669,0.09664394,0.177628145,6.811079979,-2.807495878,1.548877159,0.666136146,9.818815,2.0683424
./Ternary/a3c3d1/62/Ba3Ga1Sb3/CONTCAR,0,0.183024749,75.35825348,0.287027597,9.082963943,0.002956515,0.178952262,1.211047888,1.965587497,0.386188298,0.0008845,0.431532502,0.801285148,-3.917651939,1.516682259,0.570857591,6.197343,2.0700772
./Ternary/a6b10e2/14/Na10P6Si2/CONTCAR,0,0.036757894,41.89889526,0.694855094,4.868864059,0.000601777,0.002629836,0.789740264,27.5018425,4.22641468,0.000150956,4.213673592,1.120828509,-3.554107084,1.456242302,0.444306453,6.4050303,2.079439
./Ternary/a4c4e1/218/As4Ge1Sr4/CONTCAR,0,0.691495001,25.19367981,0.346015811,0.204975814,0.002618049,0.024831349,1.564542532,0.033970684,0.017728543,0.000742213,0.514642358,0.027767751,-4.316002645,1.412613017,0.485714248,5.7775617,2.0895221
./Ternary/a3c3d1/14/Ga1Sb3Sr3/CONTCAR,0,0.570351541,27.09335327,0.699635386,5.096879482,0.000850182,0.029958582,3.258835316,0.376375198,1.052649021,0.000174213,1.066433907,0.133785307,-3.785710556,1.451879594,0.537325747,5.967007,2.0903437
./Ternary/a2c1c1/139/Bi2Mn1Sr1/CONTCAR,0,0.153770909,20.18722725,1.994786024,0.166957438,0.000531151,0.001572608,2.546331644,0.216815904,0.119978316,0.000103252,2.413119793,0.119513504,-4.719261062,1.375620847,0.618064454,5.4668636,2.0969627
./Ternary/a18c21c4/12/Ca21Mn4Sb18/CONTCAR,0,0.362688094,5.037730217,2.432289362,0.860241711,0.000886065,0.010135371,1.54445827,0.347592711,0.040469613,0.000296211,1.759386539,0.208248481,-3.979554609,0.982477138,0.342525626,11.755593,2.1008582
./Ternary/a2c1c1/62/Ca1Mn1Sb2/CONTCAR,0,2.363751888,5.964214325,1.540655136,0.292466789,0.086568557,0.176517889,2.616847038,0.798428416,0.436681658,0.073899113,2.114116907,0.207235366,-4.907706572,1.550028212,0.698415622,12.156122,2.1154566
./Ternary/a3b1c4/123/As3Rb1Zn4/CONTCAR,0,0.301492155,0.829952776,0.01037131,8.120864868,0.075223751,8.904121399,0.106950924,9.18656826,2.957804203,0.05197623,0.137730315,2.826887846,-2.784329434,1.726345843,0.865636103,9.452226,2.12108
./Ternary/a1b1c1/129/Cd1K1Sb1/CONTCAR,0,0.123405263,0.122288927,0.00903173,7.182814598,0.049707711,8.278240204,0.077735543,6.103859901,5.045322895,0.02819589,0.136521816,11.10206223,-2.437676942,1.518961987,0.666184545,9.425395,2.1360097
./Ternary/a3b2d2/14/As3In2K2/CONTCAR,0,0.67483288,14.8506794,0.382828116,15.21593952,0.002078666,0.207246944,0.888399601,10.69267654,0.921280324,0.000707245,1.161456585,1.30917263,-3.510729247,1.528865396,0.648133601,7.263738,2.145971
./Ternary/a1b2c1/225/Cd1Li2Sb1/CONTCAR,0,0.171943635,0.12746726,0.013651494,3.32277298,0.238595858,4.644529343,0.03524014,16.02909851,1.893146396,0.158884168,0.053320102,11.22029972,-2.600863938,1.424975979,0.499989033,9.872428,2.1516743
./Binary/a7b3/14/Cs3Sb7/CONTCAR,0,0.737227201,51.84896851,0.224528879,24.71572876,0.002838208,1.087941051,8.55598259,1.107351542,9.584791183,0.000754731,1.017842293,0.476504028,-3.447782969,1.487389866,0.623321899,6.4965067,2.1647074
./Binary/a3c2/14/Sb3Sr2/CONTCAR,0,0.479733825,16.93771935,1.43712759,0.786746979,0.005157639,0.161202431,3.217634678,0.842800319,0.235246688,0.002899738,3.060513258,0.228216797,-3.953048161,1.500379131,0.566055074,5.171152,2.2038116
./Ternary/a2b2d1/14/As2Ga1K2/CONTCAR,0,0.459335506,23.10695076,0.132240549,10.80921268,0.000463132,0.3030231,0.692203939,2.62109375,3.090118647,0.000334482,0.799344957,0.701914966,-3.406534571,1.523120334,0.585213989,6.1222315,2.2581341
./Ternary/a3c3d1/62/Al1As3Ca3/CONTCAR,0,1.801357985,6.986654282,0.88225317,0.162573546,0.012157429,0.033428743,2.247326851,0.357430607,0.040055048,0.004359928,0.873190165,0.051057629,-4.451389801,1.338248822,0.483718417,12.187047,2.2715604
./Ternary/a3b2d2/14/Al2Na2Sb3/CONTCAR,0,4.428937912,28.88832664,3.852958679,20.37009621,0.003192994,0.069736339,1.827307224,14.53930283,0.954689443,0.003758248,3.349781036,2.308579922,-3.49653125,1.573123556,0.699239518,6.7800913,2.3091125
./Quaternary/a3b1b4e1/62/As3Ge1K1Na4/CONTCAR,0,0.604921341,8.160531044,0.431270182,6.367506504,0.027486546,1.961353779,0.763081193,19.43761253,2.803368568,0.023165651,2.340514421,5.535745621,-3.182330211,1.363695385,0.415760693,9.984188,2.3115497
./Ternary/a2b2d1/14/Ga1K2P2/CONTCAR,0,0.149241865,22.19324303,0.250648171,2.989694595,0.000454204,0.048775788,1.42094481,1.091408253,1.112877727,0.000131562,0.942604065,0.414111793,-3.679366319,1.503361912,0.579825145,5.726519,2.3256872
./Binary/a11b3/15/As11Cs3/CONTCAR,0,2.802864552,7.838796616,0.52909714,0.269994885,0.00055982,0.012018669,1.019020557,0.123567089,0.035993163,0.000123121,0.378847599,0.059496332,-4.145111683,1.375581066,0.574655417,12.365043,2.3351362
./Ternary/a6b10e2/14/As6Na10Si2/CONTCAR,0,0.129543424,23.87186241,0.261937469,10.9998579,0.00077095,0.008618448,0.952644527,29.23374176,15.46172333,0.000211845,2.553390503,1.833969116,-3.301347301,1.447042314,0.44317412,6.8744802,2.3445427
./Ternary/a9c4c9/55/Bi9Mn4Yb9/CONTCAR,0,1.3766222,8.746009827,4.694250584,2.359303474,0.022048058,0.081977941,1.575887084,1.070764542,2.013315916,0.022621989,4.786757946,0.218629599,-4.231232465,1.351666232,0.518539098,11.945749,2.346206
./Ternary/a2b2e1/72/K2P2Si1/CONTCAR,0,0.050693762,6.561283112,0.628916621,0.093925677,0.002732928,0.074820802,0.771467388,1.038095593,0.020605726,0.001262567,1.245968223,0.22702083,-4.176889189,1.551189306,0.587223113,11.752743,2.354373
./Binary/a7b3/61/As7Li3/CONTCAR,0,2.969056129,35.76059341,1.390279293,0.424665213,0.003316046,0.030462312,1.246071696,20.87462425,0.00367379,0.000885807,2.451490641,0.394757241,-4.125474598,1.50329862,0.578464163,6.2838354,2.355052
./Quaternary/a4b3c3d1/186/As4Ga1Na3Sr3/CONTCAR,0,0.304983854,7.192324638,0.13357532,1.427594066,0.000688031,0.086141936,0.339409143,3.461926699,0.118475951,0.000169319,0.451649129,0.51091069,-3.609591547,1.325405481,0.410302777,11.515076,2.5176542
./Ternary/a4b3d3/52/As4Ga3K3/CONTCAR,0,0.295782298,6.965514183,0.170984983,6.644960403,0.001699892,0.202518538,0.424113601,2.603812456,0.203870744,0.000819056,0.693277597,0.412166655,-3.567307804,1.379225639,0.57951033,10.728445,2.5253506
./Quaternary/a4b3c3d1/186/Al1Ca3Na3Sb4/CONTCAR,0,0.434268981,6.392946243,0.854457021,6.907421589,0.000467042,0.069698833,0.474590749,2.881136179,0.40133971,0.000514381,1.231328249,0.583430409,-3.451381957,1.323053288,0.424488656,10.916864,2.6325545
./Binary/a1b1/19/As1K1/CONTCAR,0,0.118483827,5.985024452,0.098505728,7.125257492,0.003149093,0.641237974,0.274758458,3.444625378,3.374436378,0.002701641,0.70660609,0.946683109,-3.336503668,1.45025377,0.482222956,10.201486,2.6722925
./Binary/a1b1/19/As1Rb1/CONTCAR,0,0.14709428,3.32730031,0.104323089,9.546609879,0.004706977,1.346551538,0.386083841,4.289483547,5.541511536,0.002772653,0.593184173,1.440731406,-3.240264613,1.435982856,0.477551039,9.669084,2.6844769
./Ternary/a5b6e3/59/As5K6Sn3/CONTCAR,0,1.355667114,26.18207932,0.985225797,29.65978622,0.002508706,0.039596893,1.09363687,15.57188129,7.666232586,0.000974757,2.997163534,2.346224785,-3.431519749,1.522332186,0.560831302,7.2258816,2.7764337
./Binary/a1b1/14/Na1Sb1/CONTCAR,0,0.113767214,3.102674007,0.361218035,8.587122917,0.001572582,0.299274296,0.31122911,5.965804577,14.42302895,0.001213348,1.614037395,1.310891032,-3.047384503,1.440573996,0.47944206,9.352334,2.9481647
./Ternary/a1b1c1/62/Cd1Na1Sb1/CONTCAR,0,0.035366189,0.014665077,0.017302439,16.41477203,0.006737081,4.953528404,0.077134363,6.777382374,13.05785751,0.003344458,0.120061822,10.81123257,-2.439314286,1.550678401,0.66383031,9.057768,3.0128086
./Ternary/a2b2d1/62/Ga1K2Sb2/CONTCAR,0,0.355711311,5.819197178,0.089972258,21.71902657,0.000392621,0.315973461,0.270772278,1.732692599,10.11536503,0.000175757,0.412332654,0.790233433,-3.120892167,1.365836879,0.539300281,8.707363,3.0568094
./Quaternary/a3b1c2c2/62/Cd2K1Sb3Sr2/CONTCAR,0,0.356081903,4.482943535,0.130882964,22.41482544,0.016965497,5.246163845,0.590163171,7.877080441,10.45163727,0.006904797,0.796235681,7.822554588,-3.025948596,1.463432424,0.594601853,8.653201,3.1345325
./Ternary/a4b2c5/63/Rb2Sb4Zn5/CONTCAR,0,0.026216282,0.017905282,0.013118198,23.55723381,0.001999363,1.261858225,0.020123113,7.410074234,13.07046318,0.000695982,0.213985264,2.966541767,-2.476658757,1.589519588,0.790782717,8.538256,3.3216784
./Ternary/a3b2d2/14/Cs2In2Sb3/CONTCAR,0,0.856036305,8.809925079,0.163138241,34.48476028,0.003395832,0.451428205,0.606250107,0.675388157,19.40387344,0.001062457,0.493219197,1.145484567,-3.164417559,1.469537125,0.64566555,7.9562106,3.3511517
./Quaternary/a3b1c2c2/62/Cd2K1Sb3Yb2/CONTCAR,0,0.22948049,1.09867692,0.142869547,33.35242081,0.019545721,5.981524944,0.706923962,9.781757355,19.82920837,0.009287968,0.76765579,8.390155792,-2.926320605,1.516306335,0.601017771,8.18411,3.4163673
./Binary/a1b1/189/As1Cs1/CONTCAR,0,0.554456234,3.314737797,0.018951233,11.28393269,0.000931934,0.156563997,0.486924112,1.244054079,25.07413673,0.000220646,0.203663677,0.278936177,-3.167080293,1.275016182,0.4245616,8.779508,3.516297
./Ternary/a6b4d4/14/In4K4Sb6/CONTCAR,0,0.537844896,8.881915092,0.31035012,33.31699371,0.002471688,0.561865091,1.195228577,8.755226135,21.67360497,0.000658195,1.360474348,1.588521361,-3.215194049,1.506991278,0.660026964,8.214399,3.5725393
./Quaternary/a6b2b8e2/14/K2Na8Sb6Sn2/CONTCAR,0,0.1662402,0.990260482,0.221253291,22.79940796,0.000474719,0.215072423,0.418289065,4.620754242,30.07318687,0.000195424,1.170382023,2.096031904,-2.901750272,1.278581138,0.395517569,8.196593,3.5991518
./Ternary/a3b2d2/14/In2Rb2Sb3/CONTCAR,0,0.717927635,6.573078632,0.304074228,39.80253983,0.002745974,0.417803198,0.788636804,5.222520351,25.71695709,0.000746057,1.035363913,1.587457418,-3.176372994,1.503868596,0.658446057,7.8336406,3.6541743
./Ternary/a1c64e32/221/Bi1Mg64Si32/CONTCAR,0,2.92E-05,53.70475388,0.000142547,1103.228027,0.001130863,0.002450562,18.42226791,400.3908081,1.706277251,0.00024862,0.001457601,160.8503723,-2.974273873,1.511958644,0.340206127,7.540891,3.6919088
./Quaternary/a4b3b6d1/194/Al1K6Na3Sb4/CONTCAR,0,0.286162555,0.396261692,0.066267096,46.75579834,0.001654624,0.260728478,0.166485637,6.641123772,40.12748337,0.001464935,0.286883742,2.695189953,-2.647659451,1.21315704,0.338740413,7.7833123,3.704471
./Binary/a1b1/14/Cs1Sb1/CONTCAR,0,18.59991264,12.03619576,81.97966766,578.3845215,16.75014687,0.300623149,0.065810584,29.8516407,46.73360825,0.000531372,38.44909668,13.26306343,-2.948464383,1.419999447,0.5,7.574394,3.714288
./Ternary/a6b10e2/14/K10Sb6Sn2/CONTCAR,0,0.245922744,2.347017527,0.042171832,24.20274925,0.000598099,1.055938601,0.356716186,5.815556526,35.97622299,0.000163373,0.416010112,1.142554998,-2.853871438,1.24344437,0.397539395,8.357725,3.7543912
./Binary/a2b4/62/Cs4Sb2/CONTCAR,0,39.45676041,3.74887228,60.3646965,823.9597778,3.010304213,3.278363228,0.006192155,46.0272789,43.67695999,0.004354685,0.09442579,40.2893486,-2.35006171,1.21,0.333333333,7.490921,3.904958
./Ternary/a4b8e1/227/Na8Sb4Sn1/CONTCAR,0,0.041204706,0.960088134,0.078698903,29.70215988,0.001681676,0.183988184,0.181214228,10.09164047,41.75204849,0.001943198,1.343971372,2.659567595,-2.771700371,1.334590106,0.377716211,8.293156,3.9278517
./Ternary/a6b9d3/14/Bi6In3Na9/CONTCAR,0,0.372514397,4.9534235,0.19350192,77.12796021,0.001022362,0.453371942,1.031061172,6.721330166,141.3459473,0.000390887,1.906400442,4.825315475,-2.773204627,1.396483,0.482906784,7.8768578,3.9802225
./Ternary/a5b11c2/2/Cd2K11Sb5/CONTCAR,0,0.042485904,0.043170195,0.004293165,41.96073532,0.000468351,10.25316715,0.082146212,11.90189266,70.81469727,0.000109067,0.143064678,4.521147251,-2.359958436,1.2241637,0.373576631,7.99964,4.0044456
./Binary/a10c13/2/Sb10Zn13/CONTCAR,0,0.084849477,0.073230706,0.019163657,69.18670654,0.001213941,0.511871874,0.157554612,36.58917618,67.76515961,0.000269121,0.623512447,2.510298729,-2.5203288,1.707758497,0.403913716,7.889318,4.069867