epoch,lr,train_loss,val_loss
0,0.0010000000474974513,2.821902275085449,312.80401611328125
1,0.0010000000474974513,7.611412048339844,20.34010887145996
2,0.0010000000474974513,1.2139097452163696,53.49158477783203
3,0.0010000000474974513,0.9743850231170654,89.8620834350586
4,0.0010000000474974513,1.6184951066970825,92.48757934570312
5,0.0010000000474974513,0.2031080424785614,42.06175231933594
6,0.0010000000474974513,0.16031669080257416,43.67766189575195
7,0.0010000000474974513,0.20883074402809143,21.633852005004883
8,0.0010000000474974513,0.18115349113941193,15.465685844421387
9,0.0010000000474974513,1.121027946472168,27.329797744750977
10,0.0010000000474974513,0.16545504331588745,23.932727813720703
11,0.0010000000474974513,1.3364461660385132,23.40438461303711
12,0.0010000000474974513,0.18811750411987305,34.90950393676758
13,0.0010000000474974513,0.4441286325454712,18.34166145324707
14,0.0010000000474974513,0.1381007879972458,15.494951248168945
15,0.0010000000474974513,0.8931042551994324,20.608108520507812
16,0.0010000000474974513,0.2019066959619522,14.393450736999512
17,0.0010000000474974513,0.36765968799591064,28.179950714111328
