mpid,formation
mp-862613,-0.214009104
mp-19844,-0.213988497
mp-23918,-0.213962825
mp-38238,-0.213865965
mp-12872,-0.213726909
mp-29720,-0.21350911
mp-570197,-0.213479127
mp-973682,-0.213472199
mp-862719,-0.213459978
mp-2500,-0.213427948
mp-20362,-0.21337183
mp-568925,-0.213230864
mp-570430,-0.213161054
mp-2375,-0.213158997
mp-30169,-0.213117968
mp-571557,-0.213096703
mp-2850,-0.213001596
mp-997033,-0.212906784
mp-21518,-0.212537488
mp-542728,-0.212341923
mp-17974,-0.212207337
mp-1018085,-0.212138985
mp-676430,-0.212105675
mp-1084,-0.211979164
mp-976867,-0.211931998
mp-672374,-0.211664506
mp-10692,-0.211654865
mp-693,-0.211645047
mp-975921,-0.21148715
mp-972121,-0.211347215
mp-570578,-0.21133414
mp-30970,-0.211328771
mp-614455,-0.211288525
mp-570266,-0.211242475
mp-680604,-0.211180983
mp-1533,-0.211166298
mp-8772,-0.211146092
mp-989575,-0.211117144
mp-1490,-0.210942429
mp-675301,-0.210936896
mp-12087,-0.210899484
mp-866128,-0.210712427
mp-30619,-0.210712366
mp-24723,-0.210636853
mp-976355,-0.210536357
mp-569581,-0.210498587
mp-1009079,-0.210440155
mp-5439,-0.210439975
mp-22344,-0.21022797
mp-542316,-0.210135381
mp-10049,-0.210122193
mp-7248,-0.2100988
mp-4524,-0.209972449
mp-11527,-0.209917859
mp-22792,-0.209754909
mp-1018074,-0.209465927
mp-30738,-0.209250513
mp-20012,-0.2090534
mp-5710,-0.208993201
mp-983590,-0.208990451
mp-13463,-0.20892912
mp-12724,-0.208817195
mp-973841,-0.208774771
mp-861913,-0.208763498
mp-988940,-0.208728277
mp-864985,-0.208691672
mp-685969,-0.208611549
mp-30715,-0.208498826
mp-865214,-0.208482457
mp-998947,-0.20832563
mp-862288,-0.208310242
mp-2863,-0.208279614
mp-24341,-0.208212073
mp-21670,-0.208204718
mp-983556,-0.208143118
mp-593,-0.20809133
mp-862493,-0.208090628
mp-30747,-0.208088958
mp-1017987,-0.207861554
mp-30608,-0.207629312
mp-20757,-0.207619544
mp-570637,-0.20755922
mp-7897,-0.207519302
mp-20365,-0.207502021
mp-976365,-0.207435392
mp-27554,-0.207428979
mp-7473,-0.207402526
mp-861875,-0.207252155
mp-985471,-0.207001979
mp-673655,-0.206920974
mp-569335,-0.206799169
mp-20202,-0.206764221
mp-684641,-0.206693443
mp-974634,-0.206690552
mp-567905,-0.206632541
mp-973101,-0.206602151
mp-863250,-0.206568898
mp-1004756,-0.206226795
mp-862736,-0.206199954
