mp-693892,-5.784844984
mp-779792,-2.318239282
mp-767467,-1.978315739
mp-998227,-2.947423708
mp-646297,-0.919742006
mp-27228,-1.905314271
mp-21852,-1.354953987
mp-770332,-1.898701159
mp-773269,-2.341794773
mp-767992,-1.402850593
mp-17389,-1.619966087
mp-972088,-0.125141748
mp-862373,-1.531134442
mp-776001,-2.477991614
mp-849341,-2.435831224
mp-865299,-0.718399099
mp-504476,-1.859359905
mp-758004,-2.965657363
mp-867625,-2.324697764
mp-18997,-2.633738879
mp-4583,-0.122258879
mp-849457,-1.937505494
mp-20258,-0.415886452
mp-771095,-1.889329389
mp-16764,-1.60227632
mp-5450,-3.661872183
mp-15790,-2.10189516
mp-779739,-2.53310859
mp-745140,-1.544411031
mp-561424,-3.653331614
mp-779361,-2.920013799
mp-28549,-2.435039455
mp-762651,-2.542027841
mp-695963,-1.37818848
mp-776203,-2.246983275
mp-704536,-2.372044297
mp-764701,-2.038509286
mp-9277,-1.443231947
mp-763048,-3.023531642
mp-768357,-3.485564539
mp-10105,-0.802172747
mp-2062,-0.614854558
mp-977218,-0.009008877
mp-31369,-3.262042609
mp-768388,-3.411311127
mp-2895,-3.22175198
mp-8697,-3.436941157
mp-976868,-1.133134959
mp-769289,-2.39778654
mp-558310,-2.982802684
mp-767923,-2.310243289
mp-767325,-2.153333837
mp-21710,-0.722271588
mp-16742,-2.186567367
mp-972224,-0.539908102
mp-705430,-1.710803575
mp-11185,-0.870735148
mp-8869,-2.952156282
mp-9415,-0.934344239
mp-16859,-0.475883396
mp-780508,-1.723228992
mp-767737,-1.221471153
mp-19426,-2.726062654
mp-694884,-1.289664932
mp-540949,-3.263764344
mp-766196,-2.48602356
mp-775792,-2.894106271
mp-778638,-2.182377742
mp-569613,-0.876145892
mp-19522,-2.384096141
mp-568295,-1.416680308
mp-36641,-0.589828323
mp-567377,-0.220007648
mp-14398,-2.837426864
mp-20176,-0.278118237
mp-631552,0.933682915
mp-22563,-2.369805078
mp-2783,-0.532798588
mp-559770,-3.327852275
mp-558046,-3.021348356
mp-557154,-2.210699254
mp-3203,-3.678059007
mp-559459,-1.209688093
mp-31498,-0.749076852
mp-21157,-0.814908109
mp-756365,-3.620410851
mp-2670,-0.171980756
mp-777895,-2.194405264
mp-865486,-0.21965784
mp-761409,-2.504233789
mp-29577,-0.857793478
mp-28324,-0.808263445
mp-31916,-2.56314427
mp-853184,-2.427760809
mp-989516,-1.374840866
mp-7210,-2.241527818
mp-766504,-2.13161661
mp-762184,-1.872566844
mp-764459,-2.310747089
mp-640898,-0.080630068
mp-772355,-1.376834825