epoch,train_mae,train_mse,train_rmse,val_mae,val_mse,val_rmse:,val_total
0,0.6625798344612122,0.7103231549263,0.8428066968917847,0.5248428583145142,0.4469541311264038,0.6685462594032288,0.4469541311264038
1,0.5215668678283691,0.46150821447372437,0.6793439388275146,0.5271761417388916,0.43547627329826355,0.659906268119812,0.43547627329826355
2,0.4878428280353546,0.44811198115348816,0.6694116592407227,0.5437414646148682,0.5048784017562866,0.7105479836463928,0.5048784017562866
3,0.4130462110042572,0.29877758026123047,0.5466055274009705,0.414371132850647,0.27987784147262573,0.5290347933769226,0.27987784147262573
4,0.38171228766441345,0.2750271260738373,0.5244302749633789,0.4048484265804291,0.27108433842658997,0.5206575989723206,0.27108433842658997
5,0.41323208808898926,0.32575076818466187,0.5707458257675171,0.4355955719947815,0.297576904296875,0.5455061197280884,0.297576904296875
6,0.3494536876678467,0.2424107789993286,0.49235227704048157,0.3712760806083679,0.2556968331336975,0.5056647658348083,0.2556968331336975
7,0.3033127784729004,0.17968516051769257,0.4238928556442261,0.35035455226898193,0.20163074135780334,0.44903311133384705,0.20163074135780334
8,0.2959141433238983,0.15722808241844177,0.3965199589729309,0.33071666955947876,0.1838684380054474,0.4287988245487213,0.1838684380054474
9,0.28564953804016113,0.13948893547058105,0.3734821677207947,0.2937051057815552,0.1355062574148178,0.3681117594242096,0.1355062574148178
10,0.25280654430389404,0.1241179034113884,0.35230371356010437,0.25694403052330017,0.11292574554681778,0.3360442519187927,0.11292574554681778
11,0.278744637966156,0.15006974339485168,0.38738834857940674,0.292792409658432,0.14879778027534485,0.3857431411743164,0.14879778027534485
12,0.23125521838665009,0.09586049616336823,0.3096134662628174,0.23550982773303986,0.0879577174782753,0.2965766489505768,0.0879577174782753
13,0.23093414306640625,0.10277793556451797,0.32058998942375183,0.23659385740756989,0.09642986208200455,0.3105315864086151,0.09642986208200455
14,0.21335363388061523,0.08349282294511795,0.28895124793052673,0.22189030051231384,0.08118169009685516,0.2849240005016327,0.08118169009685516
15,0.26160693168640137,0.1064838394522667,0.326318621635437,0.2752065360546112,0.11307442933320999,0.3362654149532318,0.11307442933320999
16,0.2323150932788849,0.09409597516059875,0.30675068497657776,0.2694258391857147,0.11483753472566605,0.338876873254776,0.11483753472566605
17,0.20947927236557007,0.07650424540042877,0.27659401297569275,0.23174738883972168,0.09310200810432434,0.30512621998786926,0.09310200810432434
18,0.2787928879261017,0.11436103284358978,0.3381730914115906,0.25844788551330566,0.10074209421873093,0.31739896535873413,0.10074209421873093
19,0.2519060969352722,0.09391862899065018,0.3064614534378052,0.2605721354484558,0.10238102078437805,0.31997033953666687,0.10238102078437805
20,0.19793857634067535,0.0654599592089653,0.2558514475822449,0.22244276106357574,0.07742944359779358,0.2782614529132843,0.07742944359779358
21,0.19613267481327057,0.06307880580425262,0.25115492939949036,0.19422174990177155,0.06228546425700188,0.2495705634355545,0.06228546425700188
22,0.17657896876335144,0.05459579825401306,0.23365743458271027,0.20864322781562805,0.07199885696172714,0.2683260142803192,0.07199885696172714
23,0.15559905767440796,0.04478585720062256,0.21162669360637665,0.18089020252227783,0.056383706629276276,0.23745253682136536,0.056383706629276276
24,0.15139330923557281,0.038757603615522385,0.19686950743198395,0.1568392962217331,0.03951822221279144,0.19879190623760223,0.03951822221279144
25,0.18790115416049957,0.06040289252996445,0.24576999247074127,0.1898801177740097,0.056938957422971725,0.2386188507080078,0.056938957422971725
26,0.16259270906448364,0.04230685159564018,0.2056863009929657,0.17626315355300903,0.053390394896268845,0.2310636192560196,0.053390394896268845
27,0.16951969265937805,0.047038733959198,0.21688415110111237,0.18377161026000977,0.05202506110072136,0.22809003293514252,0.05202506110072136
28,0.14868029952049255,0.04029703512787819,0.2007412165403366,0.15882498025894165,0.04494128003716469,0.21199358999729156,0.04494128003716469
29,0.24719546735286713,0.08257710933685303,0.28736233711242676,0.2646474242210388,0.09687651693820953,0.3112499415874481,0.09687651693820953
30,0.18456824123859406,0.05365460366010666,0.23163463175296783,0.20038250088691711,0.06130383536219597,0.2475961148738861,0.06130383536219597
31,0.15306945145130157,0.04247473552823067,0.20609399676322937,0.1816064566373825,0.06036434322595596,0.24569156765937805,0.06036434322595596
32,0.13644461333751678,0.03413984552025795,0.18476970493793488,0.14623390138149261,0.04022177681326866,0.20055367052555084,0.04022177681326866
33,0.17357617616653442,0.04793017730116844,0.21892961859703064,0.18695202469825745,0.055488985031843185,0.23556099832057953,0.055488985031843185
34,0.1593029946088791,0.04046287387609482,0.20115385949611664,0.16342774033546448,0.044877324253320694,0.21184268593788147,0.044877324253320694
35,0.20757563412189484,0.06298384070396423,0.25096580386161804,0.2244633436203003,0.06873147934675217,0.2621668875217438,0.06873147934675217
36,0.1151789128780365,0.02491021156311035,0.15782968699932098,0.11521299928426743,0.024064695462584496,0.15512800216674805,0.024064695462584496
37,0.20265544950962067,0.058262985199689865,0.24137726426124573,0.2248452603816986,0.06815093010663986,0.2610573172569275,0.06815093010663986
38,0.12071168422698975,0.025129463523626328,0.15852275490760803,0.1212245374917984,0.0244111567735672,0.15624070167541504,0.0244111567735672
39,0.14013880491256714,0.032461926341056824,0.180171936750412,0.15611733496189117,0.03983483463525772,0.1995866596698761,0.03983483463525772
40,0.13537059724330902,0.035229697823524475,0.18769575655460358,0.1396474689245224,0.035589803010225296,0.18865260481834412,0.035589803010225296
41,0.11156106740236282,0.021834755316376686,0.1477658748626709,0.11490874737501144,0.022440480068325996,0.14980146288871765,0.022440480068325996
42,0.12873907387256622,0.030885647982358932,0.17574313282966614,0.11792272329330444,0.026144638657569885,0.1616930365562439,0.026144638657569885
43,0.13297300040721893,0.02990933135151863,0.1729431450366974,0.14113862812519073,0.03350365161895752,0.18304002285003662,0.03350365161895752
44,0.11052186787128448,0.022327685728669167,0.1494245082139969,0.12944620847702026,0.03067091293632984,0.17513112723827362,0.03067091293632984
45,0.1547839343547821,0.03509587422013283,0.1873389333486557,0.18322612345218658,0.050982654094696045,0.22579339146614075,0.050982654094696045
46,0.14502745866775513,0.03370780125260353,0.18359684944152832,0.15038932859897614,0.03643437847495079,0.19087791442871094,0.03643437847495079
47,0.15953508019447327,0.036106426268815994,0.19001691043376923,0.18905462324619293,0.047160688787698746,0.21716511249542236,0.047160688787698746
48,0.18687742948532104,0.051518820226192474,0.22697757184505463,0.1983409821987152,0.051831234246492386,0.2276647388935089,0.051831234246492386
49,0.12360858172178268,0.026727179065346718,0.16348449885845184,0.13083374500274658,0.0269485916942358,0.16416026651859283,0.0269485916942358
50,0.12754249572753906,0.026604129001498222,0.1631077229976654,0.12859341502189636,0.029056377708911896,0.1704593151807785,0.029056377708911896
51,0.1573760062456131,0.036038752645254135,0.18983875215053558,0.17607390880584717,0.04356629028916359,0.20872539281845093,0.04356629028916359
52,0.10209831595420837,0.02030341327190399,0.14249004423618317,0.10350136458873749,0.0247344970703125,0.15727204084396362,0.0247344970703125
53,0.09871367365121841,0.017785854637622833,0.13336361944675446,0.11022499203681946,0.01997258886694908,0.14132441580295563,0.01997258886694908
54,0.09200599044561386,0.015688234940171242,0.12525267899036407,0.11558420211076736,0.02109353430569172,0.14523613452911377,0.02109353430569172
55,0.08738565444946289,0.014785440638661385,0.12159539759159088,0.09132435917854309,0.012963373214006424,0.11385680735111237,0.012963373214006424
56,0.08432026952505112,0.012751154601573944,0.11292100697755814,0.08406414836645126,0.01298188604414463,0.11393807828426361,0.01298188604414463
57,0.11140182614326477,0.02010156773030758,0.14178000390529633,0.10476895421743393,0.017746534198522568,0.13321611285209656,0.017746534198522568
58,0.11980975419282913,0.022878695279359818,0.15125705301761627,0.13133245706558228,0.026234084740281105,0.161969393491745,0.026234084740281105
59,0.10761468857526779,0.018793148919939995,0.1370881050825119,0.12360870093107224,0.023408658802509308,0.1529988795518875,0.023408658802509308
60,0.08151770383119583,0.01208456140011549,0.10992980003356934,0.08949774503707886,0.01213087234646082,0.11014024168252945,0.01213087234646082
61,0.0847877562046051,0.013922132551670074,0.1179920881986618,0.08886383473873138,0.013470740988850594,0.11606352031230927,0.013470740988850594
62,0.08354363590478897,0.012675337493419647,0.11258479952812195,0.07915596663951874,0.010728942230343819,0.10358060896396637,0.010728942230343819
63,0.08170989900827408,0.012142806313931942,0.11019439995288849,0.08384455740451813,0.011788875795900822,0.10857658833265305,0.011788875795900822
64,0.0853905975818634,0.012899654917418957,0.11357665061950684,0.09886640310287476,0.015971221029758453,0.12637729942798615,0.015971221029758453
65,0.09674685448408127,0.01737428456544876,0.13181154429912567,0.10107208788394928,0.01684359461069107,0.12978287041187286,0.01684359461069107
66,0.09722750633955002,0.01669406145811081,0.12920549511909485,0.11230575293302536,0.01850264146924019,0.13602441549301147,0.01850264146924019
67,0.09368504583835602,0.017792988568544388,0.1333903670310974,0.08732204139232635,0.01303899846971035,0.11418843269348145,0.01303899846971035
68,0.09370140731334686,0.015734486281871796,0.1254371851682663,0.09749084711074829,0.015216590836644173,0.12335554510354996,0.015216590836644173
69,0.14920735359191895,0.03149402141571045,0.1774655431509018,0.18957440555095673,0.04759738966822624,0.2181682586669922,0.04759738966822624
70,0.08357195556163788,0.012148573994636536,0.11022056639194489,0.08874908089637756,0.012044490315020084,0.10974739491939545,0.012044490315020084
71,0.08984072506427765,0.01376836746931076,0.11733868718147278,0.1042775958776474,0.015891481190919876,0.12606142461299896,0.015891481190919876
72,0.09184693545103073,0.015123873949050903,0.12297916412353516,0.10274600982666016,0.01614445447921753,0.12706083059310913,0.01614445447921753
73,0.08204403519630432,0.011682278476655483,0.10808458924293518,0.08405756205320358,0.011445945128798485,0.10698572546243668,0.011445945128798485
74,0.09342412650585175,0.013894828967750072,0.1178763285279274,0.09674804657697678,0.014157427474856377,0.11898498982191086,0.014157427474856377
75,0.06894295662641525,0.009010709822177887,0.09492475539445877,0.06671150773763657,0.007249290123581886,0.08514276146888733,0.007249290123581886
76,0.08947727084159851,0.015044468455016613,0.12265589088201523,0.07691272348165512,0.010517226532101631,0.10255353152751923,0.010517226532101631
77,0.16357915103435516,0.03667796403169632,0.19151492416858673,0.17468348145484924,0.040650371462106705,0.20161937177181244,0.040650371462106705
78,0.08212705701589584,0.011889992281794548,0.1090412437915802,0.0952863097190857,0.013814215548336506,0.11753389239311218,0.013814215548336506
79,0.09053388983011246,0.014104491099715233,0.11876232922077179,0.08764111995697021,0.011775784194469452,0.10851628333330154,0.011775784194469452
80,0.07630112022161484,0.01108675915747881,0.10529368370771408,0.0732274204492569,0.008503355085849762,0.09221363812685013,0.008503355085849762
81,0.06277397274971008,0.007525798864662647,0.08675136417150497,0.06260651350021362,0.006593097001314163,0.08119788765907288,0.006593097001314163
82,0.103871650993824,0.022528650239109993,0.15009547770023346,0.10629970580339432,0.016686704009771347,0.1291770190000534,0.016686704009771347
83,0.07628053426742554,0.011335446499288082,0.10646805167198181,0.07637111097574234,0.009276941418647766,0.0963168814778328,0.009276941418647766
84,0.057806577533483505,0.006713763810694218,0.08193755894899368,0.06503072381019592,0.007311016786843538,0.08550448715686798,0.007311016786843538
85,0.10366979241371155,0.01656278222799301,0.128696471452713,0.12041183561086655,0.020977512001991272,0.1448361575603485,0.020977512001991272
86,0.060490965843200684,0.007051396649330854,0.08397259563207626,0.055266790091991425,0.005124946590512991,0.07158873230218887,0.005124946590512991
87,0.06873177736997604,0.008502489887177944,0.09220894426107407,0.06791586428880692,0.007639857474714518,0.08740627765655518,0.007639857474714518
88,0.08911902457475662,0.012908468022942543,0.11361543834209442,0.08812558650970459,0.011143259704113007,0.10556163638830185,0.011143259704113007
89,0.09773508459329605,0.014192075468599796,0.11913049966096878,0.08708475530147552,0.012334665283560753,0.11106153577566147,0.012334665283560753
90,0.08772878348827362,0.012279641814529896,0.11081354320049286,0.08116158097982407,0.01200813241302967,0.10958162695169449,0.01200813241302967
91,0.06133532151579857,0.007750088348984718,0.08803458511829376,0.056676942855119705,0.005432778038084507,0.07370737940073013,0.005432778038084507
92,0.06101137027144432,0.0077858478762209415,0.0882374495267868,0.054967351257801056,0.0052291518077254295,0.07231287658214569,0.0052291518077254295
93,0.0588202029466629,0.006404130719602108,0.080025814473629,0.06254705041646957,0.0060292924754321575,0.07764852046966553,0.0060292924754321575
94,0.07231405377388,0.00977343786507845,0.09886069595813751,0.06964029371738434,0.007451358251273632,0.08632124960422516,0.007451358251273632
95,0.11124971508979797,0.01779634691774845,0.13340294361114502,0.1425507664680481,0.02719375677406788,0.16490529477596283,0.02719375677406788
96,0.07708058506250381,0.010068590752780437,0.10034237056970596,0.07295051217079163,0.00871485099196434,0.09335336834192276,0.00871485099196434
97,0.07694469392299652,0.01088518276810646,0.1043320819735527,0.0768912136554718,0.009675350971519947,0.09836336225271225,0.009675350971519947
98,0.061938486993312836,0.008020726963877678,0.08955851197242737,0.06013961508870125,0.0072798593901097775,0.08532208949327469,0.0072798593901097775
99,0.059854473918676376,0.006116907577961683,0.07821065932512283,0.08280379325151443,0.010077955201268196,0.1003890186548233,0.010077955201268196
100,0.09181681275367737,0.01437388826161623,0.11989115178585052,0.0796680599451065,0.010409192182123661,0.10202544927597046,0.010409192182123661
101,0.07271362096071243,0.009881128557026386,0.09940386563539505,0.0831490010023117,0.01075926423072815,0.10372687131166458,0.01075926423072815
102,0.07925236225128174,0.009944885969161987,0.09972404688596725,0.08409954607486725,0.010292801074683666,0.10145344585180283,0.010292801074683666
103,0.07857023179531097,0.009385555982589722,0.09687907993793488,0.07752501219511032,0.008852486498653889,0.09408765286207199,0.008852486498653889
104,0.06310094147920609,0.007716721389442682,0.08784487098455429,0.06402377784252167,0.006425037048757076,0.08015632629394531,0.006425037048757076
105,0.059227775782346725,0.006418259814381599,0.08011404424905777,0.05699211731553078,0.006041812710464001,0.07772909849882126,0.006041812710464001
106,0.11654769629240036,0.01781492866575718,0.13347257673740387,0.11911552399396896,0.017687033861875534,0.13299261033535004,0.017687033861875534
107,0.06413684785366058,0.00666774483397603,0.08165626227855682,0.08946482092142105,0.011669827625155449,0.10802697390317917,0.011669827625155449
108,0.05307161435484886,0.005038596224039793,0.07098306715488434,0.06295596063137054,0.006690197624266148,0.08179362863302231,0.006690197624266148
109,0.07340772449970245,0.008637196384370327,0.09293651580810547,0.067193903028965,0.007679481990635395,0.08763265609741211,0.007679481990635395
110,0.05642145499587059,0.005721111316233873,0.07563802599906921,0.05870095267891884,0.005936802830547094,0.07705064862966537,0.005936802830547094
111,0.05494716763496399,0.005640637595206499,0.07510417699813843,0.052158109843730927,0.005083056166768074,0.07129555195569992,0.005083056166768074
112,0.05216240510344505,0.005077390931546688,0.07125581055879593,0.06464259326457977,0.006929337978363037,0.08324264734983444,0.006929337978363037
113,0.05172107741236687,0.0048820641823112965,0.06987176835536957,0.052126992493867874,0.005164393223822117,0.07186371088027954,0.005164393223822117
114,0.11678468436002731,0.019784510135650635,0.1406574249267578,0.11180154979228973,0.01676288992166519,0.1294715851545334,0.01676288992166519
115,0.05726993456482887,0.00584420096129179,0.07644737511873245,0.06503255665302277,0.007394549436867237,0.08599156886339188,0.007394549436867237
116,0.061573274433612823,0.008562220260500908,0.09253226965665817,0.07198738306760788,0.010346482507884502,0.10171765834093094,0.010346482507884502
117,0.12002332508563995,0.01980459876358509,0.14072881639003754,0.13485132157802582,0.023404648527503014,0.15298578143119812,0.023404648527503014
118,0.059912558645009995,0.006358716636896133,0.07974155992269516,0.06849290430545807,0.007854629307985306,0.08862634748220444,0.007854629307985306
119,0.08761687576770782,0.012245440855622292,0.11065912246704102,0.10561909526586533,0.017452584579586983,0.13210822641849518,0.017452584579586983
120,0.062102414667606354,0.007216107100248337,0.08494767546653748,0.06461931020021439,0.0075890240259468555,0.08711500465869904,0.0075890240259468555
121,0.08722671121358871,0.009887752123177052,0.0994371771812439,0.09425336122512817,0.011685250326991081,0.1080983355641365,0.011685250326991081
122,0.06300270557403564,0.007370396982878447,0.08585101366043091,0.06935004889965057,0.007678359281271696,0.08762624859809875,0.007678359281271696
123,0.05342693626880646,0.004754251334816217,0.0689510777592659,0.06244007498025894,0.006675300188362598,0.08170250803232193,0.006675300188362598
124,0.07313980162143707,0.009275689721107483,0.09631038457155228,0.08661549538373947,0.01035058218985796,0.10173781216144562,0.01035058218985796
125,0.10291276127099991,0.014549254439771175,0.12062028795480728,0.12553521990776062,0.020987462252378464,0.14487050473690033,0.020987462252378464
126,0.041807081550359726,0.003584246151149273,0.059868574142456055,0.050448063760995865,0.004852771293371916,0.06966183334589005,0.004852771293371916
127,0.05026588216423988,0.004899166990071535,0.06999404728412628,0.05985626205801964,0.006709358189254999,0.08191066980361938,0.006709358189254999
128,0.05646809563040733,0.006009309086948633,0.0775197371840477,0.06185602396726608,0.0065003312192857265,0.08062463253736496,0.0065003312192857265
129,0.052558042109012604,0.005385033320635557,0.07338278740644455,0.06054387986660004,0.006661310791969299,0.0816168561577797,0.006661310791969299
130,0.08032909780740738,0.009650778956711292,0.09823837876319885,0.09680920839309692,0.012837168760597706,0.11330123245716095,0.012837168760597706
131,0.1383892446756363,0.024860788136720657,0.15767304599285126,0.13989786803722382,0.024513963609933853,0.15656936168670654,0.024513963609933853
132,0.049810104072093964,0.005305909551680088,0.07284167408943176,0.04904074966907501,0.004634409677237272,0.06807649880647659,0.004634409677237272
133,0.04149478301405907,0.0033336335327476263,0.057737626135349274,0.04485087841749191,0.0034768031910061836,0.05896442383527756,0.0034768031910061836
134,0.054160602390766144,0.0048437402583658695,0.06959698349237442,0.055546049028635025,0.005025402642786503,0.07089007645845413,0.005025402642786503
135,0.10778017342090607,0.014455169439315796,0.12022965401411057,0.10442429780960083,0.014006885699927807,0.11835069209337234,0.014006885699927807
136,0.046584609895944595,0.004681653343141079,0.06842260807752609,0.04893695190548897,0.004471182823181152,0.0668669044971466,0.004471182823181152
137,0.12504519522190094,0.019081346690654755,0.13813525438308716,0.13141675293445587,0.021044405177235603,0.14506690204143524,0.021044405177235603
138,0.06405139714479446,0.007600671146064997,0.08718182891607285,0.06957550346851349,0.007583637721836567,0.0870840847492218,0.007583637721836567
139,0.051498331129550934,0.00526443962007761,0.07255645841360092,0.047848571091890335,0.004362379666417837,0.06604831665754318,0.004362379666417837
140,0.04265620931982994,0.003786155255511403,0.06153174117207527,0.052223414182662964,0.005110787693411112,0.07148977369070053,0.005110787693411112
141,0.043059106916189194,0.0033398764207959175,0.05779166519641876,0.043697379529476166,0.0034255406353622675,0.0585281178355217,0.0034255406353622675
142,0.05114724487066269,0.004570236895233393,0.06760352849960327,0.05588655546307564,0.005424779839813709,0.07365310192108154,0.005424779839813709
143,0.04336147382855415,0.003598608775064349,0.05998840555548668,0.06035914272069931,0.006420953664928675,0.08013085275888443,0.006420953664928675
144,0.052712514996528625,0.004812838509678841,0.06937462091445923,0.05570978671312332,0.004751590546220541,0.06893178075551987,0.004751590546220541
145,0.11729039996862411,0.01870107837021351,0.13675189018249512,0.14052611589431763,0.024908974766731262,0.157825767993927,0.024908974766731262
146,0.048155881464481354,0.006825123447924852,0.08261430263519287,0.056853991001844406,0.005957965273410082,0.07718785852193832,0.005957965273410082
147,0.04734376072883606,0.004963688552379608,0.0704534500837326,0.051521457731723785,0.0051687597297132015,0.0718940868973732,0.0051687597297132015
148,0.04634477570652962,0.004908718168735504,0.07006224244832993,0.053550250828266144,0.005121578928083181,0.07156521081924438,0.005121578928083181
149,0.048396266996860504,0.004365877248346806,0.06607478857040405,0.04820678383111954,0.0039974600076675415,0.06322547048330307,0.0039974600076675415
150,0.1188620999455452,0.019251057878136635,0.1387481838464737,0.12793099880218506,0.02366027794778347,0.1538189798593521,0.02366027794778347
151,0.06469294428825378,0.005997463595122099,0.07744329422712326,0.06023554503917694,0.0051740319468081,0.07193074375391006,0.0051740319468081
152,0.07310903817415237,0.007212940603494644,0.08492903411388397,0.07329099625349045,0.007577193435281515,0.08704707771539688,0.007577193435281515
153,0.045862533152103424,0.003942194394767284,0.06278689950704575,0.05436023324728012,0.005142016801983118,0.07170785963535309,0.005142016801983118
154,0.04158536717295647,0.0039456388913095,0.06281431764364243,0.0474538691341877,0.0050508007407188416,0.07106898725032806,0.0050508007407188416
155,0.06714168190956116,0.007043952122330666,0.08392825722694397,0.0714096650481224,0.008168901316821575,0.09038197249174118,0.008168901316821575
156,0.04328908771276474,0.0034629327710717916,0.05884668976068497,0.04559385031461716,0.004096328280866146,0.06400256603956223,0.004096328280866146
157,0.04795193672180176,0.004077283665537834,0.06385361403226852,0.05936088413000107,0.006502075586467981,0.0806354507803917,0.006502075586467981
158,0.04374351724982262,0.0034489831887185574,0.058728042989969254,0.05609216168522835,0.005705110263079405,0.07553218305110931,0.005705110263079405
159,0.03973706439137459,0.0031647931318730116,0.0562564954161644,0.04562276974320412,0.004372453782707453,0.06612453609704971,0.004372453782707453
160,0.0389808751642704,0.003622420597821474,0.06018655002117157,0.04870492219924927,0.004497331101447344,0.067062146961689,0.004497331101447344
161,0.053161267191171646,0.004787553567439318,0.06919214874505997,0.0633838102221489,0.006854228209704161,0.08279026299715042,0.006854228209704161
162,0.053401365876197815,0.005045315716415644,0.0710303857922554,0.0768599584698677,0.009256742894649506,0.09621196985244751,0.009256742894649506
163,0.04039149358868599,0.0031737429089844227,0.05633598193526268,0.05283113941550255,0.004991266410797834,0.07064889371395111,0.004991266410797834
164,0.033007148653268814,0.0022723383735865355,0.047669049352407455,0.03872249275445938,0.0034054594580084085,0.05835631489753723,0.0034054594580084085
165,0.09109015762805939,0.011358206160366535,0.1065748855471611,0.08864227682352066,0.011428795754909515,0.10690554231405258,0.011428795754909515
166,0.04711452126502991,0.004350149538367987,0.06595566123723984,0.05746026709675789,0.005527634639292955,0.07434806227684021,0.005527634639292955
167,0.06480981409549713,0.006721482612192631,0.08198464661836624,0.06957019120454788,0.008076310157775879,0.08986829221248627,0.008076310157775879
168,0.03871722146868706,0.004455896560102701,0.06675250083208084,0.043880753219127655,0.004189811181277037,0.0647287517786026,0.004189811181277037
169,0.040541429072618484,0.0038407938554883003,0.061974138021469116,0.04353493079543114,0.0038922198582440615,0.062387656420469284,0.0038922198582440615
170,0.08018749207258224,0.008448553271591663,0.09191600978374481,0.09949220716953278,0.013615082018077374,0.11668368428945541,0.013615082018077374
171,0.06481841951608658,0.005948384292423725,0.07712577283382416,0.06516808271408081,0.0064704809337854385,0.08043929934501648,0.0064704809337854385
172,0.0368446409702301,0.0027109754737466574,0.05206703022122383,0.05037728324532509,0.004960964433848858,0.07043411582708359,0.004960964433848858
173,0.0522235706448555,0.004521373193711042,0.06724115461111069,0.07123275846242905,0.007202243898063898,0.08486603200435638,0.007202243898063898
174,0.04117250069975853,0.0031962774228304625,0.05653563141822815,0.0489051528275013,0.004617298953235149,0.06795071065425873,0.004617298953235149
175,0.05998070165514946,0.0052253613248467445,0.07228665798902512,0.07520768791437149,0.007993509992957115,0.08940643072128296,0.007993509992957115
176,0.07772757112979889,0.008915277197957039,0.09442074596881866,0.07710591703653336,0.00913320668041706,0.09556781500577927,0.00913320668041706
177,0.04845961183309555,0.0039032287895679474,0.06247582659125328,0.05315091833472252,0.004969499073922634,0.07049467414617538,0.004969499073922634
178,0.04427554830908775,0.0032655331306159496,0.05714484304189682,0.056023500859737396,0.0054536061361432076,0.07384853810071945,0.0054536061361432076
179,0.04201792925596237,0.0031267236918210983,0.05591711401939392,0.047690898180007935,0.003945835400372744,0.06281588226556778,0.003945835400372744
180,0.04275302216410637,0.003667687065899372,0.06056143343448639,0.048440076410770416,0.004168449901044369,0.06456353515386581,0.004168449901044369
181,0.03174324706196785,0.002126208273693919,0.04611082747578621,0.0423300638794899,0.003492522519081831,0.059097569435834885,0.003492522519081831
182,0.03956068307161331,0.0028537316247820854,0.053420331329107285,0.0435059517621994,0.0038840745110064745,0.06232234463095665,0.0038840745110064745
183,0.07662415504455566,0.007758064661175013,0.08807987719774246,0.07653398811817169,0.0078037758357822895,0.08833898603916168,0.0078037758357822895
184,0.03882797807455063,0.0033223957289010286,0.05764022842049599,0.05249308422207832,0.004835337866097689,0.06953659653663635,0.004835337866097689
185,0.03886387124657631,0.0037388738710433245,0.061146330088377,0.03706168010830879,0.0029007589910179377,0.053858693689107895,0.0029007589910179377
186,0.03700164332985878,0.00355067802593112,0.05958756431937218,0.04296690598130226,0.004245229531079531,0.06515542417764664,0.004245229531079531
187,0.060947634279727936,0.005432098638266325,0.07370277494192123,0.07387909293174744,0.008563623763620853,0.09253984689712524,0.008563623763620853
188,0.05669555813074112,0.004593587014824152,0.06777600944042206,0.06446585804224014,0.006299394182860851,0.0793687254190445,0.006299394182860851
189,0.06011032313108444,0.005137172993272543,0.07167407125234604,0.06285224109888077,0.006005981471389532,0.07749826461076736,0.006005981471389532
190,0.03067963942885399,0.002043783897534013,0.04520822688937187,0.03596869483590126,0.002733178436756134,0.05227980762720108,0.002733178436756134
191,0.042581625282764435,0.005278184078633785,0.07265111058950424,0.04682255908846855,0.0045634303241968155,0.06755317002534866,0.0045634303241968155
192,0.03521493822336197,0.0024825420696288347,0.04982511326670647,0.045254290103912354,0.0042852843180298805,0.06546208262443542,0.0042852843180298805
193,0.030913352966308594,0.002017025602981448,0.044911306351423264,0.037825994193553925,0.0032933750189840794,0.057387933135032654,0.0032933750189840794
194,0.05000850558280945,0.00391963217407465,0.06260696798563004,0.05463237315416336,0.004746546968817711,0.06889519095420837,0.004746546968817711
195,0.034362711012363434,0.0025871428661048412,0.05086396262049675,0.046745989471673965,0.004001284949481487,0.06325571238994598,0.004001284949481487
196,0.04465971887111664,0.005387093406170607,0.07339682430028915,0.06187954917550087,0.008440794423222542,0.09187379479408264,0.008440794423222542
197,0.054819751530885696,0.005044763442128897,0.07102649658918381,0.05540040507912636,0.005458415485918522,0.07388108968734741,0.005458415485918522
198,0.05454032123088837,0.004800281021744013,0.06928405910730362,0.06401035189628601,0.006814765743911266,0.08255159109830856,0.006814765743911266
199,0.03596043959259987,0.0026507165748625994,0.05148511007428169,0.04811616614460945,0.004086737520992756,0.06392759829759598,0.004086737520992756
200,0.039485376328229904,0.0029727506916970015,0.05452293902635574,0.04863860085606575,0.004018316511064768,0.06339019536972046,0.004018316511064768
201,0.04491276293992996,0.0034436495043337345,0.05868261680006981,0.05304420739412308,0.00459014717489481,0.06775062531232834,0.00459014717489481
202,0.06132692098617554,0.00536892656236887,0.0732729583978653,0.0673079863190651,0.006228381767868996,0.07892009615898132,0.006228381767868996
203,0.10194259136915207,0.013093819841742516,0.11442822962999344,0.1190134808421135,0.017080670222640038,0.13069303333759308,0.017080670222640038
204,0.03547376021742821,0.0023914817720651627,0.04890277981758118,0.03906344994902611,0.0027139822486788034,0.052095893770456314,0.0027139822486788034
205,0.03152560815215111,0.002095059724524617,0.045771822333335876,0.03876263648271561,0.0028770447243005037,0.05363808944821358,0.0028770447243005037
206,0.028410013765096664,0.0017373876180499792,0.041681982576847076,0.03565465658903122,0.0025682998821139336,0.050678398460149765,0.0025682998821139336
207,0.03529489412903786,0.0023634189274162054,0.04861500859260559,0.04304129257798195,0.0038049076683819294,0.061683934181928635,0.0038049076683819294
208,0.025930626317858696,0.0017076324438676238,0.04132350906729698,0.03380617871880531,0.0025562788359820843,0.05055965483188629,0.0025562788359820843
209,0.05903705582022667,0.006047376897186041,0.07776488363742828,0.058012232184410095,0.00560563150793314,0.074870765209198,0.00560563150793314
210,0.042670100927352905,0.002960397396236658,0.054409533739089966,0.056167665868997574,0.005500320345163345,0.07416414469480515,0.005500320345163345
211,0.03655717894434929,0.0026334982831031084,0.051317621022462845,0.03770865127444267,0.0033306789118796587,0.05771203339099884,0.0033306789118796587
212,0.03361676633358002,0.0023351258132606745,0.0483231395483017,0.04163505882024765,0.003366392105817795,0.05802061781287193,0.003366392105817795
213,0.03201993927359581,0.0019687204621732235,0.04437026381492615,0.03986535966396332,0.0030329027213156223,0.05507179722189903,0.0030329027213156223
214,0.0586109533905983,0.004864131100475788,0.0697433203458786,0.0648178905248642,0.006054609082639217,0.07781136780977249,0.006054609082639217
215,0.026732513681054115,0.0015400637639686465,0.03924364596605301,0.038508739322423935,0.0031200984958559275,0.05585784092545509,0.0031200984958559275
216,0.03028322570025921,0.0018554892158135772,0.04307539016008377,0.04397279769182205,0.003590111155062914,0.05991753563284874,0.003590111155062914
217,0.03325871378183365,0.0023839902132749557,0.04882612079381943,0.04570971801877022,0.004117282573133707,0.06416605412960052,0.004117282573133707
218,0.03509073331952095,0.0022523703519254923,0.04745914414525032,0.04194406047463417,0.003137261141091585,0.05601125955581665,0.003137261141091585
219,0.06658882647752762,0.006167749408632517,0.07853502035140991,0.07316158711910248,0.008323227986693382,0.09123172610998154,0.008323227986693382
220,0.03596107289195061,0.0024850296322256327,0.04985007271170616,0.045836836099624634,0.003948848228901625,0.06283985823392868,0.003948848228901625
221,0.03457717224955559,0.002631540410220623,0.05129854381084442,0.03945821523666382,0.0032060665544122458,0.05662214010953903,0.0032060665544122458
222,0.03982319310307503,0.002734669717028737,0.05229406803846359,0.05198006331920624,0.004286790732294321,0.06547358632087708,0.004286790732294321
223,0.05056776478886604,0.0043633608147501945,0.06605573743581772,0.06988377124071121,0.007571217603981495,0.08701274544000626,0.007571217603981495
224,0.05561191961169243,0.004356049001216888,0.06600037217140198,0.056215520948171616,0.004492147825658321,0.06702348589897156,0.004492147825658321
225,0.03079143725335598,0.0021154105197638273,0.04599359259009361,0.03899548947811127,0.0029707648791372776,0.054504722356796265,0.0029707648791372776
226,0.03211794048547745,0.0024039451964199543,0.04903004318475723,0.036099471151828766,0.002712003653869033,0.052076902240514755,0.002712003653869033
227,0.037700336426496506,0.0025014153216034174,0.05001414939761162,0.04337558150291443,0.0035522975958883762,0.059601154178380966,0.0035522975958883762
228,0.04919097200036049,0.008140770718455315,0.09022621810436249,0.0514281764626503,0.004712597467005253,0.06864836066961288,0.004712597467005253
229,0.03857240453362465,0.00297320494428277,0.054527103900909424,0.04158898442983627,0.003115233965218067,0.05581428110599518,0.003115233965218067
230,0.026793424040079117,0.001814388670027256,0.04259563982486725,0.036199115216732025,0.002633441472426057,0.05131706967949867,0.002633441472426057
231,0.030283678323030472,0.001987800933420658,0.044584762305021286,0.034124068915843964,0.002655206946656108,0.051528699696063995,0.002655206946656108
232,0.04076144099235535,0.002653920091688633,0.05151621252298355,0.04648442193865776,0.004268063232302666,0.06533041596412659,0.004268063232302666
233,0.034496840089559555,0.0019685791339725256,0.044368673115968704,0.04161001369357109,0.0031311302445828915,0.05595650151371956,0.0031311302445828915
