epoch,train_column_penalty,train_mae,train_mse,train_rmse,train_row_penalty,val_column_penalty,val_mae,val_mse,val_rmse:,val_row_penalty,val_total
0,-234.74795532226562,0.8108383417129517,1.601218342781067,1.265392541885376,640.9938354492188,-77.9998550415039,0.7300466895103455,0.9973232746124268,0.9986607432365417,213.60923767089844,2967569.7663703975
1,-234.69134521484375,0.8816357254981995,2.056814193725586,1.434159755706787,611.2765502929688,-77.96890258789062,0.7711310982704163,1.2253152132034302,1.1069395542144775,201.31155395507812,2796447.800540534
2,-234.45150756835938,0.913862943649292,3.1371231079101562,1.7711925506591797,579.5847778320312,-77.9151840209961,0.7675480246543884,1.86585533618927,1.365963101387024,189.42994689941406,2631117.427814391
3,-234.2964324951172,0.8338212966918945,3.4401116371154785,1.854753851890564,552.8191528320312,-77.89323425292969,0.6999543309211731,1.8346164226531982,1.3544801473617554,180.53607177734375,2507359.1515521547
4,-234.3434295654297,0.8063969016075134,2.173156976699829,1.4741631746292114,561.2211303710938,-77.91034698486328,0.6868009567260742,1.2433611154556274,1.1150610446929932,183.1628875732422,2543910.0350091383
5,-234.56202697753906,0.7116183638572693,1.280301809310913,1.1315041780471802,603.1080322265625,-77.96844482421875,0.6757026314735413,1.0657461881637573,1.0323498249053955,197.3721466064453,2741630.225427724
6,-234.6288299560547,0.5861509442329407,0.5514765977859497,0.7426146864891052,608.394775390625,-77.97023010253906,0.6042948961257935,0.5731226801872253,0.7570486664772034,199.17489624023438,2766715.1535765785
7,-234.6864776611328,0.5665706992149353,0.7515282034873962,0.8669072389602661,621.7721557617188,-77.98351287841797,0.5655720829963684,0.6229487657546997,0.7892710566520691,203.58877563476562,2828134.1734870584
8,-234.6841278076172,0.4615115821361542,0.4372623562812805,0.6612581610679626,618.7551879882812,-77.98994445800781,0.45902732014656067,0.39051559567451477,0.624912440776825,203.4845428466797,2826683.127436897
9,-234.70452880859375,0.6203452348709106,0.7827183604240417,0.8847137093544006,627.5830688476562,-77.99356842041016,0.5797481536865234,0.6081609725952148,0.7798467874526978,206.42991638183594,2867668.434771233
10,-234.67459106445312,0.3898675739765167,0.29186010360717773,0.5402407646179199,620.1773681640625,-77.98531341552734,0.3737669289112091,0.2695397734642029,0.519172191619873,203.1349334716797,2821818.4267015085
11,-234.71397399902344,0.3929324448108673,0.26830196380615234,0.5179787278175354,626.5523681640625,-77.99467468261719,0.4113987684249878,0.3096626102924347,0.5564733743667603,206.06301879882812,2862562.632807773
12,-234.73248291015625,0.4487599730491638,0.8767456412315369,0.9363469481468201,633.2083129882812,-77.99591827392578,0.3922441899776459,0.428801953792572,0.654829740524292,208.85755920410156,2901449.123595322
13,-234.60206604003906,0.3218420445919037,0.26709458231925964,0.5168119668960571,602.2628784179688,-77.96509552001953,0.31268781423568726,0.22818027436733246,0.4776822030544281,198.15052795410156,2752460.8886722894
14,-234.57949829101562,0.36680614948272705,0.20976339280605316,0.4579993486404419,608.83642578125,-77.95433044433594,0.392315536737442,0.24883949756622314,0.4988381564617157,201.09259033203125,2793400.8158565657
15,-234.54275512695312,0.3181106448173523,0.16803798079490662,0.40992435812950134,592.9232177734375,-77.94461822509766,0.3719615340232849,0.25098565220832825,0.5009846687316895,195.35000610351562,2713492.499563944
16,-234.54515075683594,0.3071271777153015,0.27491387724876404,0.5243223309516907,594.5029907226562,-77.94205474853516,0.36515581607818604,0.36746683716773987,0.6061904430389404,196.11679077148438,2724162.6985995686
17,-234.43655395507812,0.28408899903297424,0.13863566517829895,0.37233811616897583,564.5243530273438,-77.89960479736328,0.3130963146686554,0.16962577402591705,0.4118565022945404,185.5549774169922,2577195.9161048154
18,-234.4661865234375,0.25660714507102966,0.1053830161690712,0.32462748885154724,557.1900024414062,-77.89662170410156,0.27642861008644104,0.12334324419498444,0.3512025773525238,183.10562133789062,2543112.897673982
19,-234.66766357421875,0.2419891357421875,0.09187424182891846,0.3031076490879059,603.5655517578125,-77.96504211425781,0.2517029345035553,0.10490293800830841,0.3238872289657593,199.89303588867188,2776708.027884095
20,-234.70945739746094,0.2725974917411804,0.11293851584196091,0.3360632658004761,617.9459838867188,-77.98755645751953,0.291035920381546,0.14773060381412506,0.38435739278793335,204.5064239501953,2840902.6614766
21,-234.68319702148438,0.3615606427192688,0.24214871227741241,0.4920860826969147,603.8775024414062,-77.97877502441406,0.42930901050567627,0.38619089126586914,0.6214426159858704,200.29019165039062,2782233.9397381647
22,-234.74505615234375,0.2996879816055298,0.13220034539699554,0.3635936677455902,634.3429565429688,-77.99786376953125,0.3384495675563812,0.1818138062953949,0.42639631032943726,210.18666076660156,2919943.4035165105
23,-234.7493896484375,0.20575858652591705,0.07138993591070175,0.2671889662742615,642.3363647460938,-77.99974060058594,0.21990478038787842,0.0970005989074707,0.31144919991493225,213.3073272705078,2963367.7446534317
24,-234.7454071044922,0.33634382486343384,0.17088407278060913,0.41338127851486206,636.5112915039062,-77.99886322021484,0.35602691769599915,0.19628433883190155,0.4430398941040039,211.65762329101562,2940412.020104281
25,-234.71897888183594,0.3198448121547699,0.166512593626976,0.4080595374107361,615.6239624023438,-77.99188232421875,0.3360719084739685,0.17746996879577637,0.4212718605995178,204.82907104492188,2845392.1057230053
26,-234.66627502441406,0.7231505513191223,0.7156960964202881,0.8459882140159607,600.3895263671875,-77.97467041015625,0.7449353337287903,0.7705715298652649,0.8778220415115356,199.48501586914062,2771030.4368721745
27,-234.70526123046875,0.38407766819000244,0.3419126868247986,0.5847330093383789,614.6510620117188,-77.9885025024414,0.40809088945388794,0.379730761051178,0.6162229776382446,203.90869140625,2832585.2968523093
28,-234.73638916015625,0.7990778088569641,0.9193059802055359,0.9588044285774231,617.5888671875,-77.9953842163086,0.8106065392494202,0.9715949892997742,0.9856951832771301,204.59642028808594,2842155.312574616
29,-234.38858032226562,0.27052655816078186,0.11582794785499573,0.34033504128456116,557.4706420898438,-77.87666320800781,0.27703824639320374,0.12082231789827347,0.3475950360298157,186.17355346679688,2585804.8681053454
30,-234.62490844726562,0.23904170095920563,0.08794313669204712,0.2965520918369293,600.4364013671875,-77.9615478515625,0.2594379782676697,0.1180841475725174,0.3436337411403656,199.94595336914062,2777444.6123761707
31,-234.7493438720703,0.2443915605545044,0.09793398529291153,0.31294405460357666,641.11181640625,-77.99974060058594,0.25168877840042114,0.1084701344370842,0.32934805750846863,212.9007568359375,2957710.267565467
32,-234.74884033203125,0.22194065153598785,0.07868999987840652,0.2805173695087433,636.8359985351562,-77.99978637695312,0.22514896094799042,0.09053664654493332,0.30089306831359863,211.46156311035156,2937683.650312257
33,-234.74644470214844,0.20927712321281433,0.07598741352558136,0.27565816044807434,635.8641357421875,-77.99811553955078,0.2113901823759079,0.07929439842700958,0.28159260749816895,210.42596435546875,2923273.230707819
34,-234.6471710205078,0.2925509214401245,0.13111232221126556,0.36209434270858765,590.50634765625,-77.9670181274414,0.2828317880630493,0.13919414579868317,0.3730873167514801,195.5380401611328,2716107.521138202
35,-234.67974853515625,0.22197750210762024,0.08221161365509033,0.2867256700992584,602.7191772460938,-77.97959899902344,0.2256593406200409,0.08780814707279205,0.29632440209388733,200.69110107421875,2787812.305015219
36,-234.7418212890625,0.2137763351202011,0.07286098599433899,0.2699277400970459,631.8927001953125,-77.99226379394531,0.22324278950691223,0.08392516523599625,0.28969839215278625,209.8485565185547,2915238.881506411
37,-234.7448272705078,0.2465531826019287,0.11071813851594925,0.3327433466911316,628.7618408203125,-77.99890899658203,0.24965880811214447,0.11470653116703033,0.33868351578712463,208.97576904296875,2903093.5317143793
38,-234.7474822998047,0.39534991979599,0.2687082588672638,0.5183707475662231,634.5872802734375,-77.99913787841797,0.40889933705329895,0.2707308828830719,0.5203180313110352,210.65728759765625,2926492.256361018
39,-234.7328643798828,0.2945443391799927,0.14050880074501038,0.374845027923584,612.7874145507812,-77.99638366699219,0.3096330165863037,0.16110749542713165,0.4013819694519043,204.26815795898438,2837586.620595087
40,-234.45938110351562,0.2606661021709442,0.10548507422208786,0.32478466629981995,572.5494384765625,-77.9145736694336,0.280135840177536,0.120623879134655,0.34730949997901917,188.98667907714844,2624947.5822136244
41,-234.25546264648438,0.5374995470046997,0.4396355450153351,0.6630501747131348,508.4791564941406,-77.78092956542969,0.5444450378417969,0.4410480558872223,0.6641144752502441,167.8120574951172,2330308.1540478608
42,-232.46759033203125,0.5125765800476074,0.37383222579956055,0.6114181876182556,362.12359619140625,-77.09980773925781,0.5135209560394287,0.38535773754119873,0.6207718849182129,117.70061492919922,1633042.0893283314
43,-231.0406036376953,0.26985853910446167,0.1146998330950737,0.3386736512184143,329.2691650390625,-76.73131561279297,0.27582329511642456,0.1199977844953537,0.3464069664478302,109.37683868408203,1517238.0750809934
44,-232.48887634277344,0.4149704575538635,0.259488970041275,0.5094006061553955,403.10552978515625,-77.18807220458984,0.41516241431236267,0.26992708444595337,0.5195450782775879,126.78498077392578,1759446.8145386365
45,-227.89517211914062,0.39167940616607666,0.23100540041923523,0.48063021898269653,196.03663635253906,-75.51666259765625,0.40418562293052673,0.2254517674446106,0.4748176038265228,62.309234619140625,862360.718270932
46,-230.78477478027344,0.31392043828964233,0.15412446856498718,0.392586886882782,320.13629150390625,-76.50768280029297,0.33100658655166626,0.16859902441501617,0.41060811281204224,103.51299285888672,1435655.694500489
47,-231.87542724609375,0.24012117087841034,0.09103408455848694,0.3017185628414154,389.2093811035156,-76.94593048095703,0.23923712968826294,0.09346439689397812,0.3057194650173187,125.43479919433594,1740673.671150146
48,-232.27154541015625,0.28520968556404114,0.12963174283504486,0.36004409193992615,408.88446044921875,-77.14277648925781,0.30603381991386414,0.15018372237682343,0.3875354528427124,131.72337341308594,1828167.9770472776
49,-229.73411560058594,0.25955119729042053,0.10591734200716019,0.3254494369029999,262.01617431640625,-76.09039306640625,0.2904869019985199,0.12684334814548492,0.35615074634552,82.83804321289062,1147986.4994040267
50,-230.8204803466797,0.2480717897415161,0.10284396260976791,0.32069292664527893,319.0128173828125,-76.44969940185547,0.2456286996603012,0.11261480301618576,0.33558130264282227,99.29431915283203,1376955.7561857193
51,-230.13388061523438,0.27646389603614807,0.1213286817073822,0.34832265973091125,271.9814453125,-76.26126861572266,0.2969961166381836,0.1407162845134735,0.37512168288230896,85.33692932128906,1182748.2942853752
52,-232.18597412109375,0.2477176934480667,0.11721786111593246,0.3423709273338318,398.01495361328125,-77.06010437011719,0.258961021900177,0.21100692451000214,0.4593549072742462,127.72207641601562,1772494.5156791764
53,-232.18267822265625,0.28191718459129333,0.13189436495304108,0.36317265033721924,370.70947265625,-77.10594940185547,0.2975309193134308,0.14146587252616882,0.3761194944381714,121.33954620361328,1683677.7389667328
54,-231.15005493164062,0.24413147568702698,0.09692871570587158,0.3113337755203247,304.36737060546875,-76.68094635009766,0.26494163274765015,0.1132052093744278,0.33645981550216675,100.61820220947266,1395363.4512615167
55,-231.4623260498047,0.28521764278411865,0.13517649471759796,0.36766356229782104,321.1344909667969,-76.84715270996094,0.3163834512233734,0.15391843020915985,0.39232438802719116,105.61890411376953,1464938.7043793187
56,-230.52894592285156,0.22710420191287994,0.08323845267295837,0.2885107398033142,278.3671875,-76.56555938720703,0.2504429817199707,0.09811348468065262,0.3132307231426239,95.84725189208984,1328982.100866636
57,-230.86825561523438,0.3344184458255768,0.1835750788450241,0.4284566342830658,288.1511535644531,-76.5783920288086,0.33641913533210754,0.18901920318603516,0.4347634017467499,97.85807037353516,1356962.2368476712
58,-232.55052185058594,0.27084413170814514,0.11567367613315582,0.34010833501815796,384.7591552734375,-77.18763732910156,0.2720024585723877,0.12091196328401566,0.34772396087646484,127.38451385498047,1767789.2852005474
59,-230.3172607421875,0.27155983448028564,0.11649635434150696,0.3413156270980835,269.5308837890625,-76.47917175292969,0.2679498791694641,0.11576273292303085,0.3402392268180847,85.58879852294922,1186239.5575731292
60,-231.93101501464844,0.2742808759212494,0.11992435157299042,0.34630095958709717,332.5005187988281,-77.11045837402344,0.2664872407913208,0.11965257674455643,0.34590834379196167,108.12102508544922,1499739.734287119
61,-232.06919860839844,0.2588883936405182,0.1068386659026146,0.3268618583679199,352.38201904296875,-77.13299560546875,0.2827564775943756,0.12630154192447662,0.3553892970085144,112.71228790283203,1563626.454192275
62,-233.58331298828125,0.2833457291126251,0.12591689825057983,0.3548476994037628,466.11798095703125,-77.5834732055664,0.28748995065689087,0.12733612954616547,0.35684189200401306,153.23873901367188,2127530.170383085
63,-233.2010498046875,0.26091137528419495,0.11495495587587357,0.3390500843524933,422.24163818359375,-77.4738998413086,0.2732999920845032,0.12294597178697586,0.3506365120410919,138.96788024902344,1928955.8198175658
64,-232.74935913085938,0.2569040060043335,0.12572339177131653,0.35457494854927063,382.61761474609375,-77.36083221435547,0.24664786458015442,0.11143497377634048,0.3338187634944916,125.01799774169922,1734848.111514277
65,-233.06854248046875,0.2522711753845215,0.09711001813411713,0.31162479519844055,406.196533203125,-77.40105438232422,0.25048738718032837,0.10347644239664078,0.3216775357723236,138.94163513183594,1928595.1118485406
66,-231.5286865234375,0.25159403681755066,0.09929411113262177,0.3151096701622009,320.346923828125,-76.81721496582031,0.24430759251117706,0.10008003562688828,0.31635427474975586,108.77243041992188,1508822.297992545
67,-232.64990234375,0.2164318710565567,0.07340802252292633,0.2709391415119171,383.43572998046875,-77.26869201660156,0.22074127197265625,0.08076564222574234,0.2841929793357849,131.36648559570312,1823193.953682686
68,-232.56454467773438,0.17019683122634888,0.05037170276045799,0.224436417222023,379.955810546875,-77.25242614746094,0.17510764300823212,0.0524965301156044,0.22912120819091797,130.60140991210938,1812548.7910065996
69,-231.54574584960938,0.2873712182044983,0.12689821422100067,0.3562277555465698,337.4405822753906,-76.94248962402344,0.3008308708667755,0.1393188089132309,0.37325435876846313,118.4213638305664,1643080.9256603324
70,-229.96493530273438,0.2138839066028595,0.07520627230405807,0.27423763275146484,244.2061767578125,-76.28777313232422,0.20768707990646362,0.07239001989364624,0.26905393600463867,82.18817901611328,1138931.2501289428
71,-229.66954040527344,0.24480792880058289,0.09303703904151917,0.305019736289978,232.41563415527344,-76.29157257080078,0.22479140758514404,0.08283515274524689,0.2878109812736511,78.67568969726562,1090054.2094899074
72,-229.46730041503906,0.18168161809444427,0.05554593354463577,0.23568184673786163,222.63641357421875,-76.13688659667969,0.2006748467683792,0.06837955862283707,0.26149484515190125,74.88861846923828,1037366.1212237657
73,-228.630126953125,0.2896765470504761,0.13502167165279388,0.3674529492855072,192.60211181640625,-75.84300231933594,0.29522040486335754,0.14046461880207062,0.3747861087322235,64.19149017333984,888532.2692733796
74,-228.3661651611328,0.3695545196533203,0.21805234253406525,0.46696075797080994,181.56346130371094,-75.41818237304688,0.41291800141334534,0.2627039849758148,0.5125465393066406,58.79363250732422,813446.7305484866
75,-230.5635986328125,0.24030865728855133,0.1347917765378952,0.367139995098114,260.225830078125,-76.3715591430664,0.21128495037555695,0.10082496702671051,0.31752946972846985,84.57855224609375,1172188.4859384976
76,-229.86053466796875,0.2442745566368103,0.10353098809719086,0.3217623233795166,234.48123168945312,-76.03176879882812,0.23953919112682343,0.10425698757171631,0.32288849353790283,75.93350982666016,1051912.4940567343
77,-230.20091247558594,0.28680047392845154,0.11963906139135361,0.34588879346847534,255.26451110839844,-76.22576904296875,0.28607943654060364,0.12148920446634293,0.34855300188064575,82.63069152832031,1145092.7712877954
78,-229.24778747558594,0.37870293855667114,0.20886296033859253,0.4570152759552002,223.4814453125,-75.92899322509766,0.37709733843803406,0.21419242024421692,0.4628092646598816,72.79556274414062,1008253.9716762997
79,-228.45262145996094,0.2383398711681366,0.09450708329677582,0.3074200451374054,202.031494140625,-75.7869644165039,0.2503146231174469,0.10980867594480515,0.331373929977417,66.54389190673828,921269.7356663501
80,-227.0913848876953,0.21884112060070038,0.07649043202400208,0.27656903862953186,168.80982971191406,-75.28009033203125,0.24190697073936462,0.09226858615875244,0.3037574589252472,54.15779495239258,748946.7468176399
81,-228.50331115722656,0.18957071006298065,0.06148828566074371,0.24796831607818604,209.1055450439453,-75.76395416259766,0.20568564534187317,0.07454870641231537,0.27303609251976013,68.74647521972656,951920.4040378588
82,-229.1912384033203,0.24703580141067505,0.09199454635381699,0.3033060133457184,233.82760620117188,-76.14490509033203,0.24312914907932281,0.09889409691095352,0.31447431445121765,80.53905487060547,1115992.3243526944
83,-229.05361938476562,0.18503089249134064,0.05723608285188675,0.2392406314611435,214.8356475830078,-75.96983337402344,0.2074204981327057,0.07649140805006027,0.27657079696655273,72.11600494384766,998795.1533025921
84,-229.50460815429688,0.20750445127487183,0.07068978995084763,0.26587551832199097,230.1209259033203,-76.39368438720703,0.21605369448661804,0.08181630820035934,0.2860355079174042,79.14160919189453,1096531.2174136657
85,-228.30734252929688,0.2346453070640564,0.08928468078374863,0.2988054156303406,192.8365020751953,-75.74954986572266,0.24998076260089874,0.10613346099853516,0.32578131556510925,65.2335433959961,903038.3556039772
86,-230.3648223876953,0.31265848875045776,0.16430352628231049,0.4053437113761902,280.89837646484375,-76.6144790649414,0.3104449510574341,0.1707533746957779,0.41322314739227295,96.48067474365234,1337793.3145592653
87,-228.79629516601562,0.17310622334480286,0.05122547596693039,0.2263304591178894,216.7703857421875,-75.9568099975586,0.19749405980110168,0.06672162562608719,0.25830528140068054,73.91603088378906,1023843.5817974819
88,-229.27252197265625,0.17371909320354462,0.050487443804740906,0.2246941179037094,232.62010192871094,-76.24948120117188,0.17795364558696747,0.055893830955028534,0.23641876876354218,79.8686294555664,1106656.7277151865
89,-230.23806762695312,0.24633826315402985,0.0953097864985466,0.3087228238582611,272.26019287109375,-76.5984115600586,0.23855948448181152,0.09376509487628937,0.30621087551116943,94.37369537353516,1308475.2998652626
90,-231.65353393554688,0.23990046977996826,0.08969180285930634,0.2994858920574188,329.40570068359375,-77.0820083618164,0.2669052183628082,0.10724849253892899,0.32748815417289734,117.2339859008789,1626549.701842593
91,-230.58311462402344,0.2338983118534088,0.08235643059015274,0.2869780957698822,276.2867736816406,-76.46878051757812,0.23488406836986542,0.08654216676950455,0.2941805124282837,92.92599487304688,1288338.3599217818
92,-231.05946350097656,0.2185620665550232,0.07724211364984512,0.27792465686798096,286.4638977050781,-76.69039916992188,0.21767215430736542,0.07469913363456726,0.27331143617630005,95.61204528808594,1325701.4025281586
93,-230.8625030517578,0.18877723813056946,0.059234537184238434,0.24338147044181824,277.81365966796875,-76.66350555419922,0.1962730586528778,0.06407108157873154,0.2531226575374603,92.19160461425781,1278107.114407719
94,-231.8233642578125,0.19235925376415253,0.06345248222351074,0.25189775228500366,328.6839904785156,-77.00138092041016,0.2052891105413437,0.07388414442539215,0.2718163728713989,109.89302825927734,1524404.140910412
95,-231.6879119873047,0.1899198591709137,0.06135324388742447,0.24769586324691772,339.4828186035156,-77.03337860107422,0.20288421213626862,0.07031942158937454,0.2651780843734741,116.37615966796875,1614615.8991885344
96,-229.9627227783203,0.1918695867061615,0.060663435608148575,0.24629949033260345,248.1329345703125,-76.35130310058594,0.19648119807243347,0.06679680198431015,0.25845077633857727,84.47081756591797,1170690.5635075143
97,-230.00584411621094,0.2783031463623047,0.13585230708122253,0.36858147382736206,256.0353088378906,-76.33179473876953,0.27602165937423706,0.13552716374397278,0.3681401312351227,86.73474884033203,1202194.7848422055
98,-231.61322021484375,0.28646910190582275,0.1250380277633667,0.353607177734375,309.8690185546875,-76.89671325683594,0.30346259474754333,0.1429433822631836,0.37807855010032654,101.82051849365234,1412080.515343709
99,-230.70852661132812,0.18545718491077423,0.059844132512807846,0.2446306049823761,266.7699279785156,-76.508056640625,0.20551936328411102,0.07128013670444489,0.26698338985443115,86.70551300048828,1201776.9716908932
100,-230.6551055908203,0.18454007804393768,0.05514083802700043,0.23482085764408112,262.5203552246094,-76.48126220703125,0.1883317083120346,0.06264279037714005,0.25028541684150696,85.97174835205078,1191568.1791408865
101,-230.32350158691406,0.19655552506446838,0.0664682686328888,0.2578144073486328,252.48300170898438,-76.39402770996094,0.22461991012096405,0.08404466509819031,0.28990456461906433,81.91353607177734,1135102.9765082463
102,-231.054443359375,0.18244074285030365,0.0542580671608448,0.23293361067771912,284.66644287109375,-76.76094055175781,0.19289542734622955,0.06418939679861069,0.25335627794265747,94.20747375488281,1306152.1951407862
103,-230.9246826171875,0.2101406455039978,0.07310868054628372,0.2703861594200134,259.75,-76.73485565185547,0.2027006894350052,0.07068027555942535,0.26585763692855835,85.7876205444336,1188990.298950678
104,-230.75357055664062,0.1851755976676941,0.059529829770326614,0.24398735165596008,264.51202392578125,-76.63156127929688,0.1896958202123642,0.06792138516902924,0.26061731576919556,86.09709930419922,1193303.1435365377
105,-230.21681213378906,0.18505844473838806,0.05791778489947319,0.2406611442565918,247.92657470703125,-76.49772644042969,0.19306477904319763,0.06143740564584732,0.2478657066822052,82.26587677001953,1139999.3984772507
106,-231.7048797607422,0.17018727958202362,0.04839561879634857,0.21999004483222961,301.4671325683594,-76.91676330566406,0.18576264381408691,0.055961303412914276,0.23656141757965088,98.52178955078125,1366176.8774617056
107,-231.77011108398438,0.3135714828968048,0.13355083763599396,0.3654460906982422,303.10162353515625,-76.90943145751953,0.30997881293296814,0.13804779946804047,0.3715478479862213,99.76409912109375,1383464.3380455629
108,-228.30465698242188,0.6161913275718689,0.5910539031028748,0.7688003182411194,159.44326782226562,-75.78362274169922,0.5981771349906921,0.5472874045372009,0.7397887706756592,54.16444396972656,749008.506124671
109,-231.88613891601562,0.5088983774185181,0.37574872374534607,0.6129834651947021,364.015625,-76.96177673339844,0.5212955474853516,0.40684834122657776,0.6378466486930847,117.02055358886719,1623587.5128877219
110,-231.92616271972656,0.4449663758277893,0.3047950863838196,0.5520824790000916,366.4482421875,-76.96534729003906,0.4570443630218506,0.3109646439552307,0.5576420426368713,118.1634750366211,1639491.1189513183
111,-231.91746520996094,0.4335496723651886,0.5084894895553589,0.7130845189094543,364.4226379394531,-76.9639892578125,0.5035862326622009,1.6573309898376465,1.287373661994934,117.57173919677734,1631258.4565771054
112,-231.8354949951172,9.413093566894531,11897.943359375,109.07769775390625,349.7800598144531,-76.94413757324219,15.282553672790527,69120.8125,262.90838623046875,113.318115234375,1641189.027284577
113,-229.03939819335938,0.6959933042526245,0.7390186190605164,0.8596619367599487,229.73489379882812,-75.65472412109375,0.6828298568725586,0.7419230937957764,0.8613495826721191,69.72948455810547,965606.5657434285
114,-230.15170288085938,1.0761409997940063,1.7303376197814941,1.3154230117797852,262.2762145996094,-76.22021484375,1.085209608078003,1.7684087753295898,1.3298152685165405,82.50111389160156,1143291.6703106274
115,-230.32916259765625,0.7191191911697388,0.8190930485725403,0.9050375819206238,267.4275207519531,-76.24478912353516,0.7062045931816101,0.8212323188781738,0.9062187075614929,84.1937484741211,1166842.4635949878
116,-230.0465850830078,0.6838105320930481,0.691022515296936,0.8312776684761047,256.00469970703125,-76.16415405273438,0.6712939143180847,0.6801307201385498,0.8247003555297852,81.29594421386719,1126523.9408985984
117,-230.2013702392578,0.684669554233551,0.6749088168144226,0.8215283155441284,261.87725830078125,-76.2120132446289,0.6731476187705994,0.6582855582237244,0.8113479614257812,82.87189483642578,1148450.5411080818
118,-230.32981872558594,0.6846483945846558,0.6729403734207153,0.8203294277191162,267.6104431152344,-76.24219512939453,0.6727862358093262,0.6532384753227234,0.8082317113876343,84.55474853515625,1171865.82639949
119,-230.3319549560547,0.6853057146072388,0.67275071144104,0.820213794708252,266.77178955078125,-76.2352066040039,0.6732825040817261,0.6521255970001221,0.8075429201126099,84.45245361328125,1170442.8093823807
120,-230.24110412597656,0.6860206723213196,0.6727679967880249,0.8202243447303772,263.1764831542969,-76.22218322753906,0.6754897832870483,0.6547291278839111,0.8091533184051514,83.00174713134766,1150256.8211911041
121,-230.31394958496094,0.6857395768165588,0.6724540591239929,0.8200329542160034,266.25482177734375,-76.24120330810547,0.6745325922966003,0.6528721451759338,0.8080050349235535,83.95865631103516,1163571.1748480056
122,-230.22242736816406,0.6859655976295471,0.6725521087646484,0.8200927376747131,262.052001953125,-76.21096801757812,0.6751863360404968,0.6538049578666687,0.808582067489624,82.84416961669922,1148064.8008394511
123,-230.21847534179688,0.6853165030479431,0.6725559830665588,0.8200951218605042,266.1216125488281,-76.2390365600586,0.6731846332550049,0.6519722938537598,0.8074480295181274,84.0821762084961,1165290.106174789
124,-230.14256286621094,0.6891295313835144,0.6750722527503967,0.8216277956962585,261.98455810546875,-76.19490814208984,0.677862823009491,0.6509352326393127,0.8068055510520935,83.12120819091797,1151920.826941882
125,-230.23361206054688,0.6835383176803589,0.6742698550224304,0.8211393356323242,263.9932861328125,-76.2203369140625,0.6701393127441406,0.6542677283287048,0.8088681697845459,83.5541000366211,1157943.0086923512
126,-230.30181884765625,0.6860400438308716,0.6733148694038391,0.8205576539039612,264.476318359375,-76.21271514892578,0.6727799773216248,0.6511682271957397,0.8069499731063843,83.701416015625,1159993.4020598917
127,-230.1972198486328,0.6854394674301147,0.6723024845123291,0.8199405074119568,265.1646728515625,-76.2226791381836,0.672814130783081,0.6517062783241272,0.8072832822799683,83.55472564697266,1157951.5663805464
128,-230.15919494628906,0.685929000377655,0.6727232336997986,0.8201970458030701,261.97332763671875,-76.19940185546875,0.6736562848091125,0.6522508859634399,0.8076205253601074,82.78428649902344,1147232.2337980766
129,-230.23329162597656,0.6857467293739319,0.6736235618591309,0.8207457065582275,261.080810546875,-76.19474029541016,0.6719139218330383,0.6518027186393738,0.8073430061340332,82.57078552246094,1144261.6242544698
130,-230.16880798339844,0.6876194477081299,0.672825276851654,0.8202592730522156,258.6215515136719,-76.17704010009766,0.6759887337684631,0.6503401398658752,0.8064367175102234,81.85987091064453,1134370.2367442488
