,number,value,params_batch_size,params_cgcnn_num,params_cgcnn_num2,params_clipnorm,params_embedding_size,params_lr,params_softmax_beta,state
0,0,inf,20,3,3,1.0594618933244868,88,3.846637435465034e-08,48.87932143991127,COMPLETE
1,1,54463916.0,20,1,1,2281.4670905956623,92,6.269522291616168e-08,57.01773223313455,COMPLETE
2,2,1.8321699964925668e+31,52,3,5,451.6974870668008,72,2.313899566360554e-08,249846.85283403113,COMPLETE
3,3,inf,4,4,2,598.7193282994361,20,8.822942582947112e-06,227976.36828820157,COMPLETE
4,4,2.8824478767051933e+25,64,4,3,125.92013392875779,52,3.697373837729576e-07,33416460.90736011,COMPLETE
5,5,1.8855843544006348,24,1,3,9.979565089652766,12,0.0005052682446555065,4095.269018504487,COMPLETE
6,6,1.9194051190926043e+27,56,5,2,1.0072188325860203,28,3.3871687631321416e-06,13.752222546629804,COMPLETE
7,7,inf,12,1,5,12.391722269216555,92,0.0002500784277063799,209279.17277522612,COMPLETE
8,8,inf,20,2,5,6.537720394005904,28,2.3900283437528023e-08,34.44085410532269,COMPLETE
9,9,inf,8,3,3,11.001149995984518,24,0.00029597495338496284,346.58241000335306,COMPLETE
10,10,inf,16,2,2,33.351732522104044,104,1.3162107479495526e-08,38310.34149668151,COMPLETE
11,11,inf,28,5,5,7.932314910380994,100,1.5045357100343237e-07,1243906.8807254634,COMPLETE
12,12,inf,8,4,4,1799.066035270227,52,0.004985240039645464,36554.38260884747,COMPLETE
13,13,inf,60,5,3,1359.6933546246048,76,2.5167479045653375e-07,152.45334872979063,COMPLETE
14,14,0.797804594039917,24,1,1,402.2741911919866,60,0.0029592371115245435,299.56622529879854,COMPLETE
15,15,inf,48,4,3,53.89300428821026,12,0.0022047618581622222,394232.6094799527,COMPLETE
16,16,5.184091567993164,32,2,2,268.97232254773274,96,0.0017430160245912611,7675.556606831357,COMPLETE
17,17,inf,16,3,4,7.4273237388392905,76,0.007795367493362027,19704358.17959361,COMPLETE
18,18,inf,32,4,2,2688.1228227474594,92,2.617178840284673e-08,15578.461505262843,COMPLETE
19,19,6.82156750105949e+18,40,4,1,4894.795941444444,128,6.8812182971820215e-06,86420447.15831055,COMPLETE
20,20,inf,64,4,1,194.2700290004352,48,2.9793604829638534e-06,67831246.44048874,COMPLETE
21,21,inf,64,4,1,205.0656901517867,48,3.4972635875887913e-06,23824776.65475866,COMPLETE
22,22,inf,44,5,2,1.232164351624599,52,3.3210044503610905e-06,5.337300711546663,COMPLETE
23,23,inf,44,5,1,1.3168678622775845,48,4.917995262836563e-06,1784.9752446530142,COMPLETE
24,24,5.9281109770013224e+26,44,5,2,1.4541763846150997,48,2.738457301827543e-05,2.1120467825989926,COMPLETE
25,25,inf,36,1,4,739.6426305577164,52,4.124057441194358e-05,1491.0559339105962,COMPLETE
26,26,inf,44,1,1,697.7651739622135,120,7.087533047935821e-05,1385.365950311229,COMPLETE
27,27,inf,40,1,1,718.5490766591903,60,3.304614960512442e-05,1469.0762784634258,COMPLETE
28,28,inf,36,1,4,6185.082653816184,128,3.223034343808277e-05,1.6244694432631586,COMPLETE
29,29,inf,36,1,4,9168.89070645438,128,4.5405853238865895e-07,940.3807123959547,COMPLETE
30,30,inf,36,2,2,7472.224326477919,36,3.1038666293701544e-05,2315.2129020405246,COMPLETE
31,31,95016236089344.0,28,2,2,6542.009732496226,36,4.578967804603042e-07,1.2229711251343827,COMPLETE
32,32,inf,24,2,2,102.931625509742,36,7.173629667814942e-07,1.6430997951278787,COMPLETE
33,33,inf,28,2,2,9275.63511922017,120,0.000969406223509967,3521237.3341171634,COMPLETE
34,34,inf,24,2,2,175.38315225776068,112,0.0011619338354833591,2711707.787186016,COMPLETE
35,35,inf,28,2,2,121.21553970205227,64,0.0009242065346886463,1393486.3217291443,COMPLETE
36,36,inf,28,2,2,133.4837430898973,68,0.0010208723383087197,2996571.0030893274,COMPLETE
37,37,inf,28,2,1,123.16164766000564,64,0.0012031033349128287,1493635.252518666,COMPLETE
38,38,inf,28,2,3,244.63490516479357,64,0.0011802037338810123,4319573.399708872,COMPLETE
39,39,inf,24,2,3,41.91052373719254,84,0.0009185150207437705,6656.663694822242,COMPLETE
40,40,inf,56,3,3,39.33426369677282,84,0.00037035311807369597,143.43066900465664,COMPLETE
41,41,8.507716729428361e+22,52,3,3,338.0805948634486,84,0.00023136456056771637,137.91317815827873,COMPLETE
42,42,inf,52,3,3,60.980849339319455,80,6.96661539643567e-08,7841.952391981971,COMPLETE
43,43,inf,52,3,3,385.2037522043154,84,0.00020246713028251284,7205.134409988397,COMPLETE
44,44,7.834426783696621e+22,52,3,3,43.5672059519257,84,0.0003038769046741727,83.4001193498583,COMPLETE
45,45,inf,52,4,1,344.4108361683128,40,6.178868505988951e-08,5.485307610691881,COMPLETE
46,46,inf,20,5,1,422.75357124245363,36,0.003324828807906036,11.236175450753056,COMPLETE
47,47,inf,20,5,1,22.22105731234082,36,1.0252324522508303e-06,18.165865710827138,COMPLETE
48,48,inf,20,4,1,21.85337372369886,40,0.0001235635622481041,52.02951938085893,COMPLETE
49,49,inf,56,4,1,21.07773757749564,100,0.0032419613421183144,34.4462549703353,COMPLETE
50,50,inf,60,5,2,18.825767011511626,92,0.004239691750959221,34.88479761257384,COMPLETE
51,51,inf,60,3,3,18.083413031665604,96,0.004073240598758837,52.22585686803218,COMPLETE
52,52,inf,60,3,3,1242.3557365860324,96,9.880552626998552e-05,122.23887210395527,COMPLETE
53,53,inf,60,3,3,1153.2680596528492,96,0.00014396403494090022,102.4104923195915,COMPLETE
54,54,inf,60,3,4,61.33087269065259,72,0.00042925835677537494,512.4025220504914,COMPLETE
55,55,inf,60,3,4,61.104426188616216,92,0.009304485271415324,429.7732500339933,COMPLETE
56,56,inf,48,3,4,61.92457210453928,72,0.00941291711093755,421.08038556757333,COMPLETE
57,57,inf,48,3,3,1203.155402481385,72,0.009847054532899528,439.90121833601296,COMPLETE
58,58,inf,48,3,4,71.33002659039005,72,0.0004521219111176121,280.7778819453658,COMPLETE
59,59,inf,48,3,4,67.23505199753909,76,0.009710456404417795,60440.095001462905,COMPLETE
60,60,inf,48,4,3,2.7422485443179516,108,1.1841757517629908e-05,302.56776131565334,COMPLETE
61,61,inf,48,4,3,4.6049219923518,56,8.04843631744861e-06,34253.38167152903,COMPLETE
62,62,inf,48,4,3,3.9427637371393187,80,1.42210047237135e-05,89718.76368731336,COMPLETE
63,63,inf,40,4,2,1.9155468403773535,56,1.4299513004576927e-05,57195.440596308654,COMPLETE
64,64,inf,40,4,2,276.2133613299818,56,1.3575836871376721e-05,54707.720310413795,COMPLETE
65,65,inf,40,4,2,3.1881735059662843,56,1.7324306492636882e-05,9.556872551523812,COMPLETE
66,66,inf,40,1,2,1.9854479104352647,108,5.3068726186220214e-05,3279.9969101987444,COMPLETE
67,67,1.4626858234405518,32,1,2,290.94653019781737,56,0.002111427131122471,3370.5344880216912,COMPLETE
68,68,17.52416229248047,32,1,2,258.8033408714911,104,0.0005976113393611249,2879.7019805461373,COMPLETE
69,69,56852246528.0,32,1,2,250.09440362956755,20,1.5325857703265926e-06,2.9825009920457117,COMPLETE
70,70,inf,56,5,2,558.455475637305,4,1.7660096323032834e-06,3.199552684093941,COMPLETE
71,71,inf,64,5,2,1.8490130305436672,20,2.596927917859223e-07,15.34157241157037,COMPLETE
72,72,inf,64,5,5,1.1028603636638041,20,1.5926972576394524e-07,14.491161841893135,COMPLETE
73,73,inf,56,5,2,2273.4265952759993,28,3.791859275751903e-07,5.01456609213426,COMPLETE
74,74,inf,12,5,2,2392.171268680594,28,0.0023391418292026435,390828.526389936,COMPLETE
75,75,inf,32,1,2,11.215390730759607,28,5.98097475562613e-06,3.6942272481567944,COMPLETE
76,76,0.2713838815689087,52,1,3,151.88886275912824,44,0.0024074206284226485,1.0573959274966578,COMPLETE
77,77,inf,52,1,3,164.20429579732624,44,0.0005977244779415639,263143.7634946808,COMPLETE
78,78,inf,12,5,3,301.73701970542567,48,0.0020183491401710827,1.7849352948980863,COMPLETE
79,79,inf,12,1,3,88.41940924780631,4,0.0006507119112684181,16406.705126473524,COMPLETE
80,80,0.0750437080860138,16,1,3,6.875738825513952,12,0.0017081050607829179,3413.8502784342827,COMPLETE
81,81,inf,32,1,3,267.79363145402715,12,0.0006783902056059107,2975.8608824619414,COMPLETE
82,82,inf,32,1,1,272.99645457638314,88,0.0002621271978771411,47857552.50353414,COMPLETE
83,83,inf,24,1,1,3955.7803246198973,88,0.0018231895555418348,13917.00342673971,COMPLETE
84,84,inf,32,1,1,95.81519142353585,124,0.001668772276288778,15399.258462656899,COMPLETE
85,85,inf,24,1,1,4288.5000643900985,120,0.0017673859141463645,18227.855460277166,COMPLETE
86,86,0.7276999950408936,24,1,1,499.3134661462894,124,0.002428052006374275,14573.553494669723,COMPLETE
87,87,inf,36,1,1,545.4680606639469,120,0.0016239696160365881,724.1086663425058,COMPLETE
88,88,0.4932086169719696,36,1,1,502.0783732407956,116,0.002499319101598142,783.5434994377615,COMPLETE
89,89,0.6809651255607605,36,1,1,526.7230082670552,116,0.0029653294815613165,844.790185154432,COMPLETE
90,90,0.07002294808626175,36,1,3,571.3553373379963,116,0.006021153744619134,752.8107401351283,COMPLETE
91,91,inf,36,1,3,837.9533597045472,112,0.0006433494865944393,5123.940681568027,COMPLETE
92,92,inf,28,2,3,195.3790348926103,104,0.0060932340067948515,3925.889467291865,COMPLETE
93,93,inf,16,2,3,145.46650978272467,68,0.006270694995827786,1049.5851548559128,COMPLETE
94,94,inf,16,1,1,204.87625870841404,104,1.0544986078100436e-08,4404.360309717257,COMPLETE
95,95,inf,16,1,1,3951.8623865098007,100,1.498514244428055e-08,1113.29239071953,COMPLETE
96,96,inf,16,1,1,5265.793998629039,100,0.00017015190413206666,1977.109837941305,COMPLETE
97,97,inf,24,1,1,4249.098298623288,100,0.0029041513680471776,81.2864853526294,COMPLETE
98,98,inf,24,1,1,1824.0138578999092,116,0.0025034163583212772,1989.5137703560504,COMPLETE
99,99,0.09523927420377731,24,1,1,448.3673881728811,116,0.0037633866030024415,1.1013962924172445,COMPLETE
100,100,inf,24,1,1,1596.7411004323362,116,0.0028138064089538147,1.0899382760916045,COMPLETE
101,101,inf,24,1,1,930.8823706184651,116,0.0031384350423412214,2228.0378318667595,COMPLETE
102,102,inf,20,1,1,926.7318142277984,116,0.001340516599487128,675.9385690264118,COMPLETE
103,103,inf,20,1,1,944.0476624059032,116,0.0026400479343726586,236.49420713354928,COMPLETE
104,104,inf,28,1,1,442.2789428240833,116,0.004939460959555597,10135.756352419337,COMPLETE
105,105,inf,28,1,1,392.09661694918276,16,0.0026216469214911673,10592.769022053048,COMPLETE
106,106,inf,8,1,1,422.07185092284215,124,0.004851612829492718,9733.99781058252,COMPLETE
107,107,inf,28,1,1,495.446985977019,124,0.004822135263393901,8980.44504322756,COMPLETE
108,108,0.12958869338035583,4,1,1,8.702875129507587,124,0.006276005909579875,24878.132575763793,COMPLETE
109,109,inf,36,1,1,636.2315251981589,12,0.0065495661003162784,195.57406596413074,COMPLETE
110,110,0.7239003777503967,36,1,1,512.0244730874663,112,0.003982857852878321,2853.435129515371,COMPLETE
111,111,inf,32,1,2,9.04006809283368,124,0.006577533288117333,199.65434433335318,COMPLETE
112,112,inf,36,1,2,596.4387536360927,112,0.006027205324299858,2334.3220505866316,COMPLETE
113,113,inf,32,1,3,6.2396457449111145,112,0.0008382793167823186,1888.1439862523557,COMPLETE
114,114,inf,36,1,3,5.736293379546764,112,0.003558947601958554,2421.4056262781382,COMPLETE
115,115,0.24339281022548676,36,1,3,347.8929486243539,112,0.003978070497547831,24439.42995683303,COMPLETE
116,116,inf,36,1,2,231.3138670657383,60,0.0038488067811147347,2583.1904867696876,COMPLETE
117,117,inf,36,1,2,331.7131269116084,60,0.003687957132681842,26512.427632950395,COMPLETE
118,118,inf,44,1,3,162.166942532106,8,0.001362599918308969,25571.56616403989,COMPLETE
119,119,inf,44,1,3,594.5933699637017,128,0.0015265730018469378,6270.468185817326,COMPLETE
120,120,inf,20,1,3,647.3345074577447,8,0.001349984255754651,5770.394370363608,COMPLETE
121,121,inf,44,1,3,700.0315176316303,8,0.0012642163179562005,6057.098393306429,COMPLETE
122,122,inf,20,1,3,657.7484131361128,108,0.0010069798177947263,704.6505698258065,COMPLETE
123,123,inf,20,1,1,747.6990546632625,128,0.000890039452463951,693.2078803911181,COMPLETE
124,124,inf,20,1,1,15.081682700100572,108,0.0008750958850343862,808.2965959246895,COMPLETE
125,125,inf,20,1,1,513.0532968955488,108,0.000850875193927546,746.4616553170733,COMPLETE
126,126,inf,20,2,1,13.47762711807945,108,0.0008406667511822726,639.3734168870052,COMPLETE
127,127,inf,40,2,1,14.141902082592308,108,0.000872875495920919,1423.353526624105,COMPLETE
128,128,inf,40,2,1,331.23643408774325,108,0.002128263066130138,1138.4497278514618,COMPLETE
129,129,inf,40,2,1,336.666715946402,108,0.00041887232200030997,1251.6685988182928,COMPLETE
130,130,inf,32,1,1,466.6295831197808,108,0.00041731684014478657,1333.907166734692,COMPLETE
131,131,inf,32,1,1,484.59589900397617,120,0.00044479667798848584,1320.2695506640268,COMPLETE
132,132,inf,32,1,1,340.68070904342073,104,0.002009149734376556,3648.3424740339656,COMPLETE
133,133,inf,32,1,1,357.6432934392687,104,0.00045633392587165756,3706.9568636833496,COMPLETE
134,134,inf,32,1,1,108.30328207703727,52,0.0019753680960170853,360.6670624008954,COMPLETE
135,135,inf,32,1,5,365.4443746505865,96,0.0019988636071044804,3784.081548161764,COMPLETE
136,136,inf,32,1,1,115.84429004633597,52,0.00782983103813178,3810.5844560559453,COMPLETE
137,137,inf,28,1,1,217.02186579314537,52,0.002047526736015914,4340.54134339031,COMPLETE
138,138,inf,28,1,3,203.334067697602,96,0.002035023868797362,3778.158841165414,COMPLETE
139,139,inf,28,1,5,123.49736736964277,64,0.0042903138307076386,3209.5207029691865,COMPLETE
140,140,inf,28,1,2,223.26790940267543,20,8.794987866703724e-08,2.960220463597731,COMPLETE
141,141,inf,28,1,2,252.18657533035693,16,6.496203137394672e-08,2.274035541300987,COMPLETE
142,142,inf,28,1,2,265.1269595480677,24,2.17889814020905e-06,6.471072813531124,COMPLETE
143,143,inf,36,1,2,256.0417265359489,68,1.4333082740452784e-06,7.9977931600768,COMPLETE
144,144,inf,36,1,2,272.4116875571705,64,2.4006327519439605e-06,1.0343259284016928,COMPLETE
145,145,inf,16,1,2,260.16922084832424,32,7.943270372734365e-07,444.4346636995136,COMPLETE
146,146,inf,36,1,2,176.02489055443112,32,2.134849765039044e-06,469.78532855472054,COMPLETE
147,147,inf,36,1,2,170.96856458342089,24,0.003112130678144184,24.07000242535472,COMPLETE
148,148,inf,36,1,2,177.6440862857234,12,0.0036740654565490098,1.250593709208869,COMPLETE
149,149,inf,36,1,2,161.05734868418313,120,0.0034203079672140775,1.3545223844587362,COMPLETE
150,150,inf,36,1,3,160.4799114808156,12,0.0031793326917090594,83677.7625846037,COMPLETE
151,151,inf,36,1,3,185.2219389155492,120,0.0027324375026819875,24418.163843803224,COMPLETE
152,152,inf,24,1,3,8.546634468894316,120,0.0030435797994659342,8019.291766387508,COMPLETE
153,153,inf,16,1,3,425.1463163333967,120,6.59897374535513e-07,20556.37752123949,COMPLETE
154,154,inf,24,1,3,470.6707837384514,120,0.004093225441419988,98958.63722731532,COMPLETE
155,155,inf,16,1,3,426.15882601240764,44,7.743979419548384e-07,10976.194259320679,COMPLETE
156,156,inf,24,1,3,434.3403457117413,16,3.0045862465018526e-08,12909.884644858133,COMPLETE
157,157,inf,24,1,3,407.57782655825633,44,0.005857947173601712,65.83423941507071,COMPLETE
158,158,inf,8,1,3,9.490331518684892,112,0.005208509508253088,19203.019934100754,COMPLETE
159,159,0.29488372802734375,24,1,3,9.374114477649561,120,0.004754755242116127,34812.48854658614,COMPLETE
160,160,0.10088571906089783,4,1,3,4.947424694420179,44,0.0076442196813973,20946.492200696874,COMPLETE
161,161,0.056924305856227875,4,1,3,7.105024946834534,116,0.0053790733975315344,18313.429211924056,COMPLETE
162,162,0.0258538406342268,4,1,1,4.851352753783842,124,0.00551773056857056,36894.96159243577,COMPLETE
163,163,0.124617800116539,12,1,1,10.250772064222913,112,0.00517983819443898,26328.70699521205,COMPLETE
164,164,0.13158239424228668,8,1,1,5.369427485180197,116,0.005556800631051132,40721.865586565305,COMPLETE
165,165,inf,12,1,1,4.335440370147942,112,0.0050495575027852185,33430.218784850666,COMPLETE
166,166,inf,4,1,1,784.2624484034744,124,0.007341316364929709,22986.36120717752,COMPLETE
167,167,0.08177442103624344,4,1,1,559.8567568989755,124,0.007785666217099499,32530.68452186574,COMPLETE
168,168,inf,40,1,1,7.022609644540038,124,0.009790816876197117,7116.939621849658,COMPLETE
169,169,0.08800134062767029,4,1,1,5.278044284825449,124,0.007356635791818666,37928.31237987248,COMPLETE
170,170,inf,4,1,1,771.5189726385687,116,0.0014453580663462105,2.5363575787954855,COMPLETE
171,171,0.06814529001712799,4,1,1,10.045909418383033,116,0.0077028379496486355,43118.84769576493,COMPLETE
172,172,0.0316409133374691,4,1,1,5.798882377963081,116,0.007496820156326804,109719.3949160348,COMPLETE
173,173,0.07658839225769043,8,1,3,30.287881607582506,116,0.00739110583832449,48069.520547306034,COMPLETE
174,174,0.020527858287096024,4,1,1,5.27078743818634,116,0.006802184461964539,137647.14532850985,COMPLETE
175,175,0.11737580597400665,8,1,1,10.690871057941017,116,0.006377422282748435,54452.28582303263,COMPLETE
176,176,0.024113129824399948,4,1,1,5.40605814448394,116,0.00716300413928334,63971.28343788145,COMPLETE
177,177,0.021918943151831627,4,1,1,5.3104733931228605,116,0.00817572261832383,38995.73604501937,COMPLETE
178,178,inf,4,1,1,5.239629052041265,116,0.007606661242076354,48952.11848654469,COMPLETE
179,179,0.025902628898620605,4,1,1,5.114241959442731,128,0.007987225011651115,143746.8958335249,COMPLETE
180,180,0.021704094484448433,4,1,1,5.377360658190293,128,0.00768477853205233,46865.051745118515,COMPLETE
181,181,0.07678630203008652,4,1,3,5.52278298543636,116,0.007514816315123011,42904.36370820924,COMPLETE
182,182,0.12585066258907318,4,1,3,5.665402581401566,116,0.007826541591961677,45688.556894875954,COMPLETE
183,183,inf,8,1,3,26.637439406837203,128,0.008034802177944078,142105.2150106603,COMPLETE
184,184,0.08282949030399323,4,1,3,7.1276974055303235,116,0.006109951189681813,42177.90319264851,COMPLETE
185,185,inf,4,1,3,11.046885575508993,124,0.009819720042050313,39571.721123218755,COMPLETE
186,186,inf,4,1,3,11.693135420732755,124,0.009991481649008035,42959.099907412965,COMPLETE
187,187,0.09988068789243698,4,1,3,2.829200152055641,124,0.007769717006162225,53147.56901502625,COMPLETE
188,188,inf,8,1,1,3.4075539565858612,128,0.007020260191879286,73634.00223255689,COMPLETE
189,189,inf,4,1,1,3.348602110225386,116,0.006770516750288848,161719.6824347025,COMPLETE
190,190,0.012896832078695297,4,1,1,3.153954790804544,116,0.0070093562962854255,152642.77954568295,COMPLETE
191,191,inf,4,1,1,3.6074526698109945,116,0.00721432686925303,164333.88912770658,COMPLETE
192,192,0.06943932920694351,4,1,1,5.335139491898382,116,0.0064543906779548415,147735.59969109512,COMPLETE
193,193,inf,4,1,1,6.809124729918845,116,0.007905738879442126,163912.64189195744,COMPLETE
194,194,0.09384659677743912,4,1,1,7.256472324836598,116,0.007896863157586328,140518.4289969931,COMPLETE
195,195,inf,4,1,1,7.234211267298083,112,0.009517439408648845,207133.9846062718,COMPLETE
196,196,0.06569747626781464,4,1,1,6.945637836897296,112,0.007083807691223939,162976.39121170627,COMPLETE
197,197,inf,4,1,1,3.4974644423369523,128,0.007528893613437118,175549.7551120933,COMPLETE
198,198,inf,4,1,1,2.495273692864503,128,0.007741052859582126,131010.61570525912,COMPLETE
199,199,inf,4,1,1,2.814322651734894,128,0.006970025866048875,152900.022933619,COMPLETE
200,200,inf,8,1,1,4.65089884440602,128,0.007540951268523054,115617.41983595116,COMPLETE
201,201,inf,4,1,1,4.613224144935477,128,0.007148924176014929,116962.37568906686,COMPLETE
202,202,inf,4,1,1,4.398403247105026,120,0.007900485755719019,102880.95842544867,COMPLETE
203,203,0.14701449871063232,8,1,1,4.594746813540197,128,0.0056804422962256195,113204.8362021827,COMPLETE
204,204,inf,8,1,1,4.1830893411784755,120,0.005528921002521772,356746.1450207019,COMPLETE
205,205,0.019507674500346184,4,1,1,4.03686846751699,120,0.005254434748256369,290909.744734778,COMPLETE
206,206,0.029508577659726143,4,1,1,3.900198273026793,120,0.005933482826976625,355251.5641453336,COMPLETE
207,207,inf,8,1,1,6.370207034685306,120,0.005419410217855038,330261.83057482116,COMPLETE
208,208,inf,4,1,1,6.0701533137437504,120,0.004623203208089122,275018.47746166796,COMPLETE
209,209,inf,8,1,1,7.083955617018747,120,0.004734741036350815,573476.5776916018,COMPLETE
210,210,inf,4,1,1,6.060944748500268,120,0.004848313468160336,71851.13795250766,COMPLETE
211,211,inf,4,1,1,6.330632161376892,120,0.004632476509785153,66921.39373174374,COMPLETE
212,212,inf,4,1,1,7.843065071501961,124,0.004576223161145008,56362.599261081334,COMPLETE
213,213,0.03563812002539635,4,1,1,8.068052296852846,124,0.009334407936589354,81155.64377396912,COMPLETE
214,214,inf,4,1,1,8.061724744598415,124,0.009936460585886151,76232.05576878437,COMPLETE
215,215,inf,4,1,1,8.121933202553548,124,0.009870757805340111,70702.60300815647,COMPLETE
216,216,0.07591632008552551,4,1,1,7.4492605305085995,124,0.009878700848756885,620108.0639968496,COMPLETE
217,217,0.021839411929249763,4,1,1,8.164264920160816,124,0.009757629398352894,63020.30695095245,COMPLETE
218,218,inf,4,1,1,7.933760776681353,124,0.009892500821830526,74279.91024832411,COMPLETE
219,219,0.030081333592534065,4,1,1,5.361980255299104,112,0.009567374811467758,68919.40306925341,COMPLETE
220,220,inf,4,1,3,5.220578104914423,116,0.005972145663676426,59567.22219687889,COMPLETE
221,221,0.020923124626278877,4,1,1,2.7736969645007474,112,0.005793692537968134,56846.03388000725,COMPLETE
222,222,inf,4,1,1,5.402920542496549,112,0.009988005036931494,1278226.0715318986,COMPLETE
223,223,0.03462996333837509,4,1,1,5.695173633014612,112,0.009960193467028429,666436.7786160036,COMPLETE
224,224,0.03128538280725479,4,1,1,5.4183711451948104,112,0.005952032717416842,514225.5018492123,COMPLETE
225,225,inf,4,1,1,2.314510146606004,112,0.0055161126238823886,1460765.777921158,COMPLETE
226,226,inf,8,1,1,4.182233525331062,112,0.005509922191699979,607629.9076482748,COMPLETE
227,227,inf,4,1,1,5.506007953033816,120,0.003985709585539734,33960.489349203686,COMPLETE
228,228,0.10494591295719147,8,1,1,6.071461549055609,120,0.004030768232472119,515033.0033083671,COMPLETE
229,229,inf,8,1,1,3.894445462762476,120,0.003920969184817774,409898.66797003255,COMPLETE
230,230,inf,4,1,1,3.8489147048076418,116,0.0061870370667316665,253937.90736960512,COMPLETE
231,231,inf,4,1,1,5.571341543245296,116,0.006213066311764807,255717.9551859931,COMPLETE
232,232,0.07959720492362976,4,1,1,6.412503437248906,116,0.006253345381783341,586437.4685224671,COMPLETE
233,233,inf,4,1,1,7.075033900080739,116,0.006119033431350768,798871.3899472621,COMPLETE
234,234,0.01430071983486414,4,1,1,3.683702021335065,116,0.006288890219818596,96667.57422221507,COMPLETE
235,235,inf,4,1,1,6.963436265496137,124,0.006207940749928323,212177.55017158933,COMPLETE
236,236,0.0218961201608181,4,1,1,4.99032935890562,112,0.006187688176300329,36074.95498122996,COMPLETE
237,237,0.02040921337902546,4,1,1,4.69746226890501,112,0.009940325963929866,36297.512396212136,COMPLETE
238,238,0.08578349649906158,8,1,1,3.2355415904674656,112,0.008679413961144529,801577.1408657439,COMPLETE
239,239,inf,8,1,1,3.1927172473913226,112,0.009818459950737157,827053.0613225509,COMPLETE
240,240,0.034586917608976364,4,1,1,4.715700113046414,112,0.009918268803918162,1076099.4846643908,COMPLETE
241,241,inf,8,1,1,3.0289295807034975,112,0.00930715094592614,411592.18702830037,COMPLETE
242,242,0.032369934022426605,8,1,1,3.0415579473116123,112,0.009963181876161551,766327.885363458,COMPLETE
243,243,0.07107040286064148,4,1,1,4.6950281459912615,112,0.009934732965935316,100072.77627490181,COMPLETE
244,244,0.06849635392427444,4,1,1,9.088088877150547,112,0.00984149648573303,811428.9495103261,COMPLETE
245,245,0.01965729519724846,4,1,1,4.541512808811789,112,0.008228334120126074,93035.82776211924,COMPLETE
246,246,0.022213004529476166,4,1,1,4.645839190258696,112,0.009636467674503536,95987.79393029361,COMPLETE
247,247,0.01923416741192341,4,1,1,4.574507978842977,108,0.009986082971475919,103188.23833199735,COMPLETE
248,248,inf,4,1,1,4.063515260690387,108,0.00987011916395703,109793.67361694587,COMPLETE
249,249,0.04535835608839989,4,1,1,2.201355651313442,112,0.004482908408321975,93539.19157054144,COMPLETE
250,250,inf,4,1,1,2.3111231839786823,108,0.004924236720819105,2123751.132209716,COMPLETE
251,251,inf,4,1,1,1.761553581347305,112,0.00487305261926835,100210.78261066446,COMPLETE
252,252,inf,4,1,1,4.5380341253717935,108,0.005147171209154876,975221.1417806448,COMPLETE
253,253,inf,4,1,1,2.524821270688519,112,0.0050351926901954615,2245300.280175488,COMPLETE
254,254,0.014552637003362179,4,1,1,3.7813655733664375,112,0.0058160643664646895,228380.33325899826,COMPLETE
255,255,inf,4,1,1,1.6233970143025838,112,0.006072360164976,220515.88658636733,COMPLETE
256,256,inf,4,1,1,4.02422843681855,108,0.007142014746232966,203987.10507927145,COMPLETE
257,257,inf,4,1,1,3.8177045570533372,108,0.007655702275067536,1147158.6644140205,COMPLETE
258,258,0.028560757637023926,4,1,1,4.045387379579299,108,0.007487483621143491,10793247.027471602,COMPLETE
259,259,0.020265253260731697,4,1,1,4.043980835526965,108,0.007579940030164577,82296.1734646085,COMPLETE
260,260,inf,4,1,1,3.4943303445865017,104,0.007653169395796955,71973.94932398791,COMPLETE
261,261,0.024710871279239655,4,1,1,3.705987097287363,112,0.007499571624949923,84277.02556555544,COMPLETE
262,262,inf,4,1,1,3.744524295549897,104,0.007656887390867337,74826.53744239765,COMPLETE
263,263,inf,4,1,1,3.6689876023808683,104,0.007242175813358171,84847.12058462044,COMPLETE
264,264,inf,4,1,1,2.1053824546783613,112,0.0036069497912133777,85424.58517148468,COMPLETE
265,265,inf,8,1,1,2.2300226576626776,108,0.0044290957952076914,87055.31371806914,COMPLETE
266,266,inf,8,1,1,3.486878549189783,104,0.0077748920193279,83358.8846077802,COMPLETE
267,267,0.015701478347182274,8,1,1,2.0211992291595418,108,0.009849993445314325,91315.77572263169,COMPLETE
268,268,inf,4,1,1,2.9245314318755806,112,0.0094992957431789,90941.73938453668,COMPLETE
269,269,inf,8,1,1,2.9160396280928476,112,0.009987558330294122,342180.3134629659,COMPLETE
270,270,inf,8,1,1,2.7891611738333375,108,0.009705981899526598,298747.88819703273,COMPLETE
271,271,inf,4,1,1,2.93419913410688,112,0.009729253492907517,272772.42860968836,COMPLETE
272,272,inf,4,1,1,4.748847570768742,108,0.006313565047985374,59162.55753579383,COMPLETE
273,273,inf,4,1,1,4.738140745755442,112,0.006085483626847265,109452.27866339116,COMPLETE
274,274,inf,4,1,1,4.833088058343228,112,0.0059982162777157235,116281.9235132791,COMPLETE
275,275,inf,4,1,1,4.72976033233888,108,0.00568789460985863,130752.28441218693,COMPLETE
276,276,inf,4,1,1,4.636364679507194,112,0.00398994345815254,129388.57483504532,COMPLETE
277,277,inf,4,1,1,4.496884304297509,120,0.003799362523645439,135884.79377010968,COMPLETE
278,278,inf,4,1,1,4.493000169563051,120,0.007699474952652397,6247706.516536497,COMPLETE
279,279,inf,8,1,1,4.41448697024609,120,0.0098585129550309,455280.86865275836,COMPLETE
280,280,inf,4,1,1,5.355294613600257,120,0.003798768897891367,45939143.98146492,COMPLETE
281,281,inf,4,1,1,5.479679615703,116,0.007983963591898508,204356.3939366377,COMPLETE
282,282,inf,8,1,1,4.0771741195478395,108,0.0034479890291215,18876572.53676857,COMPLETE
283,283,inf,8,1,1,3.7762922476220324,108,0.007532291287486556,10898779.105006255,COMPLETE
284,284,inf,8,1,1,3.263114746630864,108,0.007657301711343115,28270718.889474347,COMPLETE
285,285,inf,8,1,1,5.666587310162764,116,0.007287142283342313,226807.25723350968,COMPLETE
286,286,inf,8,1,1,3.219986743167992,116,0.004905496031251637,50542.51744449985,COMPLETE
287,287,inf,4,1,1,3.175055589280419,116,0.005239173735131079,51464.30588992687,COMPLETE
288,288,0.054180629551410675,8,1,1,3.1931272383325164,116,0.0057253585899292225,204131.65343192487,COMPLETE
289,289,inf,4,1,1,1.468311788127813,116,0.005443845369819726,58457.20435551268,COMPLETE
290,290,inf,4,1,1,2.6503828458368126,116,0.005529037101614176,219059.0936211897,COMPLETE
291,291,0.01928912289440632,4,1,1,2.70365747411889,116,0.005776335521205796,56912.792820224015,COMPLETE
292,292,inf,8,1,1,2.5991451406251107,116,0.005061400236279762,53996.652303493785,COMPLETE
293,293,inf,4,1,1,1.4190631198049206,104,0.005657463667559107,33802.78268961371,COMPLETE
294,294,inf,4,1,1,2.6129865670983357,104,0.005582828083132315,28502.548300513554,COMPLETE
295,295,inf,4,1,1,1.462657318441682,104,0.0055809856164344696,29927.155800835742,COMPLETE
296,296,inf,4,1,1,3.747241919230978,104,0.005625149845088559,27519.341396191157,COMPLETE
297,297,0.017877377569675446,4,1,1,1.2776678120031961,104,0.005988142504945083,36367.91578277897,COMPLETE
298,298,0.01633073203265667,4,1,1,3.7044267765325567,104,0.0061496978577737045,28993.17235896901,COMPLETE
299,299,inf,4,1,1,3.9464105671302776,104,0.0030850964003555376,188669.86171611343,COMPLETE
300,300,inf,4,1,1,3.830605382030299,104,0.006884786417978698,31270.37694731822,COMPLETE
301,301,inf,4,1,1,3.7574754281588914,100,0.0064975281887337645,30746.295870052236,COMPLETE
302,302,inf,4,1,1,3.9415061854099136,100,0.006694236531683187,163542.54879811872,COMPLETE
303,303,inf,4,1,1,3.8892169825396437,100,0.002922081171341152,163822.48357527755,COMPLETE
304,304,inf,4,1,1,3.882618780134647,128,0.0032896915161693433,172026.22983857093,COMPLETE
305,305,inf,4,1,1,6.050816515013497,128,0.004026852013323297,143267.176866319,COMPLETE
306,306,inf,4,1,1,6.031345345671957,128,0.0041542302141507285,61619.99172868062,COMPLETE
307,307,inf,4,1,1,5.977975976020636,108,0.0036941160185831297,58571.420822978835,COMPLETE
308,308,inf,4,1,1,6.047995933329747,128,0.004174787795499691,65132.220870880155,COMPLETE
309,309,inf,4,1,1,5.820296479671179,108,0.004269153855687345,66879.10981705264,COMPLETE
310,310,inf,4,1,1,5.9958686807982815,128,0.004209104481541112,70606.27480065112,COMPLETE
311,311,inf,4,1,1,5.912806188758341,108,0.004171967572174852,62278.46326779571,COMPLETE
312,312,inf,4,1,1,5.40311468453836,108,0.004188188370497548,64112.940108446965,COMPLETE
313,313,inf,4,1,1,2.0389967391286663,108,7.340331721201134e-05,105799.61834615818,COMPLETE
314,314,inf,4,1,1,1.9255974930693813,108,0.007503171313789656,46975.24896656683,COMPLETE
315,315,0.018093397840857506,8,1,1,2.2279223762275935,108,0.007786458157932521,43626.05186370243,COMPLETE
316,316,0.01858643628656864,4,1,1,2.2500587775195653,108,0.007719831475055505,42341.08957068855,COMPLETE
317,317,inf,8,1,1,4.975812363627879,112,6.900112281971308e-05,99878458.66398838,COMPLETE
318,318,inf,8,1,1,2.0441178731747818,120,0.0072361836726696745,45396.6354046063,COMPLETE
319,319,inf,8,1,1,2.132194817869078,120,4.180169113160416e-06,39917.27026579902,COMPLETE
320,320,inf,8,1,1,1.9555442973611847,120,1.922055188194044e-05,43385.75986586638,COMPLETE
321,321,inf,8,1,1,2.391923238181759,120,0.00791070221078257,47033.22099563872,COMPLETE
322,322,inf,8,1,1,2.5885223836567786,120,0.00797754943705745,43164.24276883205,COMPLETE
323,323,inf,8,1,1,2.508671568750871,120,0.00786885711938117,41299.68430165083,COMPLETE
324,324,inf,8,1,1,2.4316896977235976,120,1.9162572866791832e-05,97320.93641012069,COMPLETE
325,325,inf,8,1,1,1.0373112813135812,124,0.007909578933565557,16253.730986289658,COMPLETE
326,326,inf,4,1,1,1.3160779539044112,124,0.007628158806797901,15480.839724851116,COMPLETE
327,327,inf,4,1,1,2.5464643613844427,124,0.008510065144176236,19676.83821319514,COMPLETE
328,328,inf,4,1,1,3.194013750376023,124,0.008060098555299112,17204.85202463032,COMPLETE
329,329,inf,4,1,1,1.1322087894262916,124,0.007982150530585843,103118.68584598365,COMPLETE
330,330,0.01820128783583641,4,1,1,3.064095592347364,124,0.006428760619673677,96225.90628093801,COMPLETE
331,331,inf,4,1,1,4.344117716095743,112,0.0066884913282922905,91473.45947360978,COMPLETE
332,332,0.0698348805308342,4,1,1,3.2610717092322803,112,0.009885037208960775,20280.82050031224,COMPLETE
333,333,inf,4,1,1,3.3732953898339324,112,0.006229453046827318,97297.54866412806,COMPLETE
334,334,0.038383375853300095,4,1,1,4.478343822298436,112,0.009872470492057016,123176.58020102698,COMPLETE
335,335,0.020093627274036407,4,1,1,3.5176568570983826,112,0.006070438007172992,24868.232803681934,COMPLETE
336,336,0.01742139831185341,4,1,1,3.4422582318284567,112,0.0052637356042608135,29187.431708261516,COMPLETE
337,337,inf,4,1,4,1.1855765173540431,80,0.002635102047255448,28085.03824577919,COMPLETE
338,338,inf,4,1,1,1.187448504342399,100,0.0027267774968561466,29298.782637844044,COMPLETE
339,339,inf,4,1,1,4.408255606624084,116,0.00480600549417294,27773.19500688072,COMPLETE
340,340,inf,4,1,1,4.546741792416399,116,0.002687539845347396,26730.89453640741,COMPLETE
341,341,inf,4,1,1,1.570977696552597,104,0.00458207175745405,30051.12571183342,COMPLETE
342,342,inf,12,1,1,2.9453669647568916,104,0.005002332342448256,38859.04788372313,COMPLETE
343,343,inf,4,1,1,2.9396267128916764,108,0.004797545744439354,36292.78792373011,COMPLETE
344,344,inf,12,1,1,2.9178046088488983,108,0.005259998840325781,4846991.505246172,COMPLETE
345,345,0.013645319268107414,4,1,1,3.4418412751781426,108,0.005066404174055734,139949.64651912454,COMPLETE
346,346,0.012904444709420204,4,1,1,1.672187214531183,108,0.005991797637307625,128530.14587192655,COMPLETE
347,347,inf,4,1,1,1.9963510911424998,108,0.004880399400790082,126119.96701602876,COMPLETE
348,348,0.014575348235666752,4,1,1,1.7080871057272151,104,0.009976753241104884,78778.05544011551,COMPLETE
349,349,inf,8,1,1,1.630681537783354,104,0.005998945487266364,79376.04412669066,COMPLETE
350,350,inf,8,2,1,1.5775393293166662,104,0.009996698439410067,81260.13654862305,COMPLETE
351,351,inf,8,1,1,1.8218682590760586,112,0.006119350038065391,78004.6866994689,COMPLETE
352,352,inf,8,1,1,1.7113861063386133,108,0.006134688739160878,70573.4042883218,COMPLETE
353,353,inf,8,1,1,1.7592281590452508,108,0.006042010339962552,61050.534775863394,COMPLETE
354,354,inf,4,1,1,1.8729193479795045,116,0.006229188306743896,61586.60754515282,COMPLETE
355,355,inf,4,1,1,2.2411131459666858,108,0.0033478339844581814,51451.947904300236,COMPLETE
356,356,inf,4,3,1,2.2999325408849733,116,0.003420850908733921,41449.35464738128,COMPLETE
357,357,inf,4,1,1,3.5300108934367858,116,0.0034754519543040256,48621.535603707096,COMPLETE
358,358,inf,4,3,1,3.4188879899288493,116,0.0035833710669178325,47147.33908779511,COMPLETE
359,359,inf,4,1,1,3.4153638359449814,116,0.004560404055236739,126882.1839445626,COMPLETE
360,360,inf,4,1,1,3.4316378132624554,116,0.003379796535418162,38258.28257364716,COMPLETE
361,361,inf,4,1,1,3.30340437919756,112,0.003426440482706656,11967.046587496028,COMPLETE
362,362,0.021302415058016777,4,1,1,2.736244093100743,112,0.009942917215985465,21337.20110488,COMPLETE
363,363,inf,4,1,1,2.9158191903500583,112,0.00732626607471292,24256.682292821028,COMPLETE
364,364,inf,4,1,1,2.741024809250972,112,0.0070367775750161,11234.829572045574,COMPLETE
365,365,inf,4,1,1,2.9026420039964025,112,0.007224569203554985,12123.375574886146,COMPLETE
366,366,inf,4,1,1,2.797807641912475,112,0.00693201632505779,22962.570329302664,COMPLETE
367,367,inf,4,1,1,51.10132008461183,112,0.007449801573007969,20283.76563019055,COMPLETE
368,368,inf,4,1,1,2.7423404809749834,112,0.009881722442130328,17606.847067586536,COMPLETE
369,369,inf,8,1,1,2.8108461470327915,100,0.009708928579273,19533.56137671403,COMPLETE
370,370,inf,8,1,1,2.6817467176610554,104,0.009952032109475374,20030.95714021667,COMPLETE
371,371,inf,8,1,1,2.554299769219912,104,0.009679897041867603,21283.413701090092,COMPLETE
372,372,inf,8,1,1,2.4968094673322203,92,0.004890294085310204,19301.794986898516,COMPLETE
373,373,inf,8,1,1,1.3191698098602422,108,2.3852465516737196e-07,320922.59219644155,COMPLETE
374,374,inf,12,1,1,2.207703735015748,108,0.0047603523720420315,236306.98036171964,COMPLETE
375,375,inf,12,1,1,2.2742714104350457,108,0.004856479554635188,255475.0117691727,COMPLETE
376,376,inf,12,1,1,2.1755181577227543,88,0.004960337144561717,296386.85942284047,COMPLETE
377,377,inf,4,1,1,1.3590954912411144,108,0.005129387610967931,320752.8209967018,COMPLETE
378,378,inf,12,1,1,1.4239932268120534,108,0.005055931286480143,167494.7776491151,COMPLETE
379,379,inf,4,1,1,1.2885602822142554,100,0.005628998690106511,153584.21758851633,COMPLETE
380,380,inf,4,1,1,1.9899805103704453,108,0.0059934264178882115,169928.00963842703,COMPLETE
381,381,inf,4,1,5,4.076314390125762,100,0.0062890575828429005,132476.02668245698,COMPLETE
382,382,inf,4,1,1,1.4051934774262613,108,0.00592764592863091,158552.9086270027,COMPLETE
383,383,0.014239932410418987,4,1,1,1.5080492717956158,104,0.006147154119002313,160917.56914649485,COMPLETE
384,384,inf,4,1,1,4.098836203962538,108,0.006222263088038863,99131.64971502053,COMPLETE
385,385,inf,4,4,1,1.5823629427780193,104,0.006340895862603781,27782.06259331305,COMPLETE
386,386,inf,4,1,1,1.8611079546992353,104,0.006313166542738611,30276.565379994077,COMPLETE
387,387,0.012835275381803513,4,1,1,1.7350233671508795,76,0.0064223143702001025,176020.9717406892,COMPLETE
388,388,inf,4,1,1,1.7798021615250665,104,0.0065477094281448005,117634.154704457,COMPLETE
389,389,inf,4,1,1,1.5406671902978,104,0.002458738220072464,111604.07961606234,COMPLETE
390,390,inf,4,1,1,2.0878511879465,104,8.511110704794387e-06,107270.40995914901,COMPLETE
391,391,inf,4,1,1,1.7683817825491224,104,0.004142979441771806,116633.01471738756,COMPLETE
392,392,inf,4,1,4,1.6960212554342378,104,0.0023334399345472513,104338.11203454735,COMPLETE
393,393,inf,8,1,1,1.7363552830812221,104,0.004004463875119572,75425.62566994617,COMPLETE
394,394,inf,8,4,1,1.6868652388002472,96,0.0077246557073383446,58562.04558183774,COMPLETE
395,395,inf,8,1,1,81.4852059123527,96,0.003995667151157081,62857.28377980488,COMPLETE
396,396,inf,4,2,1,3.1708174965341756,100,0.004224027261855102,30907.088855058108,COMPLETE
397,397,0.013867550529539585,4,1,1,3.3069379506877796,104,0.009856167219206948,76379.80738748358,COMPLETE
398,398,inf,8,1,1,3.344491390141103,100,0.0038232157731429893,73377.51253474398,COMPLETE
399,399,0.029340211302042007,4,1,1,3.383319815620173,100,0.007975136298208719,51865.34926095198,COMPLETE
400,400,inf,4,1,1,1.0712786016804101,108,0.008203219599490106,196121.87796743822,COMPLETE
401,401,inf,4,1,1,3.44128899104023,100,0.00986151655134654,207022.4096167273,COMPLETE
402,402,inf,4,1,1,2.522487929350913,108,3.8403815406817023e-05,189606.88871015885,COMPLETE
403,403,0.015434925444424152,4,1,1,2.350626740321208,108,0.007940191502596058,208698.3323679635,COMPLETE
404,404,inf,4,1,1,2.3858552959247974,108,0.008068483477091272,188918.19908103996,COMPLETE
405,405,0.037622835487127304,4,1,1,2.3233754412725682,108,0.009996931240747573,51191.80522907928,COMPLETE
406,406,inf,4,1,1,2.3213491964641633,112,0.007829564044556711,47397.33959305442,COMPLETE
407,407,inf,4,1,1,2.336641645076293,108,0.00996797260377926,46373.5094597664,COMPLETE
408,408,inf,8,1,1,2.4241241724207163,112,0.007983736654067387,47376.66935152903,COMPLETE
409,409,inf,4,1,1,2.3410093711279014,108,0.00976242489699885,52400.47928571643,COMPLETE
410,410,inf,4,1,1,2.0385153431296366,108,0.00498318688550309,226398.77138595018,COMPLETE
411,411,0.1179056316614151,4,1,1,2.0090882595529695,108,0.003176508179256562,373276.79535816866,COMPLETE
412,412,inf,4,1,1,2.056354021246271,72,0.0030869673201343443,148332.8851516603,COMPLETE
413,413,inf,4,1,1,1.2075765023754736,104,0.003070785375188801,384049.2612246182,COMPLETE
414,414,inf,8,1,1,2.0544251219807346,76,0.003041369782185714,243766.34084212617,COMPLETE
415,415,inf,8,1,1,1.3331269775480825,100,0.0029178268684125343,419675.7793720329,COMPLETE
416,416,inf,8,1,1,1.2394413114533356,100,0.0029643371921788952,383342.50519040786,COMPLETE
417,417,inf,8,1,1,1.3514526358263925,104,0.004303895816603855,393919.1630676248,COMPLETE
418,418,inf,8,1,1,1.2948599006611448,112,0.00479975457924392,275118.7948928277,COMPLETE
419,419,inf,8,1,1,1.0113790365633812,116,0.004922911759205464,285533.22664498794,COMPLETE
420,420,inf,8,1,1,1.3799007777831394,112,0.004809376363420895,156983.41424279156,COMPLETE
421,421,0.016733694821596146,4,1,1,2.8508793477869387,112,0.004654476052624555,142744.2842696229,COMPLETE
422,422,inf,4,1,1,1.5478376750867224,112,0.005013083374041803,148069.27567846372,COMPLETE
423,423,inf,4,1,1,2.8409197164634947,112,0.005579780935164745,150232.23825112463,COMPLETE
424,424,inf,4,1,1,3.008826812961119,112,0.0057884411333350965,148182.58198189698,COMPLETE
425,425,0.020330660045146942,4,1,1,2.92686492992581,112,0.006543426397727581,140651.23359704178,COMPLETE
426,426,inf,4,1,1,3.0146404210717064,108,1.654564228351039e-08,87038.22711370014,COMPLETE
427,427,0.0147602129727602,4,1,1,2.8454414038023716,112,0.006439353079067854,83454.94633553666,COMPLETE
428,428,inf,4,1,1,2.930769387546303,80,0.00015256566799232393,85935.65803078478,COMPLETE
429,429,inf,4,1,1,2.7488418702448065,108,0.00649088326691464,89734.82182625019,COMPLETE
430,430,inf,4,1,1,2.91135530392703,108,0.00692015767035582,90428.9508756837,COMPLETE
431,431,inf,4,1,1,1.7722666418823443,108,0.0065700762024978555,92109.1065645406,COMPLETE
432,432,inf,4,1,1,1.702602627880063,104,0.006750271988808575,196019.28002603285,COMPLETE
433,433,0.01959170214831829,4,1,1,4.080208589628951,96,0.007034819354558099,231690.6929530563,COMPLETE
434,434,0.02789425663650036,4,1,1,3.558740503079359,96,0.006971319542967506,221598.06089132617,COMPLETE
435,435,inf,4,2,1,4.031411005596621,104,0.006864862341659576,108929.2618037898,COMPLETE
436,436,inf,4,1,1,3.7367541251687557,96,0.006652932758707474,228015.06994765997,COMPLETE
437,437,0.020532725378870964,4,1,1,3.82754596037662,96,0.0069334761773130115,236028.73599939575,COMPLETE
438,438,inf,4,1,1,3.7261339420805992,96,0.00031579990260405553,112749.42562427152,COMPLETE
439,439,0.011940719559788704,4,1,1,3.6741117986914986,96,0.007752509932854953,118574.8128656457,COMPLETE
440,440,inf,8,1,1,1.872725373144586,104,0.00788301568379585,126166.30065250208,COMPLETE
441,441,inf,8,1,1,3.848050099206422,104,0.004105922312851736,135244.42239471068,COMPLETE
442,442,inf,8,1,1,4.149207248064452,92,0.004143638332937659,261514.4403161934,COMPLETE
443,443,inf,4,1,1,3.5746488061548196,68,0.004053361694164161,251183.79312037572,COMPLETE
444,444,inf,4,1,1,1.5482590618175516,104,0.007923402832274752,249416.66828900296,COMPLETE
445,445,inf,4,1,1,3.3850568964784133,104,0.007801002386465599,233373.4113243256,COMPLETE
446,446,inf,4,5,1,16.452851057674906,104,0.005624152355438756,194583.11944176344,COMPLETE
447,447,inf,4,1,1,2.0736195649398472,104,0.005733898062912055,186279.31125304618,COMPLETE
448,448,inf,4,1,1,2.3335512732956643,100,0.002115968545021964,187786.16897334647,COMPLETE
449,449,inf,4,5,1,2.221175657086597,100,0.005450482998428914,209427.68462261301,COMPLETE
450,450,inf,4,3,1,2.0155306631664422,100,0.005110172017478544,192852.16931271213,COMPLETE
451,451,inf,4,1,1,2.41889366380944,104,0.002190629242291438,465244.8389376975,COMPLETE
452,452,inf,4,1,1,1.0455894196775806,100,0.004893335955927436,80012.38046951145,COMPLETE
453,453,inf,8,1,1,2.1320605051605646,100,0.0022902684035643562,524056.1858399564,COMPLETE
454,454,inf,8,5,1,2.3593544550151133,100,0.002147933532213996,324550.8454616455,COMPLETE
455,455,inf,8,1,1,2.008651404506063,100,0.0037436634021503937,422634.04486548307,COMPLETE
456,456,inf,8,1,1,3322.1599023570548,100,4.88257245374462e-08,81606.3592096749,COMPLETE
457,457,inf,8,1,4,2.4917222459467814,92,0.0041246742725485385,544795.5171607309,COMPLETE
458,458,inf,4,1,1,2.4792045352514864,88,0.0038152374562165463,77404.8809983531,COMPLETE
459,459,inf,4,1,1,2.463052920482682,84,0.00474784894424833,83107.93083365221,COMPLETE
460,460,inf,4,1,5,2.3811943279181897,108,0.004848100918209209,122150.009805781,COMPLETE
461,461,inf,4,1,1,37.014820235486056,108,0.0046648309930580984,123484.3385437598,COMPLETE
462,462,inf,4,1,1,1.5626417001889679,88,0.003976939046074651,119907.56826011784,COMPLETE
463,463,inf,64,1,1,1.6061192480042388,108,0.0037517853245372158,117992.60997451762,COMPLETE
464,464,inf,4,1,1,1.5580300865883165,108,0.005295524002895705,134311.33248338973,COMPLETE
465,465,inf,4,1,1,1.8090820973104735,116,0.005024480113711938,125376.43186889394,COMPLETE
466,466,0.016581913456320763,4,1,1,3.021397282080536,88,0.005185376142976846,110742.14942431494,COMPLETE
467,467,inf,4,1,1,3.0536752692206837,116,0.005200461160046571,143906.74712870762,COMPLETE
468,468,inf,4,1,1,3.2772140015975855,116,0.005019221477281063,129804.99451468566,COMPLETE
469,469,inf,4,1,1,3.1507460864749617,60,0.005614981738419982,130665.23922100835,COMPLETE
470,470,inf,4,1,1,3.1123294860377535,60,0.009898137617363821,112213.40391582788,COMPLETE
471,471,inf,4,1,5,3.1421713196481336,116,0.009901241798362643,138416.12646709586,COMPLETE
472,472,0.019115455448627472,4,1,1,3.153362467666692,76,0.007939867218950807,61623.38673797442,COMPLETE
473,473,inf,8,1,1,8006.129776848265,116,0.0080758122339207,64588.311692402945,COMPLETE
474,474,inf,8,1,1,3.074783372465649,60,0.007959150077578605,76529.44731592324,COMPLETE
475,475,inf,8,1,1,3.37679363069283,112,0.009991486941931004,61997.41351153475,COMPLETE
476,476,inf,4,1,1,2.695561070449107,64,0.009917945894916817,58426.03193786487,COMPLETE
477,477,inf,8,1,1,3.1487126136808317,112,0.008079991143143643,294900.22895519366,COMPLETE
478,478,0.02526301145553589,4,1,1,3.1292639625156116,112,0.009954229894432013,37158.7289096256,COMPLETE
479,479,0.021052148193120956,4,1,1,1.8199856796310385,112,0.009968739724702027,311009.08419188415,COMPLETE
480,480,inf,8,2,1,1.8979855988718841,112,0.003275124602735957,38206.859530061054,COMPLETE
481,481,inf,8,1,1,1.8102826023362653,96,0.002966595093023299,305550.3636567563,COMPLETE
482,482,inf,4,1,1,1.8537497173333206,104,0.007969883422489613,265668.6168814626,COMPLETE
483,483,inf,4,1,1,1.7870821284135798,92,0.0029360617662361373,314119.3831442479,COMPLETE
484,484,inf,4,1,1,1.1517907715830706,104,0.00011555669565971759,180592.9710038027,COMPLETE
485,485,0.015490824356675148,4,1,1,1.120482023053177,76,0.007567988816416428,329090.4133320355,COMPLETE
486,486,inf,56,1,1,1.379400968390653,104,0.00734256128213276,189085.8691728968,COMPLETE
487,487,inf,4,1,1,4.4252905270968625,84,0.006685033344503103,188141.48342102635,COMPLETE
488,488,inf,4,1,1,4.650578046446784,104,0.006476383801201247,88865.96643485245,COMPLETE
489,489,inf,4,1,1,4.337677140081482,104,0.0064281496350391265,77216.40396589434,COMPLETE
490,490,inf,4,1,1,24.61920327288575,104,0.00632051392392956,87792.29137145123,COMPLETE
491,491,inf,4,1,1,4.707734146539729,108,0.00616641730334365,96903.6046125031,COMPLETE
492,492,inf,4,1,1,4.1526876051552835,108,0.006398383557915938,84094.46249869913,COMPLETE
493,493,inf,4,1,1,2.7033377520360915,108,0.0063355023728708625,83842.43741824025,COMPLETE
494,494,inf,4,1,1,2.50339396355443,108,0.007804014766562831,93809.8706803654,COMPLETE
495,495,inf,4,1,1,2.589915813570568,76,5.381187955429313e-06,94550.5564385312,COMPLETE
496,496,inf,4,1,1,2.617880864555637,84,0.003712453337884742,161297.26271001686,COMPLETE
497,497,inf,4,2,1,2.5783909638109908,108,0.003812795153254065,164876.46880250843,COMPLETE
498,498,inf,8,1,1,2.6594274907659825,88,1.1280416343183024e-07,157327.83224266014,COMPLETE
499,499,inf,8,1,1,2.42415883325321,80,0.003459143209654719,60286.23101342334,COMPLETE
