,pred,target
0,"tf.Tensor([-92792552.], shape=(1,), dtype=float32)",[-3.00164782]
1,"tf.Tensor([-85005008.], shape=(1,), dtype=float32)",[-3.56598353]
2,"tf.Tensor([-17085.809], shape=(1,), dtype=float32)",[-3.23244969]
3,"tf.Tensor([-5.711386e+08], shape=(1,), dtype=float32)",[-2.43999512]
4,"tf.Tensor([-8255953.5], shape=(1,), dtype=float32)",[-4.03300453]
5,"tf.Tensor([-12838570.], shape=(1,), dtype=float32)",[-4.11187437]
6,"tf.Tensor([-6590903.5], shape=(1,), dtype=float32)",[-2.43931429]
7,"tf.Tensor([-1829816.8], shape=(1,), dtype=float32)",[-4.39124412]
8,"tf.Tensor([-1.3021579e+08], shape=(1,), dtype=float32)",[-3.42319767]
9,"tf.Tensor([-80860160.], shape=(1,), dtype=float32)",[-5.07981722]
10,"tf.Tensor([-1.4533608e+08], shape=(1,), dtype=float32)",[-5.34515266]
11,"tf.Tensor([-17296646.], shape=(1,), dtype=float32)",[-3.63370145]
12,"tf.Tensor([-6154904.5], shape=(1,), dtype=float32)",[-3.11141023]
13,"tf.Tensor([-96024728.], shape=(1,), dtype=float32)",[-3.3063317]
14,"tf.Tensor([-96782944.], shape=(1,), dtype=float32)",[-5.11119599]
15,"tf.Tensor([-5.388824e+08], shape=(1,), dtype=float32)",[-3.00566365]
16,"tf.Tensor([-4177194.], shape=(1,), dtype=float32)",[-3.66504169]
17,"tf.Tensor([-2.2619005e+08], shape=(1,), dtype=float32)",[-3.75957963]
18,"tf.Tensor([-4376041.], shape=(1,), dtype=float32)",[-3.14502321]
19,"tf.Tensor([-26319194.], shape=(1,), dtype=float32)",[-3.11567547]
20,"tf.Tensor([-59446.062], shape=(1,), dtype=float32)",[-2.91218984]
21,"tf.Tensor([-63255808.], shape=(1,), dtype=float32)",[-3.17016496]
22,"tf.Tensor([-18889.754], shape=(1,), dtype=float32)",[-3.63251103]
23,"tf.Tensor([-50700.46], shape=(1,), dtype=float32)",[-2.78245657]
24,"tf.Tensor([-1.2011433e+08], shape=(1,), dtype=float32)",[-3.60173017]
25,"tf.Tensor([-4.2940333e+08], shape=(1,), dtype=float32)",[-3.7284935]
26,"tf.Tensor([-5.526376e+08], shape=(1,), dtype=float32)",[-2.70922295]
27,"tf.Tensor([-2.931754e+08], shape=(1,), dtype=float32)",[-4.60395616]
28,"tf.Tensor([-2.9536262e+08], shape=(1,), dtype=float32)",[-3.13916326]
29,"tf.Tensor([-6087913.], shape=(1,), dtype=float32)",[-3.79025994]
30,"tf.Tensor([-2.25756e+08], shape=(1,), dtype=float32)",[-3.68369882]
31,"tf.Tensor([-11233714.], shape=(1,), dtype=float32)",[-3.28573139]
32,"tf.Tensor([-1.9595798e+08], shape=(1,), dtype=float32)",[-2.96708542]
33,"tf.Tensor([-2.947867e+08], shape=(1,), dtype=float32)",[-4.65421115]
34,"tf.Tensor([-2298037.5], shape=(1,), dtype=float32)",[-4.05225292]
35,"tf.Tensor([-10691940.], shape=(1,), dtype=float32)",[-2.98645354]
36,"tf.Tensor([-2.611441e+08], shape=(1,), dtype=float32)",[-4.35759528]
37,"tf.Tensor([-40574828.], shape=(1,), dtype=float32)",[-2.71368645]
38,"tf.Tensor([-9.502036e+08], shape=(1,), dtype=float32)",[-3.28328648]
39,"tf.Tensor([-27199090.], shape=(1,), dtype=float32)",[-2.48930388]
40,"tf.Tensor([-1.55372e+08], shape=(1,), dtype=float32)",[-3.69975783]
41,"tf.Tensor([-4.4718464e+08], shape=(1,), dtype=float32)",[-2.89268966]
42,"tf.Tensor([-5459539.5], shape=(1,), dtype=float32)",[-3.64446643]
43,"tf.Tensor([-3.7605206e+08], shape=(1,), dtype=float32)",[-2.62792269]
44,"tf.Tensor([-2.2886896e+08], shape=(1,), dtype=float32)",[-3.60515864]
45,"tf.Tensor([-48673568.], shape=(1,), dtype=float32)",[-5.38586432]
46,"tf.Tensor([-2.0402731e+08], shape=(1,), dtype=float32)",[-2.6431149]
47,"tf.Tensor([-18967872.], shape=(1,), dtype=float32)",[-3.88500363]
48,"tf.Tensor([-3.2871283e+08], shape=(1,), dtype=float32)",[-4.2511357]
49,"tf.Tensor([-35873216.], shape=(1,), dtype=float32)",[-2.82963826]
50,"tf.Tensor([-18280188.], shape=(1,), dtype=float32)",[-2.56735045]
51,"tf.Tensor([-5923917.5], shape=(1,), dtype=float32)",[-2.7058461]
52,"tf.Tensor([-4.438881e+08], shape=(1,), dtype=float32)",[-3.15198928]
53,"tf.Tensor([-3.212901e+08], shape=(1,), dtype=float32)",[-2.9134165]
54,"tf.Tensor([-4.750493e+08], shape=(1,), dtype=float32)",[-4.49812688]
55,"tf.Tensor([-5816748.], shape=(1,), dtype=float32)",[-3.10753505]
56,"tf.Tensor([-3.0854746e+08], shape=(1,), dtype=float32)",[-2.68060628]
57,"tf.Tensor([-6517730.], shape=(1,), dtype=float32)",[-4.29271142]
58,"tf.Tensor([-6655958.], shape=(1,), dtype=float32)",[-3.1245305]
59,"tf.Tensor([-2.7992614e+08], shape=(1,), dtype=float32)",[-3.71359705]
60,"tf.Tensor([-16646750.], shape=(1,), dtype=float32)",[-3.09690353]
61,"tf.Tensor([-6.080423e+08], shape=(1,), dtype=float32)",[-2.91423945]
62,"tf.Tensor([-4.2481e+08], shape=(1,), dtype=float32)",[-3.15577349]
63,"tf.Tensor([-6.973034e+08], shape=(1,), dtype=float32)",[-2.95786135]
64,"tf.Tensor([-4098049.5], shape=(1,), dtype=float32)",[-3.55216136]
65,"tf.Tensor([-1.3582064e+08], shape=(1,), dtype=float32)",[-3.43432733]
66,"tf.Tensor([-40484160.], shape=(1,), dtype=float32)",[-2.55135466]
67,"tf.Tensor([-2.4683728e+08], shape=(1,), dtype=float32)",[-4.59702273]
68,"tf.Tensor([-1.7323248e+08], shape=(1,), dtype=float32)",[-4.56689408]
69,"tf.Tensor([-3114007.2], shape=(1,), dtype=float32)",[-3.21242539]
70,"tf.Tensor([-10543949.], shape=(1,), dtype=float32)",[-3.07661624]
71,"tf.Tensor([-10314.981], shape=(1,), dtype=float32)",[-4.11031247]
72,"tf.Tensor([-3.2833853e+08], shape=(1,), dtype=float32)",[-3.29777206]
73,"tf.Tensor([-30657.268], shape=(1,), dtype=float32)",[-2.99642516]
74,"tf.Tensor([-39710036.], shape=(1,), dtype=float32)",[-2.73148924]
75,"tf.Tensor([-7.236788e+08], shape=(1,), dtype=float32)",[-3.71901445]
76,"tf.Tensor([-421390.38], shape=(1,), dtype=float32)",[-4.90770657]
77,"tf.Tensor([-5.0687584e+08], shape=(1,), dtype=float32)",[-3.09916688]
78,"tf.Tensor([-10141.842], shape=(1,), dtype=float32)",[-3.29939296]
79,"tf.Tensor([-2.8431955e+08], shape=(1,), dtype=float32)",[-3.78671166]
80,"tf.Tensor([-11184459.], shape=(1,), dtype=float32)",[-2.93313471]
81,"tf.Tensor([-2.64753e+08], shape=(1,), dtype=float32)",[-4.42431684]
82,"tf.Tensor([-6808.2017], shape=(1,), dtype=float32)",[-3.41021244]
83,"tf.Tensor([-2072801.4], shape=(1,), dtype=float32)",[-3.46469023]
84,"tf.Tensor([-3.245124e+08], shape=(1,), dtype=float32)",[-3.33778126]
85,"tf.Tensor([-1.1131798e+08], shape=(1,), dtype=float32)",[-4.43148233]
86,"tf.Tensor([-60497.97], shape=(1,), dtype=float32)",[-2.43767694]
87,"tf.Tensor([-31509.826], shape=(1,), dtype=float32)",[-3.69519059]
88,"tf.Tensor([-1.1919781e+08], shape=(1,), dtype=float32)",[-3.78611925]
89,"tf.Tensor([-3728785.], shape=(1,), dtype=float32)",[-4.37637989]
90,"tf.Tensor([-17733432.], shape=(1,), dtype=float32)",[-3.15037208]
91,"tf.Tensor([-66436908.], shape=(1,), dtype=float32)",[-3.79946105]
92,"tf.Tensor([-2963690.], shape=(1,), dtype=float32)",[-4.20480609]
93,"tf.Tensor([-75071.9], shape=(1,), dtype=float32)",[-2.5689557]
94,"tf.Tensor([-1.9174829e+08], shape=(1,), dtype=float32)",[-2.87430743]
95,"tf.Tensor([-17569.219], shape=(1,), dtype=float32)",[-4.15548096]
96,"tf.Tensor([-2.7972656e+08], shape=(1,), dtype=float32)",[-3.43497208]
97,"tf.Tensor([-4.9101146e+08], shape=(1,), dtype=float32)",[-2.8611345]
98,"tf.Tensor([-11122347.], shape=(1,), dtype=float32)",[-3.26690374]
99,"tf.Tensor([-32275.943], shape=(1,), dtype=float32)",[-2.91505222]
