,__trial_index__,batch_size,column_lambda,embedding_size,entropy_lambda,fc_num,fc_num2,fc_size,fc_size2,lr,score,path
19,3,8,7.80174998,16,8708.109899,2,2,16,4,2.25E-08,4522.317871,"./train_model_627e33c8_24_trial_index=3,batch_size=8,column_lambda=7.8017,embedding_size=16,entropy_lambda=8708.1099,fc_num=2,fc_num_2023-12-01_20-40-42"
20,1,8,7.80174998,16,8708.109899,2,2,16,4,2.25E-08,4745.146484,"./train_model_0af0b9c7_22_trial_index=1,batch_size=8,column_lambda=7.8017,embedding_size=16,entropy_lambda=8708.1099,fc_num=2,fc_num_2023-12-01_20-36-53"
25,2,8,7.80174998,16,8708.109899,2,2,16,4,2.25E-08,4926.989746,"./train_model_db88d8e4_23_trial_index=2,batch_size=8,column_lambda=7.8017,embedding_size=16,entropy_lambda=8708.1099,fc_num=2,fc_num_2023-12-01_20-40-23"
34,0,8,7.80174998,16,8708.109899,2,2,16,4,2.25E-08,4863.287598,"./train_model_60da1847_21_trial_index=0,batch_size=8,column_lambda=7.8017,embedding_size=16,entropy_lambda=8708.1099,fc_num=2,fc_num_2023-12-01_20-33-52"
1,2,16,5043.682824,4,12.60478841,1,3,8,32,8.37E-08,113.3180237,"./train_model_668b9381_43_trial_index=2,batch_size=16,column_lambda=5043.6828,embedding_size=4,entropy_lambda=12.6048,fc_num=1,fc_nu_2023-12-01_23-48-46"
3,0,16,5043.682824,4,12.60478841,1,3,8,32,8.37E-08,109.9290237,"./train_model_7eb8735f_41_trial_index=0,batch_size=16,column_lambda=5043.6828,embedding_size=4,entropy_lambda=12.6048,fc_num=1,fc_nu_2023-12-01_23-35-36"
23,1,16,5043.682824,4,12.60478841,1,3,8,32,8.37E-08,127.5078278,"./train_model_627629ff_42_trial_index=1,batch_size=16,column_lambda=5043.6828,embedding_size=4,entropy_lambda=12.6048,fc_num=1,fc_nu_2023-12-01_23-48-30"
29,3,16,5043.682824,4,12.60478841,1,3,8,32,8.37E-08,117.8586502,"./train_model_aa6b9dda_44_trial_index=3,batch_size=16,column_lambda=5043.6828,embedding_size=4,entropy_lambda=12.6048,fc_num=1,fc_nu_2023-12-01_23-50-09"
0,0,32,2.242315734,32,11676841.25,2,1,32,16,1.15E-05,339.3729248,"./train_model_c1bfa9f3_25_trial_index=0,batch_size=32,column_lambda=2.2423,embedding_size=32,entropy_lambda=11676841.2467,fc_num=2,f_2023-12-01_20-42-14"
15,2,32,2.242315734,32,11676841.25,2,1,32,16,1.15E-05,361.671936,"./train_model_e61c75a7_27_trial_index=2,batch_size=32,column_lambda=2.2423,embedding_size=32,entropy_lambda=11676841.2467,fc_num=2,f_2023-12-01_21-16-06"
30,1,32,2.242315734,32,11676841.25,2,1,32,16,1.15E-05,321.4197083,"./train_model_c45fdc8e_26_trial_index=1,batch_size=32,column_lambda=2.2423,embedding_size=32,entropy_lambda=11676841.2467,fc_num=2,f_2023-12-01_21-07-50"
32,3,32,2.242315734,32,11676841.25,2,1,32,16,1.15E-05,246.5444183,"./train_model_ecb72030_28_trial_index=3,batch_size=32,column_lambda=2.2423,embedding_size=32,entropy_lambda=11676841.2467,fc_num=2,f_2023-12-01_21-19-30"
9,0,8,529.325548,64,858111.1207,2,1,32,8,1.76E-05,594.4384766,"./train_model_cf13b8d1_17_trial_index=0,batch_size=8,column_lambda=529.3255,embedding_size=64,entropy_lambda=858111.1207,fc_num=2,fc_2023-12-01_18-35-39"
10,2,8,529.325548,64,858111.1207,2,1,32,8,1.76E-05,487.7262573,"./train_model_7ad5fe60_19_trial_index=2,batch_size=8,column_lambda=529.3255,embedding_size=64,entropy_lambda=858111.1207,fc_num=2,fc_2023-12-01_18-35-48"
17,1,8,529.325548,64,858111.1207,2,1,32,8,1.76E-05,382.7886658,"./train_model_8af01e6d_18_trial_index=1,batch_size=8,column_lambda=529.3255,embedding_size=64,entropy_lambda=858111.1207,fc_num=2,fc_2023-12-01_18-35-44"
24,3,8,529.325548,64,858111.1207,2,1,32,8,1.76E-05,355.4718628,"./train_model_68e34ea5_20_trial_index=3,batch_size=8,column_lambda=529.3255,embedding_size=64,entropy_lambda=858111.1207,fc_num=2,fc_2023-12-01_18-35-53"
5,0,64,4.812813078,64,25618.74299,2,3,64,32,4.65E-05,92.82783508,"./train_model_16fe71fc_9_trial_index=0,batch_size=64,column_lambda=4.8128,embedding_size=64,entropy_lambda=25618.7430,fc_num=2,fc_nu_2023-12-01_18-35-09"
8,2,64,4.812813078,64,25618.74299,2,3,64,32,4.65E-05,123.4081268,"./train_model_e7b16e32_11_trial_index=2,batch_size=64,column_lambda=4.8128,embedding_size=64,entropy_lambda=25618.7430,fc_num=2,fc_n_2023-12-01_18-35-15"
11,1,64,4.812813078,64,25618.74299,2,3,64,32,4.65E-05,72.67974854,"./train_model_2a5b04cb_10_trial_index=1,batch_size=64,column_lambda=4.8128,embedding_size=64,entropy_lambda=25618.7430,fc_num=2,fc_n_2023-12-01_18-35-12"
6,2,4,183664.7465,32,4663386.925,2,2,4,64,0.000103833,713.0483398,"./train_model_dc62d919_35_trial_index=2,batch_size=4,column_lambda=183664.7465,embedding_size=32,entropy_lambda=4663386.9245,fc_num=_2023-12-01_22-41-06"
28,0,4,183664.7465,32,4663386.925,2,2,4,64,0.000103833,236.3824158,"./train_model_33205647_33_trial_index=0,batch_size=4,column_lambda=183664.7465,embedding_size=32,entropy_lambda=4663386.9245,fc_num=_2023-12-01_22-19-33"
33,1,4,183664.7465,32,4663386.925,2,2,4,64,0.000103833,50.62928772,"./train_model_0699a1f6_34_trial_index=1,batch_size=4,column_lambda=183664.7465,embedding_size=32,entropy_lambda=4663386.9245,fc_num=_2023-12-01_22-29-46"
7,0,64,173715.4993,32,5887836.421,2,3,64,8,0.003499481,0.920466125,"./train_model_e6227062_13_trial_index=0,batch_size=64,column_lambda=173715.4993,embedding_size=32,entropy_lambda=5887836.4211,fc_num_2023-12-01_18-35-22"
13,3,64,173715.4993,32,5887836.421,2,3,64,8,0.003499481,0.306399822,"./train_model_667b798d_16_trial_index=3,batch_size=64,column_lambda=173715.4993,embedding_size=32,entropy_lambda=5887836.4211,fc_num_2023-12-01_18-35-35"
14,1,64,173715.4993,32,5887836.421,2,3,64,8,0.003499481,0.479233682,"./train_model_d9b097a3_14_trial_index=1,batch_size=64,column_lambda=173715.4993,embedding_size=32,entropy_lambda=5887836.4211,fc_num_2023-12-01_18-35-26"
21,2,64,173715.4993,32,5887836.421,2,3,64,8,0.003499481,0.440551907,"./train_model_638b4705_15_trial_index=2,batch_size=64,column_lambda=173715.4993,embedding_size=32,entropy_lambda=5887836.4211,fc_num_2023-12-01_18-35-31"
2,2,32,68.43576942,8,5811766.751,2,2,32,16,0.003546451,0.575841546,"./train_model_13a0e0b9_39_trial_index=2,batch_size=32,column_lambda=68.4358,embedding_size=8,entropy_lambda=5811766.7514,fc_num=2,fc_2023-12-01_23-18-36"
4,1,32,68.43576942,8,5811766.751,2,2,32,16,0.003546451,0.634085119,"./train_model_e78903fa_38_trial_index=1,batch_size=32,column_lambda=68.4358,embedding_size=8,entropy_lambda=5811766.7514,fc_num=2,fc_2023-12-01_23-14-42"
18,0,32,68.43576942,8,5811766.751,2,2,32,16,0.003546451,1.056912303,"./train_model_6fffee14_37_trial_index=0,batch_size=32,column_lambda=68.4358,embedding_size=8,entropy_lambda=5811766.7514,fc_num=2,fc_2023-12-01_23-09-48"
22,2,4,61.99756824,4,13915.14994,2,2,4,16,0.018556496,0.282823861,"./train_model_417ae717_3_trial_index=2,batch_size=4,column_lambda=61.9976,embedding_size=4,entropy_lambda=13915.1499,fc_num=2,fc_num_2023-12-01_18-34-52"
26,0,4,61.99756824,4,13915.14994,2,2,4,16,0.018556496,0.092268586,"./train_model_9da6d403_1_trial_index=0,batch_size=4,column_lambda=61.9976,embedding_size=4,entropy_lambda=13915.1499,fc_num=2,fc_num_2023-12-01_18-34-47"
35,3,4,61.99756824,4,13915.14994,2,2,4,16,0.018556496,0.871756554,"./train_model_b4822aab_4_trial_index=3,batch_size=4,column_lambda=61.9976,embedding_size=4,entropy_lambda=13915.1499,fc_num=2,fc_num_2023-12-01_18-34-55"
12,0,8,2439025.075,64,2667.809723,3,3,4,8,0.022284324,2.40240407,"./train_model_829a3c61_29_trial_index=0,batch_size=8,column_lambda=2439025.0753,embedding_size=64,entropy_lambda=2667.8097,fc_num=3,_2023-12-01_21-35-34"
16,2,8,2439025.075,64,2667.809723,3,3,4,8,0.022284324,1.216140389,"./train_model_c34e376b_31_trial_index=2,batch_size=8,column_lambda=2439025.0753,embedding_size=64,entropy_lambda=2667.8097,fc_num=3,_2023-12-01_22-06-29"
27,3,8,2439025.075,64,2667.809723,3,3,4,8,0.022284324,3.167765379,"./train_model_9f2e4e17_32_trial_index=3,batch_size=8,column_lambda=2439025.0753,embedding_size=64,entropy_lambda=2667.8097,fc_num=3,_2023-12-01_22-07-30"
31,1,8,2439025.075,64,2667.809723,3,3,4,8,0.022284324,3.68561101,"./train_model_29de704c_30_trial_index=1,batch_size=8,column_lambda=2439025.0753,embedding_size=64,entropy_lambda=2667.8097,fc_num=3,_2023-12-01_22-06-29"