,__trial_index__,batch_size,cgcnn_num,cgcnn_num2,embedding_size,lr,softmax_beta,score,timestamp,path
0,0,64,2,2,16,0.03691412297067176,52486278.907167606,0.11585936099290847,1755688359.0,"./main_workflow_e7e623a1_24_trial_index=0,batch_size=64,cgcnn_num=2,cgcnn_num2=2,embedding_size=16,lr=0.0369,softmax_beta=52486278.9_2025-08-20_03-08-38"
1,0,4,2,3,4,1.8599644188778895e-05,2757790.390701496,,,"./main_workflow_d2f3c160_44_trial_index=0,batch_size=4,cgcnn_num=2,cgcnn_num2=3,embedding_size=4,lr=0.0000,softmax_beta=2757790.3907_2025-08-21_13-32-39"
2,0,16,1,2,8,6.267624553968016e-05,389603.64935138414,0.14150178283452988,1755819230.0,"./main_workflow_13a5cbbb_39_trial_index=0,batch_size=16,cgcnn_num=1,cgcnn_num2=2,embedding_size=8,lr=0.0001,softmax_beta=389603.6494_2025-08-20_22-17-16"
3,0,16,3,2,8,1.8955115385487346e-07,16682151.363229841,1.193506693840027,1755685007.0,"./main_workflow_200c7338_13_trial_index=0,batch_size=16,cgcnn_num=3,cgcnn_num2=2,embedding_size=8,lr=0.0000,softmax_beta=16682151.36_2025-08-19_00-00-50"
4,0,32,1,2,32,0.00012017864716918063,24.70015506337835,0.13270207941532136,1755579647.0,"./main_workflow_f717ca67_9_trial_index=0,batch_size=32,cgcnn_num=1,cgcnn_num2=2,embedding_size=32,lr=0.0001,softmax_beta=24.7002_2025-08-18_18-54-34"
5,0,32,1,2,64,0.09812326796162234,7952468.488388141,0.12271218001842499,1755730513.0,"./main_workflow_686513ca_31_trial_index=0,batch_size=32,cgcnn_num=1,cgcnn_num2=2,embedding_size=64,lr=0.0981,softmax_beta=7952468.48_2025-08-20_12-58-36"
6,0,32,3,2,16,0.0016288543660384043,52176555.587169014,0.12606946527957916,1755742636.0,"./main_workflow_5930d7c7_33_trial_index=0,batch_size=32,cgcnn_num=3,cgcnn_num2=2,embedding_size=16,lr=0.0016,softmax_beta=52176555.5_2025-08-20_14-19-05"
7,0,32,1,3,8,0.001345830674230961,8797.89999451257,0.1162472739815712,1755783719.0,"./main_workflow_0007b1a2_42_trial_index=0,batch_size=32,cgcnn_num=1,cgcnn_num2=3,embedding_size=8,lr=0.0013,softmax_beta=8797.9000_2025-08-21_01-09-16"
8,0,8,1,3,4,2.0459371807270363e-08,171.60457272461375,8.86774730682373,1755724741.0,"./main_workflow_d35071b3_20_trial_index=0,batch_size=8,cgcnn_num=1,cgcnn_num2=3,embedding_size=4,lr=0.0000,softmax_beta=171.6046_2025-08-19_09-12-44"
9,0,16,2,2,16,8.201276038806944e-08,2068103.5805750461,19.430913162231445,1755578451.0,"./main_workflow_ccbbeb2d_1_trial_index=0,batch_size=16,cgcnn_num=2,cgcnn_num2=2,embedding_size=16,lr=0.0000,softmax_beta=2068103.580_2025-08-18_18-54-31"
10,0,4,1,1,4,8.227539409787867e-08,1639.2720261796082,,,"./main_workflow_129b26b2_36_trial_index=0,batch_size=4,cgcnn_num=1,cgcnn_num2=1,embedding_size=4,lr=0.0000,softmax_beta=1639.2720_2025-08-20_18-45-53"
11,0,8,3,2,64,7.173099010820874e-08,1559.3783196550105,1.0812677264213562,1755798594.0,"./main_workflow_5988f7fd_2_trial_index=0,batch_size=8,cgcnn_num=3,cgcnn_num2=2,embedding_size=64,lr=0.0000,softmax_beta=1559.3783_2025-08-18_18-54-34"
12,0,16,3,3,16,0.01779335690518438,30450007.716745503,0.1142647385597229,1755797558.0,"./main_workflow_9cc79daf_38_trial_index=0,batch_size=16,cgcnn_num=3,cgcnn_num2=3,embedding_size=16,lr=0.0178,softmax_beta=30450007.7_2025-08-20_20-56-44"
13,0,64,3,2,32,2.0945190701156008e-08,2374800.368306624,0.627196192741394,1755566573.0,"./main_workflow_110626a2_6_trial_index=0,batch_size=64,cgcnn_num=3,cgcnn_num2=2,embedding_size=32,lr=0.0000,softmax_beta=2374800.368_2025-08-18_18-54-34"
14,0,16,1,1,16,0.07173398601506698,210820.27197706024,0.15433211326599122,1755709116.0,"./main_workflow_08dbf8fe_28_trial_index=0,batch_size=16,cgcnn_num=1,cgcnn_num2=1,embedding_size=16,lr=0.0717,softmax_beta=210820.272_2025-08-20_07-12-39"
15,0,64,3,3,16,0.012219795468798606,29759051.477090634,0.11634724289178848,1755833787.0,"./main_workflow_63581468_47_trial_index=0,batch_size=64,cgcnn_num=3,cgcnn_num2=3,embedding_size=16,lr=0.0122,softmax_beta=29759051.4_2025-08-21_18-40-36"
16,0,16,2,3,64,9.973003367210012e-08,7107.693847337747,,,"./main_workflow_93dc5c3e_40_trial_index=0,batch_size=16,cgcnn_num=2,cgcnn_num2=3,embedding_size=64,lr=0.0000,softmax_beta=7107.6938_2025-08-20_23-30-38"
17,0,4,1,2,8,2.3315702723853076e-05,83963145.96446109,,,"./main_workflow_d09328b6_18_trial_index=0,batch_size=4,cgcnn_num=1,cgcnn_num2=2,embedding_size=8,lr=0.0000,softmax_beta=83963145.964_2025-08-19_04-51-41"
18,0,4,2,2,8,0.04922228977155925,6992.54688930024,,,"./main_workflow_3e68d562_15_trial_index=0,batch_size=4,cgcnn_num=2,cgcnn_num2=2,embedding_size=8,lr=0.0492,softmax_beta=6992.5469_2025-08-19_00-40-51"
19,0,64,1,1,32,0.09005105272600442,55.940578867389895,0.128805211186409,1755718257.0,"./main_workflow_675cc6b8_30_trial_index=0,batch_size=64,cgcnn_num=1,cgcnn_num2=1,embedding_size=32,lr=0.0901,softmax_beta=55.9406_2025-08-20_12-56-34"
20,0,16,2,1,32,4.554877724933886e-08,3944768.060008156,7.345297050476074,1755851335.0,"./main_workflow_f75df7b4_50_trial_index=0,batch_size=16,cgcnn_num=2,cgcnn_num2=1,embedding_size=32,lr=0.0000,softmax_beta=3944768.06_2025-08-21_23-17-32"
21,0,4,1,1,16,0.00029963557295636245,1817257.914184501,0.12807225733995437,1755681397.0,"./main_workflow_456674b8_4_trial_index=0,batch_size=4,cgcnn_num=1,cgcnn_num2=1,embedding_size=16,lr=0.0003,softmax_beta=1817257.9142_2025-08-18_18-54-34"
22,0,32,1,2,64,0.017741831133995408,85977372.25840777,0.11803905069828033,1755816036.0,"./main_workflow_42e00b69_45_trial_index=0,batch_size=32,cgcnn_num=1,cgcnn_num2=2,embedding_size=64,lr=0.0177,softmax_beta=85977372.2_2025-08-21_13-49-54"
23,0,64,2,1,64,1.7083572329956418e-06,12197.832691702593,0.277039909362793,1755712032.0,"./main_workflow_3c8b9e79_25_trial_index=0,batch_size=64,cgcnn_num=2,cgcnn_num2=1,embedding_size=64,lr=0.0000,softmax_beta=12197.8327_2025-08-20_04-17-24"
24,0,64,3,1,4,0.05509022545390487,38764815.16282303,0.11974650621414185,1755589383.0,"./main_workflow_1333b1ab_14_trial_index=0,batch_size=64,cgcnn_num=3,cgcnn_num2=1,embedding_size=4,lr=0.0551,softmax_beta=38764815.16_2025-08-19_00-19-54"
25,0,64,3,2,16,2.2533925042673364e-05,75.06090610520809,0.17034443467855453,1755593501.0,"./main_workflow_d07b40b7_5_trial_index=0,batch_size=64,cgcnn_num=3,cgcnn_num2=2,embedding_size=16,lr=0.0000,softmax_beta=75.0609_2025-08-18_18-54-34"
26,0,64,1,2,64,5.346385457329024e-06,1389.6947130209464,0.162633915245533,1755677844.0,"./main_workflow_547e713e_23_trial_index=0,batch_size=64,cgcnn_num=1,cgcnn_num2=2,embedding_size=64,lr=0.0000,softmax_beta=1389.6947_2025-08-19_18-45-39"
27,0,64,3,2,64,0.03356171386258034,59221048.45805647,0.11450507640838622,1755836016.0,"./main_workflow_c2b65081_49_trial_index=0,batch_size=64,cgcnn_num=3,cgcnn_num2=2,embedding_size=64,lr=0.0336,softmax_beta=59221048.4_2025-08-21_19-33-51"
28,0,64,3,3,32,0.000373141611504937,11.384152690827195,0.13531272560358049,1755576050.0,"./main_workflow_b1e8e38c_10_trial_index=0,batch_size=64,cgcnn_num=3,cgcnn_num2=3,embedding_size=32,lr=0.0004,softmax_beta=11.3842_2025-08-18_18-54-34"
29,0,16,3,3,4,2.7783054026802717e-05,24.70258401503421,0.13240448832511903,1755817794.0,"./main_workflow_72787e54_29_trial_index=0,batch_size=16,cgcnn_num=3,cgcnn_num2=3,embedding_size=4,lr=0.0000,softmax_beta=24.7026_2025-08-20_09-57-46"
30,0,64,2,2,64,0.0003579665690773921,2.283889630149138,0.14144544154405594,1755747038.0,"./main_workflow_95016b72_37_trial_index=0,batch_size=64,cgcnn_num=2,cgcnn_num2=2,embedding_size=64,lr=0.0004,softmax_beta=2.2839_2025-08-20_18-55-13"
31,0,16,3,1,64,0.017936619465880505,56592960.37630055,0.11724752187728882,1755859014.0,"./main_workflow_361d7ab0_46_trial_index=0,batch_size=16,cgcnn_num=3,cgcnn_num2=1,embedding_size=64,lr=0.0179,softmax_beta=56592960.3_2025-08-21_18-37-03"
32,0,16,2,1,16,2.4753215159275494e-07,5395.467755386982,19.4957633972168,1755729953.0,"./main_workflow_32c861a1_32_trial_index=0,batch_size=16,cgcnn_num=2,cgcnn_num2=1,embedding_size=16,lr=0.0000,softmax_beta=5395.4678_2025-08-20_13-47-12"
33,0,16,2,2,32,2.3817189990054928e-07,1086.295405304268,1.0109583139419556,1755737803.0,"./main_workflow_09943c13_22_trial_index=0,batch_size=16,cgcnn_num=2,cgcnn_num2=2,embedding_size=32,lr=0.0000,softmax_beta=1086.2954_2025-08-19_14-50-45"
34,0,16,3,3,8,0.07750512897977622,1061.040794104145,,,"./main_workflow_cd65d0aa_7_trial_index=0,batch_size=16,cgcnn_num=3,cgcnn_num2=3,embedding_size=8,lr=0.0775,softmax_beta=1061.0408_2025-08-18_18-54-34"
35,0,16,3,3,8,7.687138207905346e-05,6.466901286982789,0.13683051466941834,1755843935.0,"./main_workflow_1e4e4403_35_trial_index=0,batch_size=16,cgcnn_num=3,cgcnn_num2=3,embedding_size=8,lr=0.0001,softmax_beta=6.4669_2025-08-20_17-19-01"
36,0,32,2,2,4,1.3131948743125921e-08,10660353.191994878,9.512849044799804,1755609164.0,"./main_workflow_11cfc0f0_19_trial_index=0,batch_size=32,cgcnn_num=2,cgcnn_num2=2,embedding_size=4,lr=0.0000,softmax_beta=10660353.19_2025-08-19_06-15-01"
37,0,32,3,3,32,0.007683003412662978,55661970.25715228,0.1147505521774292,1755752955.0,"./main_workflow_cd4f8147_34_trial_index=0,batch_size=32,cgcnn_num=3,cgcnn_num2=3,embedding_size=32,lr=0.0077,softmax_beta=55661970.2_2025-08-20_15-30-57"
38,0,16,2,2,64,0.03381515250529596,47540578.084615946,0.11876195222139359,1755832652.0,"./main_workflow_e5b74295_43_trial_index=0,batch_size=16,cgcnn_num=2,cgcnn_num2=2,embedding_size=64,lr=0.0338,softmax_beta=47540578.0_2025-08-21_09-41-59"
39,0,4,1,2,16,4.657117911818505e-07,24590.281553405905,,,"./main_workflow_292a2733_17_trial_index=0,batch_size=4,cgcnn_num=1,cgcnn_num2=2,embedding_size=16,lr=0.0000,softmax_beta=24590.2816_2025-08-19_03-43-04"
40,0,4,1,3,32,0.01970042557728029,69555907.32347943,,,"./main_workflow_4554b4c4_48_trial_index=0,batch_size=4,cgcnn_num=1,cgcnn_num2=3,embedding_size=32,lr=0.0197,softmax_beta=69555907.32_2025-08-21_19-09-54"
41,0,4,1,2,8,0.05674154771633324,64872303.462314084,,,"./main_workflow_87434056_41_trial_index=0,batch_size=4,cgcnn_num=1,cgcnn_num2=2,embedding_size=8,lr=0.0567,softmax_beta=64872303.462_2025-08-20_23-37-16"
42,0,32,3,1,16,7.441535666515807e-06,82331.9280155992,0.27688215374946595,1755629445.0,"./main_workflow_cd56f984_12_trial_index=0,batch_size=32,cgcnn_num=3,cgcnn_num2=1,embedding_size=16,lr=0.0000,softmax_beta=82331.9280_2025-08-18_23-05-23"
43,0,8,1,2,8,0.008700848882702337,4321601.948861038,0.11289929747581481,1755621023.0,"./main_workflow_4a55f774_8_trial_index=0,batch_size=8,cgcnn_num=1,cgcnn_num2=2,embedding_size=8,lr=0.0087,softmax_beta=4321601.9489_2025-08-18_18-54-34"
44,0,32,3,3,16,9.576452945899263e-05,5.342759269612118,0.13955893814563752,1755673718.0,"./main_workflow_c96c0dc2_21_trial_index=0,batch_size=32,cgcnn_num=3,cgcnn_num2=3,embedding_size=16,lr=0.0001,softmax_beta=5.3428_2025-08-19_12-30-24"
45,0,16,3,1,16,0.0783232112771042,610486.1612668952,0.13273478001356126,1755713945.0,"./main_workflow_48099c1f_27_trial_index=0,batch_size=16,cgcnn_num=3,cgcnn_num2=1,embedding_size=16,lr=0.0783,softmax_beta=610486.161_2025-08-20_06-16-47"
46,0,16,1,1,16,0.07223470738412777,318158.86079369934,0.1519913911819458,1755698266.0,"./main_workflow_c5b17973_26_trial_index=0,batch_size=16,cgcnn_num=1,cgcnn_num2=1,embedding_size=16,lr=0.0722,softmax_beta=318158.860_2025-08-20_05-16-37"
47,0,16,1,1,32,3.858539966288108e-06,6.387095508586257,0.14654615968465806,1755643539.0,"./main_workflow_0013078f_11_trial_index=0,batch_size=16,cgcnn_num=1,cgcnn_num2=1,embedding_size=32,lr=0.0000,softmax_beta=6.3871_2025-08-18_21-22-53"
48,0,4,2,2,16,7.673178414511166e-05,5245.251381411066,,,"./main_workflow_7392d5d6_16_trial_index=0,batch_size=4,cgcnn_num=2,cgcnn_num2=2,embedding_size=16,lr=0.0001,softmax_beta=5245.2514_2025-08-19_01-00-47"
49,0,64,2,1,8,0.006106008468419682,420.66850344352224,0.11616452783346176,1755572723.0,"./main_workflow_7175d229_3_trial_index=0,batch_size=64,cgcnn_num=2,cgcnn_num2=1,embedding_size=8,lr=0.0061,softmax_beta=420.6685_2025-08-18_18-54-34"
