epoch,train_mae,train_mse,train_rmse,val_mae,val_mse,val_rmse:
0,5233.4140625,186311904.0,13649.6123046875,2629.814697265625,16246000.0,4030.6328125
1,318.63922119140625,397259.4375,630.2852172851562,270.32843017578125,137156.421875,370.3463439941406
2,17.32318115234375,908.3279418945312,30.138479232788086,17.93585968017578,504.9300231933594,22.47064781188965
3,7.254464149475098,113.70083618164062,10.66305923461914,6.7043023109436035,65.19068908691406,8.074074745178223
4,7.534515857696533,126.29052734375,11.237905502319336,8.791680335998535,109.29933166503906,10.454631805419922
5,556.6547241210938,2000177.875,1414.2764892578125,403.7008056640625,372561.34375,610.3780517578125
6,3.5710136890411377,31.56991195678711,5.618710994720459,2.924708843231201,13.419343948364258,3.6632423400878906
7,2.2805795669555664,10.438490867614746,3.230865240097046,2.2606587409973145,7.120589733123779,2.668443202972412
8,2.7309088706970215,11.10113525390625,3.331836700439453,3.540935754776001,15.964008331298828,3.9954984188079834
9,2.302354335784912,11.790361404418945,3.4337096214294434,2.5424864292144775,9.907602310180664,3.147634506225586
10,4.436739921569824,45.560115814208984,6.749823570251465,3.655557870864868,18.590879440307617,4.311714172363281
11,8.037551879882812,90.40235137939453,9.508014678955078,8.000235557556152,73.10737609863281,8.550285339355469
12,9.039953231811523,110.48222351074219,10.511052131652832,10.343648910522461,128.98094177246094,11.356977462768555
13,4.071330547332764,45.17509841918945,6.721242427825928,3.4344723224639893,20.065004348754883,4.479397773742676
14,1.9786274433135986,6.458197116851807,2.5412983894348145,1.625300645828247,3.9531476497650146,1.9882524013519287
15,3.9760265350341797,20.581026077270508,4.5366315841674805,4.8155341148376465,26.68502426147461,5.165754795074463
16,3.1772844791412354,20.727920532226562,4.552792549133301,3.7206978797912598,18.843645095825195,4.340926647186279
17,2.136962890625,11.147089004516602,3.3387255668640137,3.277096748352051,13.56715202331543,3.683361530303955
18,2.7647299766540527,14.470390319824219,3.8039965629577637,2.78822922706604,9.916935920715332,3.1491167545318604
19,6.343692779541016,81.76329040527344,9.042305946350098,6.849700927734375,67.51683044433594,8.216862678527832
20,1.816810131072998,4.795091152191162,2.189769744873047,1.6046290397644043,3.3508188724517822,1.830524206161499
21,2.167185068130493,9.64848804473877,3.106201648712158,2.433171510696411,7.5664238929748535,2.750713348388672
22,1.4126964807510376,4.018812656402588,2.004697561264038,1.1662436723709106,1.9456045627593994,1.3948493003845215
23,3.7944226264953613,29.82424545288086,5.46115779876709,3.562710762023926,16.525169372558594,4.065115928649902
24,1.7543929815292358,4.235841751098633,2.0581159591674805,1.7871108055114746,3.982457399368286,1.9956095218658447
25,1.6071860790252686,5.814547061920166,2.41133713722229,1.9292150735855103,5.4188232421875,2.327836513519287
26,1.8073632717132568,7.220351696014404,2.6870713233947754,1.8087947368621826,4.428195953369141,2.104327917098999
27,2.340066909790039,7.432019233703613,2.726172924041748,2.2925398349761963,5.834362506866455,2.41544246673584
28,1.2909759283065796,3.5972280502319336,1.8966360092163086,1.3828527927398682,2.5280568599700928,1.5899864435195923
29,2.6574182510375977,13.345423698425293,3.6531388759613037,2.8185155391693115,10.966813087463379,3.311617851257324
30,0.6389561295509338,0.73386549949646,0.856659471988678,0.7052288055419922,0.7081683278083801,0.8415274024009705
31,0.8396661877632141,1.2543619871139526,1.1199830770492554,0.8376153707504272,1.0204806327819824,1.0101884603500366
32,0.5813892483711243,0.5504587292671204,0.7419290542602539,0.5895799398422241,0.5135765671730042,0.7166425585746765
33,0.9311465620994568,1.4073841571807861,1.1863322257995605,1.0838717222213745,1.4447344541549683,1.2019710540771484
34,0.5699007511138916,0.573090672492981,0.7570275068283081,0.33953434228897095,0.19420106709003448,0.4406825006008148
35,0.5107872486114502,0.44142434000968933,0.6643977165222168,0.5965148210525513,0.4969990849494934,0.7049816250801086
36,0.47494450211524963,0.4079059958457947,0.6386752128601074,0.45432808995246887,0.27629244327545166,0.525635302066803
37,0.7465055584907532,0.7885052561759949,0.887978196144104,1.0017482042312622,1.1780513525009155,1.0853807926177979
38,0.6604080200195312,0.6795109510421753,0.8243245482444763,0.8847620487213135,0.9454885125160217,0.9723623394966125
39,0.421793669462204,0.2833917737007141,0.5323455333709717,0.3180747330188751,0.21118871867656708,0.45955273509025574
40,1.396573543548584,3.039597988128662,1.7434443235397339,1.1523596048355103,1.7132759094238281,1.3089216947555542
41,1.5326956510543823,3.816324472427368,1.9535415172576904,1.9274277687072754,4.372437000274658,2.0910372734069824
42,0.3562721312046051,0.1989883929491043,0.44608116149902344,0.3438049852848053,0.21354301273822784,0.4621071517467499
43,0.5035097002983093,0.4744017720222473,0.6887683272361755,0.4948884844779968,0.3639412224292755,0.6032754182815552
44,1.3219611644744873,2.847644567489624,1.687496542930603,1.2505428791046143,2.0107882022857666,1.418022632598877
45,1.5459064245224,3.7893786430358887,1.9466326236724854,1.8191369771957397,3.9224252700805664,1.9805113077163696
46,0.5755463242530823,0.5012315511703491,0.7079770565032959,0.6680691838264465,0.5920785665512085,0.7694664001464844
47,0.5286443829536438,0.5568379163742065,0.7462157011032104,0.3129291832447052,0.19070976972579956,0.43670329451560974
48,0.4739897847175598,0.35118430852890015,0.5926080346107483,0.5018596053123474,0.3713616132736206,0.6093944907188416
49,0.4100222885608673,0.2784889042377472,0.5277204513549805,0.32452937960624695,0.18964488804340363,0.43548235297203064
