id,target,P1,P2,num_elements,family
./Binary/a10c1/36/Ba1P10/CONTCAR,-5.347973842,'P','Ba',2,a10c1
./Binary/a10c13/2/Sb10Zn13/CONTCAR,-2.5203288,'Sb','Zn',2,a10c13
./Binary/a10c13/7/Cd13Sb10/CONTCAR,-2.337771912,'Cd','Sb',2,a10c13
./Binary/a11b3/15/As11Cs3/CONTCAR,-4.145111683,'As','Cs',2,a11b3
./Binary/a11b3/60/As11K3/CONTCAR,-4.167932236,'As','K',2,a11b3
./Binary/a11b3/60/As11Rb3/CONTCAR,-4.146551673,'As','Rb',2,a11b3
./Binary/a11b3/60/K3P11/CONTCAR,-4.803027708,'P','K',2,a11b3
./Binary/a11b3/60/Na3P11/CONTCAR,-4.772213694,'P','Na',2,a11b3
./Binary/a11b3/60/P11Rb3/CONTCAR,-4.780394816,'P','Rb',2,a11b3
./Binary/a14c3/14/As14Ba3/CONTCAR,-4.631952376,'As','Ba',2,a14c3
./Binary/a14c3/14/Ba3P14/CONTCAR,-5.300945051,'P','Ba',2,a14c3
./Binary/a14c3/14/P14Sr3/CONTCAR,-5.218524141,'P','Sr',2,a14c3
./Binary/a1b1/123/Bi1Li1/CONTCAR,-3.323916955,'Bi','Li',2,a1b1
./Binary/a1b1/14/As1Li1/CONTCAR,-3.767984649,'As','Li',2,a1b1
./Binary/a1b1/14/Bi1Cs1/CONTCAR,-2.841526987,'Bi','Cs',2,a1b1
./Binary/a1b1/14/Bi1K1/CONTCAR,-2.935505046,'Bi','K',2,a1b1
./Binary/a1b1/14/Bi1Rb1/CONTCAR,-2.862547737,'Bi','Rb',2,a1b1
./Binary/a1b1/14/Cs1Sb1/CONTCAR,-2.948464383,'Sb','Cs',2,a1b1