,__trial_index__,batch_size,cgcnn_num,cgcnn_num2,embedding_size,lr,softmax_beta,score,timestamp,path
43,0,8,1,2,8,0.008700849,4321601.949,0.112899297,1755621023,"./main_workflow_4a55f774_8_trial_index=0,batch_size=8,cgcnn_num=1,cgcnn_num2=2,embedding_size=8,lr=0.0087,softmax_beta=4321601.9489_2025-08-18_18-54-34"
12,0,16,3,3,16,0.017793357,30450007.72,0.114264739,1755797558,"./main_workflow_9cc79daf_38_trial_index=0,batch_size=16,cgcnn_num=3,cgcnn_num2=3,embedding_size=16,lr=0.0178,softmax_beta=30450007.7_2025-08-20_20-56-44"
27,0,64,3,2,64,0.033561714,59221048.46,0.114505076,1755836016,"./main_workflow_c2b65081_49_trial_index=0,batch_size=64,cgcnn_num=3,cgcnn_num2=2,embedding_size=64,lr=0.0336,softmax_beta=59221048.4_2025-08-21_19-33-51"
37,0,32,3,3,32,0.007683003,55661970.26,0.114750552,1755752955,"./main_workflow_cd4f8147_34_trial_index=0,batch_size=32,cgcnn_num=3,cgcnn_num2=3,embedding_size=32,lr=0.0077,softmax_beta=55661970.2_2025-08-20_15-30-57"
0,0,64,2,2,16,0.036914123,52486278.91,0.115859361,1755688359,"./main_workflow_e7e623a1_24_trial_index=0,batch_size=64,cgcnn_num=2,cgcnn_num2=2,embedding_size=16,lr=0.0369,softmax_beta=52486278.9_2025-08-20_03-08-38"
49,0,64,2,1,8,0.006106008,420.6685034,0.116164528,1755572723,"./main_workflow_7175d229_3_trial_index=0,batch_size=64,cgcnn_num=2,cgcnn_num2=1,embedding_size=8,lr=0.0061,softmax_beta=420.6685_2025-08-18_18-54-34"
7,0,32,1,3,8,0.001345831,8797.899995,0.116247274,1755783719,"./main_workflow_0007b1a2_42_trial_index=0,batch_size=32,cgcnn_num=1,cgcnn_num2=3,embedding_size=8,lr=0.0013,softmax_beta=8797.9000_2025-08-21_01-09-16"
15,0,64,3,3,16,0.012219795,29759051.48,0.116347243,1755833787,"./main_workflow_63581468_47_trial_index=0,batch_size=64,cgcnn_num=3,cgcnn_num2=3,embedding_size=16,lr=0.0122,softmax_beta=29759051.4_2025-08-21_18-40-36"
31,0,16,3,1,64,0.017936619,56592960.38,0.117247522,1755859014,"./main_workflow_361d7ab0_46_trial_index=0,batch_size=16,cgcnn_num=3,cgcnn_num2=1,embedding_size=64,lr=0.0179,softmax_beta=56592960.3_2025-08-21_18-37-03"
22,0,32,1,2,64,0.017741831,85977372.26,0.118039051,1755816036,"./main_workflow_42e00b69_45_trial_index=0,batch_size=32,cgcnn_num=1,cgcnn_num2=2,embedding_size=64,lr=0.0177,softmax_beta=85977372.2_2025-08-21_13-49-54"
38,0,16,2,2,64,0.033815153,47540578.08,0.118761952,1755832652,"./main_workflow_e5b74295_43_trial_index=0,batch_size=16,cgcnn_num=2,cgcnn_num2=2,embedding_size=64,lr=0.0338,softmax_beta=47540578.0_2025-08-21_09-41-59"
24,0,64,3,1,4,0.055090225,38764815.16,0.119746506,1755589383,"./main_workflow_1333b1ab_14_trial_index=0,batch_size=64,cgcnn_num=3,cgcnn_num2=1,embedding_size=4,lr=0.0551,softmax_beta=38764815.16_2025-08-19_00-19-54"
5,0,32,1,2,64,0.098123268,7952468.488,0.12271218,1755730513,"./main_workflow_686513ca_31_trial_index=0,batch_size=32,cgcnn_num=1,cgcnn_num2=2,embedding_size=64,lr=0.0981,softmax_beta=7952468.48_2025-08-20_12-58-36"
6,0,32,3,2,16,0.001628854,52176555.59,0.126069465,1755742636,"./main_workflow_5930d7c7_33_trial_index=0,batch_size=32,cgcnn_num=3,cgcnn_num2=2,embedding_size=16,lr=0.0016,softmax_beta=52176555.5_2025-08-20_14-19-05"
21,0,4,1,1,16,0.000299636,1817257.914,0.128072257,1755681397,"./main_workflow_456674b8_4_trial_index=0,batch_size=4,cgcnn_num=1,cgcnn_num2=1,embedding_size=16,lr=0.0003,softmax_beta=1817257.9142_2025-08-18_18-54-34"
19,0,64,1,1,32,0.090051053,55.94057887,0.128805211,1755718257,"./main_workflow_675cc6b8_30_trial_index=0,batch_size=64,cgcnn_num=1,cgcnn_num2=1,embedding_size=32,lr=0.0901,softmax_beta=55.9406_2025-08-20_12-56-34"
29,0,16,3,3,4,2.78E-05,24.70258402,0.132404488,1755817794,"./main_workflow_72787e54_29_trial_index=0,batch_size=16,cgcnn_num=3,cgcnn_num2=3,embedding_size=4,lr=0.0000,softmax_beta=24.7026_2025-08-20_09-57-46"
4,0,32,1,2,32,0.000120179,24.70015506,0.132702079,1755579647,"./main_workflow_f717ca67_9_trial_index=0,batch_size=32,cgcnn_num=1,cgcnn_num2=2,embedding_size=32,lr=0.0001,softmax_beta=24.7002_2025-08-18_18-54-34"
45,0,16,3,1,16,0.078323211,610486.1613,0.13273478,1755713945,"./main_workflow_48099c1f_27_trial_index=0,batch_size=16,cgcnn_num=3,cgcnn_num2=1,embedding_size=16,lr=0.0783,softmax_beta=610486.161_2025-08-20_06-16-47"
28,0,64,3,3,32,0.000373142,11.38415269,0.135312726,1755576050,"./main_workflow_b1e8e38c_10_trial_index=0,batch_size=64,cgcnn_num=3,cgcnn_num2=3,embedding_size=32,lr=0.0004,softmax_beta=11.3842_2025-08-18_18-54-34"
35,0,16,3,3,8,7.69E-05,6.466901287,0.136830515,1755843935,"./main_workflow_1e4e4403_35_trial_index=0,batch_size=16,cgcnn_num=3,cgcnn_num2=3,embedding_size=8,lr=0.0001,softmax_beta=6.4669_2025-08-20_17-19-01"
44,0,32,3,3,16,9.58E-05,5.34275927,0.139558938,1755673718,"./main_workflow_c96c0dc2_21_trial_index=0,batch_size=32,cgcnn_num=3,cgcnn_num2=3,embedding_size=16,lr=0.0001,softmax_beta=5.3428_2025-08-19_12-30-24"
30,0,64,2,2,64,0.000357967,2.28388963,0.141445442,1755747038,"./main_workflow_95016b72_37_trial_index=0,batch_size=64,cgcnn_num=2,cgcnn_num2=2,embedding_size=64,lr=0.0004,softmax_beta=2.2839_2025-08-20_18-55-13"
2,0,16,1,2,8,6.27E-05,389603.6494,0.141501783,1755819230,"./main_workflow_13a5cbbb_39_trial_index=0,batch_size=16,cgcnn_num=1,cgcnn_num2=2,embedding_size=8,lr=0.0001,softmax_beta=389603.6494_2025-08-20_22-17-16"
47,0,16,1,1,32,3.86E-06,6.387095509,0.14654616,1755643539,"./main_workflow_0013078f_11_trial_index=0,batch_size=16,cgcnn_num=1,cgcnn_num2=1,embedding_size=32,lr=0.0000,softmax_beta=6.3871_2025-08-18_21-22-53"
46,0,16,1,1,16,0.072234707,318158.8608,0.151991391,1755698266,"./main_workflow_c5b17973_26_trial_index=0,batch_size=16,cgcnn_num=1,cgcnn_num2=1,embedding_size=16,lr=0.0722,softmax_beta=318158.860_2025-08-20_05-16-37"
14,0,16,1,1,16,0.071733986,210820.272,0.154332113,1755709116,"./main_workflow_08dbf8fe_28_trial_index=0,batch_size=16,cgcnn_num=1,cgcnn_num2=1,embedding_size=16,lr=0.0717,softmax_beta=210820.272_2025-08-20_07-12-39"
26,0,64,1,2,64,5.35E-06,1389.694713,0.162633915,1755677844,"./main_workflow_547e713e_23_trial_index=0,batch_size=64,cgcnn_num=1,cgcnn_num2=2,embedding_size=64,lr=0.0000,softmax_beta=1389.6947_2025-08-19_18-45-39"
25,0,64,3,2,16,2.25E-05,75.06090611,0.170344435,1755593501,"./main_workflow_d07b40b7_5_trial_index=0,batch_size=64,cgcnn_num=3,cgcnn_num2=2,embedding_size=16,lr=0.0000,softmax_beta=75.0609_2025-08-18_18-54-34"
42,0,32,3,1,16,7.44E-06,82331.92802,0.276882154,1755629445,"./main_workflow_cd56f984_12_trial_index=0,batch_size=32,cgcnn_num=3,cgcnn_num2=1,embedding_size=16,lr=0.0000,softmax_beta=82331.9280_2025-08-18_23-05-23"
23,0,64,2,1,64,1.71E-06,12197.83269,0.277039909,1755712032,"./main_workflow_3c8b9e79_25_trial_index=0,batch_size=64,cgcnn_num=2,cgcnn_num2=1,embedding_size=64,lr=0.0000,softmax_beta=12197.8327_2025-08-20_04-17-24"
13,0,64,3,2,32,2.09E-08,2374800.368,0.627196193,1755566573,"./main_workflow_110626a2_6_trial_index=0,batch_size=64,cgcnn_num=3,cgcnn_num2=2,embedding_size=32,lr=0.0000,softmax_beta=2374800.368_2025-08-18_18-54-34"
33,0,16,2,2,32,2.38E-07,1086.295405,1.010958314,1755737803,"./main_workflow_09943c13_22_trial_index=0,batch_size=16,cgcnn_num=2,cgcnn_num2=2,embedding_size=32,lr=0.0000,softmax_beta=1086.2954_2025-08-19_14-50-45"
11,0,8,3,2,64,7.17E-08,1559.37832,1.081267726,1755798594,"./main_workflow_5988f7fd_2_trial_index=0,batch_size=8,cgcnn_num=3,cgcnn_num2=2,embedding_size=64,lr=0.0000,softmax_beta=1559.3783_2025-08-18_18-54-34"
3,0,16,3,2,8,1.90E-07,16682151.36,1.193506694,1755685007,"./main_workflow_200c7338_13_trial_index=0,batch_size=16,cgcnn_num=3,cgcnn_num2=2,embedding_size=8,lr=0.0000,softmax_beta=16682151.36_2025-08-19_00-00-50"
20,0,16,2,1,32,4.55E-08,3944768.06,7.34529705,1755851335,"./main_workflow_f75df7b4_50_trial_index=0,batch_size=16,cgcnn_num=2,cgcnn_num2=1,embedding_size=32,lr=0.0000,softmax_beta=3944768.06_2025-08-21_23-17-32"
8,0,8,1,3,4,2.05E-08,171.6045727,8.867747307,1755724741,"./main_workflow_d35071b3_20_trial_index=0,batch_size=8,cgcnn_num=1,cgcnn_num2=3,embedding_size=4,lr=0.0000,softmax_beta=171.6046_2025-08-19_09-12-44"
36,0,32,2,2,4,1.31E-08,10660353.19,9.512849045,1755609164,"./main_workflow_11cfc0f0_19_trial_index=0,batch_size=32,cgcnn_num=2,cgcnn_num2=2,embedding_size=4,lr=0.0000,softmax_beta=10660353.19_2025-08-19_06-15-01"
9,0,16,2,2,16,8.20E-08,2068103.581,19.43091316,1755578451,"./main_workflow_ccbbeb2d_1_trial_index=0,batch_size=16,cgcnn_num=2,cgcnn_num2=2,embedding_size=16,lr=0.0000,softmax_beta=2068103.580_2025-08-18_18-54-31"
32,0,16,2,1,16,2.48E-07,5395.467755,19.4957634,1755729953,"./main_workflow_32c861a1_32_trial_index=0,batch_size=16,cgcnn_num=2,cgcnn_num2=1,embedding_size=16,lr=0.0000,softmax_beta=5395.4678_2025-08-20_13-47-12"
1,0,4,2,3,4,1.86E-05,2757790.391,,,"./main_workflow_d2f3c160_44_trial_index=0,batch_size=4,cgcnn_num=2,cgcnn_num2=3,embedding_size=4,lr=0.0000,softmax_beta=2757790.3907_2025-08-21_13-32-39"
10,0,4,1,1,4,8.23E-08,1639.272026,,,"./main_workflow_129b26b2_36_trial_index=0,batch_size=4,cgcnn_num=1,cgcnn_num2=1,embedding_size=4,lr=0.0000,softmax_beta=1639.2720_2025-08-20_18-45-53"
16,0,16,2,3,64,9.97E-08,7107.693847,,,"./main_workflow_93dc5c3e_40_trial_index=0,batch_size=16,cgcnn_num=2,cgcnn_num2=3,embedding_size=64,lr=0.0000,softmax_beta=7107.6938_2025-08-20_23-30-38"
17,0,4,1,2,8,2.33E-05,83963145.96,,,"./main_workflow_d09328b6_18_trial_index=0,batch_size=4,cgcnn_num=1,cgcnn_num2=2,embedding_size=8,lr=0.0000,softmax_beta=83963145.964_2025-08-19_04-51-41"
18,0,4,2,2,8,0.04922229,6992.546889,,,"./main_workflow_3e68d562_15_trial_index=0,batch_size=4,cgcnn_num=2,cgcnn_num2=2,embedding_size=8,lr=0.0492,softmax_beta=6992.5469_2025-08-19_00-40-51"
34,0,16,3,3,8,0.077505129,1061.040794,,,"./main_workflow_cd65d0aa_7_trial_index=0,batch_size=16,cgcnn_num=3,cgcnn_num2=3,embedding_size=8,lr=0.0775,softmax_beta=1061.0408_2025-08-18_18-54-34"
39,0,4,1,2,16,4.66E-07,24590.28155,,,"./main_workflow_292a2733_17_trial_index=0,batch_size=4,cgcnn_num=1,cgcnn_num2=2,embedding_size=16,lr=0.0000,softmax_beta=24590.2816_2025-08-19_03-43-04"
40,0,4,1,3,32,0.019700426,69555907.32,,,"./main_workflow_4554b4c4_48_trial_index=0,batch_size=4,cgcnn_num=1,cgcnn_num2=3,embedding_size=32,lr=0.0197,softmax_beta=69555907.32_2025-08-21_19-09-54"
41,0,4,1,2,8,0.056741548,64872303.46,,,"./main_workflow_87434056_41_trial_index=0,batch_size=4,cgcnn_num=1,cgcnn_num2=2,embedding_size=8,lr=0.0567,softmax_beta=64872303.462_2025-08-20_23-37-16"
48,0,4,2,2,16,7.67E-05,5245.251381,,,"./main_workflow_7392d5d6_16_trial_index=0,batch_size=4,cgcnn_num=2,cgcnn_num2=2,embedding_size=16,lr=0.0001,softmax_beta=5245.2514_2025-08-19_01-00-47"